"query_id","query_name","row_number","result_json"
1,"Executive Business Snapshot",1,"{""kpi"": ""Total Revenue"", ""value"": 15422461.77}"
1,"Executive Business Snapshot",2,"{""kpi"": ""Total Delivered Orders"", ""value"": 96478}"
1,"Executive Business Snapshot",3,"{""kpi"": ""Active Customers"", ""value"": 93357}"
1,"Executive Business Snapshot",4,"{""kpi"": ""Average Order Value"", ""value"": 159.86}"
1,"Executive Business Snapshot",5,"{""kpi"": ""Average Customer Lifetime Value"", ""value"": 165.20}"
1,"Executive Business Snapshot",6,"{""kpi"": ""Repeat Purchase Rate"", ""value"": 3.00}"
1,"Executive Business Snapshot",7,"{""kpi"": ""Average Delivery Time"", ""value"": 12.56}"
1,"Executive Business Snapshot",8,"{""kpi"": ""Average Review Score"", ""value"": 4.16}"
2,"Revenue and Customer Scale",1,"{""total_revenue"": 15422461.77, ""active_customers"": 93357, ""delivered_orders"": 96477, ""average_order_value"": 159.86, ""average_customer_lifetime_value"": 165.20}"
3,"Revenue Trend Summary",1,"{""month"": ""2017-01-01T00:00:00"", ""metric"": ""Strongest Growth Month"", ""revenue"": 127545.67, ""growth_percentage"": 649979.87}"
3,"Revenue Trend Summary",2,"{""month"": ""2016-12-01T00:00:00"", ""metric"": ""Weakest Growth Month"", ""revenue"": 19.62, ""growth_percentage"": -99.96}"
3,"Revenue Trend Summary",3,"{""month"": ""2017-11-01T00:00:00"", ""metric"": ""Highest Revenue Month"", ""revenue"": 1153528.05, ""growth_percentage"": 53.57}"
3,"Revenue Trend Summary",4,"{""month"": ""2016-12-01T00:00:00"", ""metric"": ""Lowest Revenue Month"", ""revenue"": 19.62, ""growth_percentage"": -99.96}"
4,"Revenue Growth Consistency",1,"{""months"": 13, ""growth_status"": ""Positive Growth"", ""percentage_of_months"": 61.90}"
4,"Revenue Growth Consistency",2,"{""months"": 8, ""growth_status"": ""Negative Growth"", ""percentage_of_months"": 38.10}"
5,"Seller Revenue Concentration",1,"{""top_10_sales"": 1993154.99, ""top_20_sales"": 3243893.84, ""top_10_percentage"": 14.19, ""top_20_percentage"": 23.10, ""total_seller_sales"": 14043670.75}"
6,"Customer Retention Health",1,"{""customers"": 90557, ""customer_type"": ""One-Time Customer"", ""percentage_of_customers"": 97.00}"
6,"Customer Retention Health",2,"{""customers"": 2801, ""customer_type"": ""Repeat Customer"", ""percentage_of_customers"": 3.00}"
7,"Customer Value Concentration",1,"{""median_clv"": 107.78, ""average_clv"": 165.20, ""third_quartile_clv"": 182.56, ""top_10_customer_revenue"": 5899278.13, ""top_10_revenue_percentage"": 38.25}"
8,"Revenue Growth vs Customer Activity",1,"{""month"": ""2016-12-01T00:00:00"", ""revenue"": 19.62, ""active_customers"": 1, ""business_pattern"": ""Revenue Down / Customers Down""}"
8,"Revenue Growth vs Customer Activity",2,"{""month"": ""2017-01-01T00:00:00"", ""revenue"": 127545.67, ""active_customers"": 718, ""business_pattern"": ""Revenue Up / Customers Up""}"
8,"Revenue Growth vs Customer Activity",3,"{""month"": ""2017-02-01T00:00:00"", ""revenue"": 271298.65, ""active_customers"": 1630, ""business_pattern"": ""Revenue Up / Customers Up""}"
8,"Revenue Growth vs Customer Activity",4,"{""month"": ""2017-03-01T00:00:00"", ""revenue"": 414369.39, ""active_customers"": 2508, ""business_pattern"": ""Revenue Up / Customers Up""}"
8,"Revenue Growth vs Customer Activity",5,"{""month"": ""2017-04-01T00:00:00"", ""revenue"": 390952.18, ""active_customers"": 2274, ""business_pattern"": ""Revenue Down / Customers Down""}"
8,"Revenue Growth vs Customer Activity",6,"{""month"": ""2017-05-01T00:00:00"", ""revenue"": 567066.73, ""active_customers"": 3479, ""business_pattern"": ""Revenue Up / Customers Up""}"
8,"Revenue Growth vs Customer Activity",7,"{""month"": ""2017-06-01T00:00:00"", ""revenue"": 490225.60, ""active_customers"": 3076, ""business_pattern"": ""Revenue Down / Customers Down""}"
8,"Revenue Growth vs Customer Activity",8,"{""month"": ""2017-07-01T00:00:00"", ""revenue"": 566403.93, ""active_customers"": 3802, ""business_pattern"": ""Revenue Up / Customers Up""}"
8,"Revenue Growth vs Customer Activity",9,"{""month"": ""2017-08-01T00:00:00"", ""revenue"": 646000.61, ""active_customers"": 4114, ""business_pattern"": ""Revenue Up / Customers Up""}"
8,"Revenue Growth vs Customer Activity",10,"{""month"": ""2017-09-01T00:00:00"", ""revenue"": 701169.99, ""active_customers"": 4083, ""business_pattern"": ""Revenue Up / Customers Down""}"
8,"Revenue Growth vs Customer Activity",11,"{""month"": ""2017-10-01T00:00:00"", ""revenue"": 751140.27, ""active_customers"": 4417, ""business_pattern"": ""Revenue Up / Customers Up""}"
8,"Revenue Growth vs Customer Activity",12,"{""month"": ""2017-11-01T00:00:00"", ""revenue"": 1153528.05, ""active_customers"": 7183, ""business_pattern"": ""Revenue Up / Customers Up""}"
8,"Revenue Growth vs Customer Activity",13,"{""month"": ""2017-12-01T00:00:00"", ""revenue"": 843199.17, ""active_customers"": 5450, ""business_pattern"": ""Revenue Down / Customers Down""}"
8,"Revenue Growth vs Customer Activity",14,"{""month"": ""2018-01-01T00:00:00"", ""revenue"": 1078606.86, ""active_customers"": 6974, ""business_pattern"": ""Revenue Up / Customers Up""}"
8,"Revenue Growth vs Customer Activity",15,"{""month"": ""2018-02-01T00:00:00"", ""revenue"": 966510.88, ""active_customers"": 6400, ""business_pattern"": ""Revenue Down / Customers Down""}"
8,"Revenue Growth vs Customer Activity",16,"{""month"": ""2018-03-01T00:00:00"", ""revenue"": 1120678.00, ""active_customers"": 6914, ""business_pattern"": ""Revenue Up / Customers Up""}"
8,"Revenue Growth vs Customer Activity",17,"{""month"": ""2018-04-01T00:00:00"", ""revenue"": 1132933.95, ""active_customers"": 6744, ""business_pattern"": ""Revenue Up / Customers Down""}"
8,"Revenue Growth vs Customer Activity",18,"{""month"": ""2018-05-01T00:00:00"", ""revenue"": 1128836.69, ""active_customers"": 6693, ""business_pattern"": ""Revenue Down / Customers Down""}"
8,"Revenue Growth vs Customer Activity",19,"{""month"": ""2018-06-01T00:00:00"", ""revenue"": 1012090.68, ""active_customers"": 6061, ""business_pattern"": ""Revenue Down / Customers Down""}"
8,"Revenue Growth vs Customer Activity",20,"{""month"": ""2018-07-01T00:00:00"", ""revenue"": 1027903.86, ""active_customers"": 6100, ""business_pattern"": ""Revenue Up / Customers Up""}"
8,"Revenue Growth vs Customer Activity",21,"{""month"": ""2018-08-01T00:00:00"", ""revenue"": 985414.28, ""active_customers"": 6310, ""business_pattern"": ""Revenue Down / Customers Up""}"
9,"Delivery Performance",1,"{""delivered_orders"": 96470, ""median_delivery_days"": 10.22, ""average_delivery_days"": 12.56, ""maximum_delivery_days"": 209.63, ""minimum_delivery_days"": 0.53, ""third_quartile_delivery_days"": 15.72}"
10,"Delivery Performance by State",1,"{""state"": ""RR"", ""delivered_orders"": 41, ""average_delivery_days"": 29.39}"
10,"Delivery Performance by State",2,"{""state"": ""AP"", ""delivered_orders"": 67, ""average_delivery_days"": 27.19}"
10,"Delivery Performance by State",3,"{""state"": ""AM"", ""delivered_orders"": 145, ""average_delivery_days"": 26.43}"
10,"Delivery Performance by State",4,"{""state"": ""AL"", ""delivered_orders"": 397, ""average_delivery_days"": 24.54}"
10,"Delivery Performance by State",5,"{""state"": ""PA"", ""delivered_orders"": 946, ""average_delivery_days"": 23.77}"
10,"Delivery Performance by State",6,"{""state"": ""MA"", ""delivered_orders"": 717, ""average_delivery_days"": 21.57}"
10,"Delivery Performance by State",7,"{""state"": ""SE"", ""delivered_orders"": 335, ""average_delivery_days"": 21.52}"
10,"Delivery Performance by State",8,"{""state"": ""CE"", ""delivered_orders"": 1279, ""average_delivery_days"": 21.27}"
10,"Delivery Performance by State",9,"{""state"": ""AC"", ""delivered_orders"": 80, ""average_delivery_days"": 21.04}"
10,"Delivery Performance by State",10,"{""state"": ""PB"", ""delivered_orders"": 517, ""average_delivery_days"": 20.43}"
10,"Delivery Performance by State",11,"{""state"": ""PI"", ""delivered_orders"": 476, ""average_delivery_days"": 19.46}"
10,"Delivery Performance by State",12,"{""state"": ""RO"", ""delivered_orders"": 243, ""average_delivery_days"": 19.37}"
10,"Delivery Performance by State",13,"{""state"": ""BA"", ""delivered_orders"": 3256, ""average_delivery_days"": 19.34}"
10,"Delivery Performance by State",14,"{""state"": ""RN"", ""delivered_orders"": 474, ""average_delivery_days"": 19.28}"
10,"Delivery Performance by State",15,"{""state"": ""PE"", ""delivered_orders"": 1593, ""average_delivery_days"": 18.45}"
10,"Delivery Performance by State",16,"{""state"": ""MT"", ""delivered_orders"": 886, ""average_delivery_days"": 18.06}"
10,"Delivery Performance by State",17,"{""state"": ""TO"", ""delivered_orders"": 274, ""average_delivery_days"": 17.66}"
10,"Delivery Performance by State",18,"{""state"": ""ES"", ""delivered_orders"": 1995, ""average_delivery_days"": 15.79}"
10,"Delivery Performance by State",19,"{""state"": ""MS"", ""delivered_orders"": 701, ""average_delivery_days"": 15.62}"
10,"Delivery Performance by State",20,"{""state"": ""GO"", ""delivered_orders"": 1957, ""average_delivery_days"": 15.61}"
10,"Delivery Performance by State",21,"{""state"": ""RJ"", ""delivered_orders"": 12350, ""average_delivery_days"": 15.31}"
10,"Delivery Performance by State",22,"{""state"": ""RS"", ""delivered_orders"": 5344, ""average_delivery_days"": 15.30}"
10,"Delivery Performance by State",23,"{""state"": ""SC"", ""delivered_orders"": 3546, ""average_delivery_days"": 14.95}"
10,"Delivery Performance by State",24,"{""state"": ""DF"", ""delivered_orders"": 2080, ""average_delivery_days"": 12.97}"
10,"Delivery Performance by State",25,"{""state"": ""MG"", ""delivered_orders"": 11354, ""average_delivery_days"": 12.01}"
10,"Delivery Performance by State",26,"{""state"": ""PR"", ""delivered_orders"": 4923, ""average_delivery_days"": 11.99}"
10,"Delivery Performance by State",27,"{""state"": ""SP"", ""delivered_orders"": 40494, ""average_delivery_days"": 8.76}"
11,"Delivery Performance vs Customer Satisfaction",1,"{""orders"": 13374, ""delivery_band"": ""Under 5 Days"", ""average_review_score"": 4.45, ""average_delivery_days"": 3.38}"
11,"Delivery Performance vs Customer Satisfaction",2,"{""orders"": 32885, ""delivery_band"": ""5-10 Days"", ""average_review_score"": 4.36, ""average_delivery_days"": 7.48}"
11,"Delivery Performance vs Customer Satisfaction",3,"{""orders"": 23470, ""delivery_band"": ""10-15 Days"", ""average_review_score"": 4.27, ""average_delivery_days"": 12.27}"
11,"Delivery Performance vs Customer Satisfaction",4,"{""orders"": 26095, ""delivery_band"": ""15+ Days"", ""average_review_score"": 3.65, ""average_delivery_days"": 23.77}"
12,"Seller Performance Distribution",1,"{""sellers"": 84, ""seller_category"": ""Elite Seller"", ""seller_percentage"": 6.79}"
12,"Seller Performance Distribution",2,"{""sellers"": 298, ""seller_category"": ""High Performer"", ""seller_percentage"": 24.07}"
12,"Seller Performance Distribution",3,"{""sellers"": 338, ""seller_category"": ""Strong Performer"", ""seller_percentage"": 27.30}"
12,"Seller Performance Distribution",4,"{""sellers"": 353, ""seller_category"": ""Average Performer"", ""seller_percentage"": 28.51}"
12,"Seller Performance Distribution",5,"{""sellers"": 165, ""seller_category"": ""Needs Improvement"", ""seller_percentage"": 13.33}"
13,"Seller Performance vs Revenue Contribution",1,"{""seller"": ""7a67c85e85bb2ce8582c35f2203ad736"", ""sales_value"": 160278.52, ""seller_category"": ""Elite Seller"", ""delivered_orders"": 1145, ""average_review_score"": 4.28, ""on_time_delivery_rate"": 94.06, ""seller_performance_score"": 95.57}"
13,"Seller Performance vs Revenue Contribution",2,"{""seller"": ""a1043bafd471dff536d0c462352beb48"", ""sales_value"": 130412.74, ""seller_category"": ""Elite Seller"", ""delivered_orders"": 702, ""average_review_score"": 4.28, ""on_time_delivery_rate"": 94.30, ""seller_performance_score"": 95.31}"
13,"Seller Performance vs Revenue Contribution",3,"{""seller"": ""7e93a43ef30c4f03f38b393420bc753a"", ""sales_value"": 171973.55, ""seller_category"": ""Elite Seller"", ""delivered_orders"": 319, ""average_review_score"": 4.36, ""on_time_delivery_rate"": 94.36, ""seller_performance_score"": 95.21}"
13,"Seller Performance vs Revenue Contribution",4,"{""seller"": ""53243585a1d6dc2643021fd1853d8905"", ""sales_value"": 230797.02, ""seller_category"": ""Elite Seller"", ""delivered_orders"": 348, ""average_review_score"": 4.19, ""on_time_delivery_rate"": 95.69, ""seller_performance_score"": 95.04}"
13,"Seller Performance vs Revenue Contribution",5,"{""seller"": ""da8622b14eb17ae2831f4ac5b9dab84a"", ""sales_value"": 184706.78, ""seller_category"": ""Elite Seller"", ""delivered_orders"": 1311, ""average_review_score"": 4.18, ""on_time_delivery_rate"": 92.37, ""seller_performance_score"": 94.99}"
13,"Seller Performance vs Revenue Contribution",6,"{""seller"": ""fa1c13f2614d7b5c4749cbc52fecda94"", ""sales_value"": 200833.50, ""seller_category"": ""Elite Seller"", ""delivered_orders"": 578, ""average_review_score"": 4.37, ""on_time_delivery_rate"": 89.79, ""seller_performance_score"": 94.97}"
13,"Seller Performance vs Revenue Contribution",7,"{""seller"": ""46dc3b2cc0980fb8ec44634e21d2718e"", ""sales_value"": 134162.88, ""seller_category"": ""Elite Seller"", ""delivered_orders"": 503, ""average_review_score"": 4.27, ""on_time_delivery_rate"": 93.44, ""seller_performance_score"": 94.96}"
13,"Seller Performance vs Revenue Contribution",8,"{""seller"": ""f8db351d8c4c4c22c6835c19a46f01b0"", ""sales_value"": 62487.02, ""seller_category"": ""Elite Seller"", ""delivered_orders"": 659, ""average_review_score"": 4.26, ""on_time_delivery_rate"": 94.84, ""seller_performance_score"": 94.96}"
13,"Seller Performance vs Revenue Contribution",9,"{""seller"": ""cc419e0650a3c5ba77189a1882b7556a"", ""sales_value"": 125936.99, ""seller_category"": ""Elite Seller"", ""delivered_orders"": 1651, ""average_review_score"": 4.16, ""on_time_delivery_rate"": 93.88, ""seller_performance_score"": 94.93}"
13,"Seller Performance vs Revenue Contribution",10,"{""seller"": ""955fee9216a65b617aa5c0531780ce60"", ""sales_value"": 156606.48, ""seller_category"": ""Elite Seller"", ""delivered_orders"": 1261, ""average_review_score"": 4.20, ""on_time_delivery_rate"": 92.23, ""seller_performance_score"": 94.90}"
13,"Seller Performance vs Revenue Contribution",11,"{""seller"": ""3d871de0142ce09b7081e2b9d1733cb1"", ""sales_value"": 115515.65, ""seller_category"": ""Elite Seller"", ""delivered_orders"": 1064, ""average_review_score"": 4.19, ""on_time_delivery_rate"": 94.08, ""seller_performance_score"": 94.89}"
13,"Seller Performance vs Revenue Contribution",12,"{""seller"": ""c3cfdc648177fdbbbb35635a37472c53"", ""sales_value"": 49127.81, ""seller_category"": ""Elite Seller"", ""delivered_orders"": 278, ""average_review_score"": 4.47, ""on_time_delivery_rate"": 97.48, ""seller_performance_score"": 94.85}"
13,"Seller Performance vs Revenue Contribution",13,"{""seller"": ""de722cd6dad950a92b7d4f82673f8833"", ""sales_value"": 64776.59, ""seller_category"": ""Elite Seller"", ""delivered_orders"": 337, ""average_review_score"": 4.30, ""on_time_delivery_rate"": 95.55, ""seller_performance_score"": 94.79}"
13,"Seller Performance vs Revenue Contribution",14,"{""seller"": ""37be5a7c751166fbc5f8ccba4119e043"", ""sales_value"": 60756.76, ""seller_category"": ""Elite Seller"", ""delivered_orders"": 269, ""average_review_score"": 4.31, ""on_time_delivery_rate"": 97.40, ""seller_performance_score"": 94.65}"
13,"Seller Performance vs Revenue Contribution",15,"{""seller"": ""620c87c171fb2a6dd6e8bb4dec959fc6"", ""sales_value"": 126278.18, ""seller_category"": ""Elite Seller"", ""delivered_orders"": 722, ""average_review_score"": 4.31, ""on_time_delivery_rate"": 90.03, ""seller_performance_score"": 94.57}"
13,"Seller Performance vs Revenue Contribution",16,"{""seller"": ""6560211a19b47992c3666cc44a7e94c0"", ""sales_value"": 148050.94, ""seller_category"": ""Elite Seller"", ""delivered_orders"": 1819, ""average_review_score"": 3.98, ""on_time_delivery_rate"": 93.57, ""seller_performance_score"": 94.35}"
13,"Seller Performance vs Revenue Contribution",17,"{""seller"": ""dbc22125167c298ef99da25668e1011f"", ""sales_value"": 40616.55, ""seller_category"": ""Elite Seller"", ""delivered_orders"": 394, ""average_review_score"": 4.32, ""on_time_delivery_rate"": 97.46, ""seller_performance_score"": 94.28}"
13,"Seller Performance vs Revenue Contribution",18,"{""seller"": ""4869f7a5dfa277a7dca6462dcf3b52b2"", ""sales_value"": 247007.06, ""seller_category"": ""Elite Seller"", ""delivered_orders"": 1124, ""average_review_score"": 4.15, ""on_time_delivery_rate"": 88.43, ""seller_performance_score"": 94.13}"
13,"Seller Performance vs Revenue Contribution",19,"{""seller"": ""7299e27ed73d2ad986de7f7c77d919fa"", ""sales_value"": 40911.93, ""seller_category"": ""Elite Seller"", ""delivered_orders"": 335, ""average_review_score"": 4.43, ""on_time_delivery_rate"": 95.22, ""seller_performance_score"": 94.08}"
13,"Seller Performance vs Revenue Contribution",20,"{""seller"": ""1f50f920176fa81dab994f9023523100"", ""sales_value"": 141712.94, ""seller_category"": ""Elite Seller"", ""delivered_orders"": 1399, ""average_review_score"": 4.14, ""on_time_delivery_rate"": 89.42, ""seller_performance_score"": 94.06}"
13,"Seller Performance vs Revenue Contribution",21,"{""seller"": ""e9779976487b77c6d4ac45f75ec7afe9"", ""sales_value"": 52211.30, ""seller_category"": ""Elite Seller"", ""delivered_orders"": 645, ""average_review_score"": 4.26, ""on_time_delivery_rate"": 92.71, ""seller_performance_score"": 94.03}"
13,"Seller Performance vs Revenue Contribution",22,"{""seller"": ""fe2032dab1a61af8794248c8196565c9"", ""sales_value"": 70400.60, ""seller_category"": ""Elite Seller"", ""delivered_orders"": 293, ""average_review_score"": 4.39, ""on_time_delivery_rate"": 91.13, ""seller_performance_score"": 93.96}"
13,"Seller Performance vs Revenue Contribution",23,"{""seller"": ""4d6d651bd7684af3fffabd5f08d12e5a"", ""sales_value"": 50785.76, ""seller_category"": ""Elite Seller"", ""delivered_orders"": 363, ""average_review_score"": 4.23, ""on_time_delivery_rate"": 95.32, ""seller_performance_score"": 93.93}"
13,"Seller Performance vs Revenue Contribution",24,"{""seller"": ""8581055ce74af1daba164fdbd55a40de"", ""sales_value"": 73473.98, ""seller_category"": ""Elite Seller"", ""delivered_orders"": 380, ""average_review_score"": 4.31, ""on_time_delivery_rate"": 89.74, ""seller_performance_score"": 93.81}"
13,"Seller Performance vs Revenue Contribution",25,"{""seller"": ""1025f0e2d44d7041d6cf58b6550e0bfa"", ""sales_value"": 171924.96, ""seller_category"": ""Elite Seller"", ""delivered_orders"": 910, ""average_review_score"": 4.01, ""on_time_delivery_rate"": 89.89, ""seller_performance_score"": 93.57}"
13,"Seller Performance vs Revenue Contribution",26,"{""seller"": ""edb1ef5e36e0c8cd84eb3c9b003e486d"", ""sales_value"": 83031.14, ""seller_category"": ""Elite Seller"", ""delivered_orders"": 165, ""average_review_score"": 4.44, ""on_time_delivery_rate"": 92.12, ""seller_performance_score"": 93.49}"
13,"Seller Performance vs Revenue Contribution",27,"{""seller"": ""87142160b41353c4e5fca2360caf6f92"", ""sales_value"": 38314.31, ""seller_category"": ""Elite Seller"", ""delivered_orders"": 305, ""average_review_score"": 4.41, ""on_time_delivery_rate"": 94.43, ""seller_performance_score"": 93.47}"
13,"Seller Performance vs Revenue Contribution",28,"{""seller"": ""cca3071e3e9bb7d12640c9fbe2301306"", ""sales_value"": 77188.55, ""seller_category"": ""Elite Seller"", ""delivered_orders"": 699, ""average_review_score"": 3.88, ""on_time_delivery_rate"": 94.13, ""seller_performance_score"": 93.47}"
13,"Seller Performance vs Revenue Contribution",29,"{""seller"": ""d91fb3b7d041e83b64a00a3edfb37e4f"", ""sales_value"": 48984.45, ""seller_category"": ""Elite Seller"", ""delivered_orders"": 524, ""average_review_score"": 4.14, ""on_time_delivery_rate"": 93.70, ""seller_performance_score"": 93.47}"
13,"Seller Performance vs Revenue Contribution",30,"{""seller"": ""5dceca129747e92ff8ef7a997dc4f8ca"", ""sales_value"": 124702.92, ""seller_category"": ""Elite Seller"", ""delivered_orders"": 322, ""average_review_score"": 4.01, ""on_time_delivery_rate"": 93.79, ""seller_performance_score"": 93.43}"
13,"Seller Performance vs Revenue Contribution",31,"{""seller"": ""218d46b86c1881d022bce9c68a7d4b15"", ""sales_value"": 61162.94, ""seller_category"": ""Elite Seller"", ""delivered_orders"": 382, ""average_review_score"": 4.19, ""on_time_delivery_rate"": 90.58, ""seller_performance_score"": 93.30}"
13,"Seller Performance vs Revenue Contribution",32,"{""seller"": ""ccc4bbb5f32a6ab2b7066a4130f114e3"", ""sales_value"": 78101.34, ""seller_category"": ""Elite Seller"", ""delivered_orders"": 184, ""average_review_score"": 4.32, ""on_time_delivery_rate"": 92.39, ""seller_performance_score"": 93.24}"
13,"Seller Performance vs Revenue Contribution",33,"{""seller"": ""9f505651f4a6abe901a56cdc21508025"", ""sales_value"": 31862.59, ""seller_category"": ""Elite Seller"", ""delivered_orders"": 393, ""average_review_score"": 4.37, ""on_time_delivery_rate"": 94.91, ""seller_performance_score"": 93.23}"
13,"Seller Performance vs Revenue Contribution",34,"{""seller"": ""4a3ca9315b744ce9f8e9374361493884"", ""sales_value"": 231220.43, ""seller_category"": ""Elite Seller"", ""delivered_orders"": 1772, ""average_review_score"": 3.85, ""on_time_delivery_rate"": 89.00, ""seller_performance_score"": 93.13}"
13,"Seller Performance vs Revenue Contribution",35,"{""seller"": ""b2ba3715d723d245138f291a6fe42594"", ""sales_value"": 55596.65, ""seller_category"": ""Elite Seller"", ""delivered_orders"": 324, ""average_review_score"": 4.20, ""on_time_delivery_rate"": 91.05, ""seller_performance_score"": 93.09}"
13,"Seller Performance vs Revenue Contribution",36,"{""seller"": ""17e34d8224d27a541263c4c64b11a56b"", ""sales_value"": 59530.49, ""seller_category"": ""Elite Seller"", ""delivered_orders"": 247, ""average_review_score"": 4.25, ""on_time_delivery_rate"": 91.50, ""seller_performance_score"": 93.06}"
13,"Seller Performance vs Revenue Contribution",37,"{""seller"": ""53e4c6e0f4312d4d2107a8c9cddf45cd"", ""sales_value"": 39283.93, ""seller_category"": ""Elite Seller"", ""delivered_orders"": 463, ""average_review_score"": 4.14, ""on_time_delivery_rate"": 94.60, ""seller_performance_score"": 92.99}"
13,"Seller Performance vs Revenue Contribution",38,"{""seller"": ""7d13fca15225358621be4086e1eb0964"", ""sales_value"": 120934.47, ""seller_category"": ""Elite Seller"", ""delivered_orders"": 558, ""average_review_score"": 4.04, ""on_time_delivery_rate"": 87.81, ""seller_performance_score"": 92.86}"
13,"Seller Performance vs Revenue Contribution",39,"{""seller"": ""ceaec5548eefc6e23e6607c5435102e7"", ""sales_value"": 57653.73, ""seller_category"": ""Elite Seller"", ""delivered_orders"": 198, ""average_review_score"": 4.20, ""on_time_delivery_rate"": 93.94, ""seller_performance_score"": 92.84}"
13,"Seller Performance vs Revenue Contribution",40,"{""seller"": ""ea8482cd71df3c1969d7b9473ff13abc"", ""sales_value"": 53988.63, ""seller_category"": ""Elite Seller"", ""delivered_orders"": 1132, ""average_review_score"": 4.03, ""on_time_delivery_rate"": 89.58, ""seller_performance_score"": 92.78}"
13,"Seller Performance vs Revenue Contribution",41,"{""seller"": ""0241d4d5d36f10f80c644447315af0bd"", ""sales_value"": 38251.61, ""seller_category"": ""Elite Seller"", ""delivered_orders"": 238, ""average_review_score"": 4.33, ""on_time_delivery_rate"": 94.12, ""seller_performance_score"": 92.75}"
13,"Seller Performance vs Revenue Contribution",42,"{""seller"": ""a3a38f4affed601eb87a97788c949667"", ""sales_value"": 31479.28, ""seller_category"": ""Elite Seller"", ""delivered_orders"": 251, ""average_review_score"": 4.40, ""on_time_delivery_rate"": 95.22, ""seller_performance_score"": 92.75}"
13,"Seller Performance vs Revenue Contribution",43,"{""seller"": ""7ddcbb64b5bc1ef36ca8c151f6ec77df"", ""sales_value"": 62202.75, ""seller_category"": ""Elite Seller"", ""delivered_orders"": 325, ""average_review_score"": 4.02, ""on_time_delivery_rate"": 91.38, ""seller_performance_score"": 92.72}"
13,"Seller Performance vs Revenue Contribution",44,"{""seller"": ""c70c1b0d8ca86052f45a432a38b73958"", ""sales_value"": 40190.56, ""seller_category"": ""Elite Seller"", ""delivered_orders"": 260, ""average_review_score"": 4.37, ""on_time_delivery_rate"": 91.54, ""seller_performance_score"": 92.65}"
13,"Seller Performance vs Revenue Contribution",45,"{""seller"": ""850f4f8af5ea87287ac68de36e29107f"", ""sales_value"": 48382.72, ""seller_category"": ""Elite Seller"", ""delivered_orders"": 186, ""average_review_score"": 4.30, ""on_time_delivery_rate"": 93.55, ""seller_performance_score"": 92.53}"
13,"Seller Performance vs Revenue Contribution",46,"{""seller"": ""c826c40d7b19f62a09e2d7c5e7295ee2"", ""sales_value"": 50096.67, ""seller_category"": ""Elite Seller"", ""delivered_orders"": 346, ""average_review_score"": 4.13, ""on_time_delivery_rate"": 90.46, ""seller_performance_score"": 92.50}"
13,"Seller Performance vs Revenue Contribution",47,"{""seller"": ""1554a68530182680ad5c8b042c3ab563"", ""sales_value"": 35714.56, ""seller_category"": ""Elite Seller"", ""delivered_orders"": 246, ""average_review_score"": 4.34, ""on_time_delivery_rate"": 93.09, ""seller_performance_score"": 92.40}"
13,"Seller Performance vs Revenue Contribution",48,"{""seller"": ""391fc6631aebcf3004804e51b40bcf1e"", ""sales_value"": 49559.14, ""seller_category"": ""Elite Seller"", ""delivered_orders"": 521, ""average_review_score"": 4.04, ""on_time_delivery_rate"": 89.64, ""seller_performance_score"": 92.31}"
13,"Seller Performance vs Revenue Contribution",49,"{""seller"": ""85d9eb9ddc5d00ca9336a2219c97bb13"", ""sales_value"": 23539.91, ""seller_category"": ""Elite Seller"", ""delivered_orders"": 499, ""average_review_score"": 4.23, ""on_time_delivery_rate"": 96.39, ""seller_performance_score"": 92.26}"
13,"Seller Performance vs Revenue Contribution",50,"{""seller"": ""77530e9772f57a62c906e1c21538ab82"", ""sales_value"": 53951.31, ""seller_category"": ""Elite Seller"", ""delivered_orders"": 312, ""average_review_score"": 4.15, ""on_time_delivery_rate"": 88.46, ""seller_performance_score"": 92.14}"
13,"Seller Performance vs Revenue Contribution",51,"{""seller"": ""12b9676b00f60f3b700e83af21824c0e"", ""sales_value"": 29901.67, ""seller_category"": ""Elite Seller"", ""delivered_orders"": 133, ""average_review_score"": 4.53, ""on_time_delivery_rate"": 98.50, ""seller_performance_score"": 92.05}"
13,"Seller Performance vs Revenue Contribution",52,"{""seller"": ""4e922959ae960d389249c378d1c939f5"", ""sales_value"": 52485.60, ""seller_category"": ""Elite Seller"", ""delivered_orders"": 412, ""average_review_score"": 3.96, ""on_time_delivery_rate"": 89.32, ""seller_performance_score"": 91.96}"
13,"Seller Performance vs Revenue Contribution",53,"{""seller"": ""c003204e1ab016dfa150abc119207b24"", ""sales_value"": 29618.46, ""seller_category"": ""Elite Seller"", ""delivered_orders"": 195, ""average_review_score"": 4.47, ""on_time_delivery_rate"": 93.33, ""seller_performance_score"": 91.92}"
13,"Seller Performance vs Revenue Contribution",54,"{""seller"": ""7142540dd4c91e2237acb7e911c4eba2"", ""sales_value"": 44025.68, ""seller_category"": ""Elite Seller"", ""delivered_orders"": 316, ""average_review_score"": 4.05, ""on_time_delivery_rate"": 91.77, ""seller_performance_score"": 91.88}"
13,"Seller Performance vs Revenue Contribution",55,"{""seller"": ""7178f9f4dd81dcef02f62acdf8151e01"", ""sales_value"": 41180.44, ""seller_category"": ""Elite Seller"", ""delivered_orders"": 202, ""average_review_score"": 4.06, ""on_time_delivery_rate"": 95.05, ""seller_performance_score"": 91.76}"
13,"Seller Performance vs Revenue Contribution",56,"{""seller"": ""7c67e1448b00f6e969d365cea6b010ab"", ""sales_value"": 237806.69, ""seller_category"": ""Elite Seller"", ""delivered_orders"": 973, ""average_review_score"": 3.50, ""on_time_delivery_rate"": 89.93, ""seller_performance_score"": 91.75}"
13,"Seller Performance vs Revenue Contribution",57,"{""seller"": ""f7ba60f8c3f99e7ee4042fdef03b70c4"", ""sales_value"": 72387.94, ""seller_category"": ""Elite Seller"", ""delivered_orders"": 218, ""average_review_score"": 4.23, ""on_time_delivery_rate"": 84.40, ""seller_performance_score"": 91.66}"
13,"Seller Performance vs Revenue Contribution",58,"{""seller"": ""fa40cc5b934574b62717c68f3d678b6d"", ""sales_value"": 20383.01, ""seller_category"": ""Elite Seller"", ""delivered_orders"": 304, ""average_review_score"": 4.47, ""on_time_delivery_rate"": 93.75, ""seller_performance_score"": 91.65}"
13,"Seller Performance vs Revenue Contribution",59,"{""seller"": ""8b321bb669392f5163d04c59e235e066"", ""sales_value"": 31186.94, ""seller_category"": ""Elite Seller"", ""delivered_orders"": 930, ""average_review_score"": 4.10, ""on_time_delivery_rate"": 89.57, ""seller_performance_score"": 91.48}"
13,"Seller Performance vs Revenue Contribution",60,"{""seller"": ""128639473a139ac0f3e5f5ade55873a5"", ""sales_value"": 21475.54, ""seller_category"": ""Elite Seller"", ""delivered_orders"": 527, ""average_review_score"": 4.21, ""on_time_delivery_rate"": 93.74, ""seller_performance_score"": 91.40}"
13,"Seller Performance vs Revenue Contribution",61,"{""seller"": ""634964b17796e64304cadf1ad3050fb7"", ""sales_value"": 45014.10, ""seller_category"": ""Elite Seller"", ""delivered_orders"": 265, ""average_review_score"": 4.06, ""on_time_delivery_rate"": 89.81, ""seller_performance_score"": 91.36}"
13,"Seller Performance vs Revenue Contribution",62,"{""seller"": ""16090f2ca825584b5a147ab24aa30c86"", ""sales_value"": 30984.02, ""seller_category"": ""Elite Seller"", ""delivered_orders"": 398, ""average_review_score"": 4.09, ""on_time_delivery_rate"": 89.20, ""seller_performance_score"": 90.90}"
13,"Seller Performance vs Revenue Contribution",63,"{""seller"": ""0b90b6df587eb83608a64ea8b390cf07"", ""sales_value"": 32090.94, ""seller_category"": ""Elite Seller"", ""delivered_orders"": 163, ""average_review_score"": 4.05, ""on_time_delivery_rate"": 96.32, ""seller_performance_score"": 90.76}"
13,"Seller Performance vs Revenue Contribution",64,"{""seller"": ""d2374cbcbb3ca4ab1086534108cc3ab7"", ""sales_value"": 30370.23, ""seller_category"": ""Elite Seller"", ""delivered_orders"": 514, ""average_review_score"": 3.77, ""on_time_delivery_rate"": 94.16, ""seller_performance_score"": 90.72}"
13,"Seller Performance vs Revenue Contribution",65,"{""seller"": ""17a053fcb14bd219540cbde0df490be0"", ""sales_value"": 49114.41, ""seller_category"": ""Elite Seller"", ""delivered_orders"": 124, ""average_review_score"": 4.26, ""on_time_delivery_rate"": 91.94, ""seller_performance_score"": 90.71}"
13,"Seller Performance vs Revenue Contribution",66,"{""seller"": ""8160255418d5aaa7dbdc9f4c64ebda44"", ""sales_value"": 54095.68, ""seller_category"": ""Elite Seller"", ""delivered_orders"": 380, ""average_review_score"": 3.96, ""on_time_delivery_rate"": 83.42, ""seller_performance_score"": 90.71}"
13,"Seller Performance vs Revenue Contribution",67,"{""seller"": ""001cca7ae9ae17fb1caed9dfb1094831"", ""sales_value"": 33142.90, ""seller_category"": ""Elite Seller"", ""delivered_orders"": 195, ""average_review_score"": 4.06, ""on_time_delivery_rate"": 93.33, ""seller_performance_score"": 90.70}"
13,"Seller Performance vs Revenue Contribution",68,"{""seller"": ""c3867b4666c7d76867627c2f7fb22e21"", ""sales_value"": 39360.20, ""seller_category"": ""Elite Seller"", ""delivered_orders"": 228, ""average_review_score"": 4.09, ""on_time_delivery_rate"": 88.16, ""seller_performance_score"": 90.64}"
13,"Seller Performance vs Revenue Contribution",69,"{""seller"": ""522620dcb18a6b31cd7bdf73665113a9"", ""sales_value"": 61273.66, ""seller_category"": ""Elite Seller"", ""delivered_orders"": 172, ""average_review_score"": 3.91, ""on_time_delivery_rate"": 89.53, ""seller_performance_score"": 90.63}"
13,"Seller Performance vs Revenue Contribution",70,"{""seller"": ""1a3df491d1c4f1589fc2b934ada68bf2"", ""sales_value"": 26550.63, ""seller_category"": ""Elite Seller"", ""delivered_orders"": 160, ""average_review_score"": 4.27, ""on_time_delivery_rate"": 94.38, ""seller_performance_score"": 90.56}"
13,"Seller Performance vs Revenue Contribution",71,"{""seller"": ""25c5c91f63607446a97b143d2d535d31"", ""sales_value"": 61154.70, ""seller_category"": ""Elite Seller"", ""delivered_orders"": 156, ""average_review_score"": 3.81, ""on_time_delivery_rate"": 92.95, ""seller_performance_score"": 90.49}"
13,"Seller Performance vs Revenue Contribution",72,"{""seller"": ""e9bc59e7b60fc3063eb2290deda4cced"", ""sales_value"": 38082.42, ""seller_category"": ""Elite Seller"", ""delivered_orders"": 209, ""average_review_score"": 4.08, ""on_time_delivery_rate"": 89.00, ""seller_performance_score"": 90.44}"
13,"Seller Performance vs Revenue Contribution",73,"{""seller"": ""2528513dd95219a6013d4d05176e391a"", ""sales_value"": 36400.97, ""seller_category"": ""Elite Seller"", ""delivered_orders"": 160, ""average_review_score"": 3.97, ""on_time_delivery_rate"": 95.00, ""seller_performance_score"": 90.41}"
13,"Seller Performance vs Revenue Contribution",74,"{""seller"": ""1900267e848ceeba8fa32d80c1a5f5a8"", ""sales_value"": 32679.54, ""seller_category"": ""Elite Seller"", ""delivered_orders"": 406, ""average_review_score"": 3.87, ""on_time_delivery_rate"": 89.66, ""seller_performance_score"": 90.37}"
13,"Seller Performance vs Revenue Contribution",75,"{""seller"": ""612170e34b97004b3ba37eae81836b4c"", ""sales_value"": 25372.08, ""seller_category"": ""Elite Seller"", ""delivered_orders"": 107, ""average_review_score"": 4.43, ""on_time_delivery_rate"": 98.13, ""seller_performance_score"": 90.28}"
13,"Seller Performance vs Revenue Contribution",76,"{""seller"": ""f5a590cf36251cf1162ea35bef76fe84"", ""sales_value"": 55366.96, ""seller_category"": ""Elite Seller"", ""delivered_orders"": 113, ""average_review_score"": 4.27, ""on_time_delivery_rate"": 89.38, ""seller_performance_score"": 90.25}"
13,"Seller Performance vs Revenue Contribution",77,"{""seller"": ""4b9750c8ad28220fe6702d4ecb7c898f"", ""sales_value"": 19173.85, ""seller_category"": ""Elite Seller"", ""delivered_orders"": 217, ""average_review_score"": 4.36, ""on_time_delivery_rate"": 92.17, ""seller_performance_score"": 90.15}"
13,"Seller Performance vs Revenue Contribution",78,"{""seller"": ""eeb6de78f79159600292e314a77cbd18"", ""sales_value"": 46506.89, ""seller_category"": ""Elite Seller"", ""delivered_orders"": 82, ""average_review_score"": 4.44, ""on_time_delivery_rate"": 96.34, ""seller_performance_score"": 90.13}"
13,"Seller Performance vs Revenue Contribution",79,"{""seller"": ""86ccac0b835037332a596a33b6949ee1"", ""sales_value"": 19799.95, ""seller_category"": ""Elite Seller"", ""delivered_orders"": 178, ""average_review_score"": 4.23, ""on_time_delivery_rate"": 96.63, ""seller_performance_score"": 90.11}"
13,"Seller Performance vs Revenue Contribution",80,"{""seller"": ""b33e7c55446eabf8fe1a42d037ac7d6d"", ""sales_value"": 46871.55, ""seller_category"": ""Elite Seller"", ""delivered_orders"": 149, ""average_review_score"": 4.20, ""on_time_delivery_rate"": 87.25, ""seller_performance_score"": 90.10}"
13,"Seller Performance vs Revenue Contribution",81,"{""seller"": ""de23c3b98a88888289c6f5cc1209054a"", ""sales_value"": 28579.86, ""seller_category"": ""Elite Seller"", ""delivered_orders"": 161, ""average_review_score"": 4.29, ""on_time_delivery_rate"": 90.06, ""seller_performance_score"": 90.04}"
13,"Seller Performance vs Revenue Contribution",82,"{""seller"": ""0ea22c1cfbdc755f86b9b54b39c16043"", ""sales_value"": 14824.08, ""seller_category"": ""Elite Seller"", ""delivered_orders"": 234, ""average_review_score"": 4.41, ""on_time_delivery_rate"": 98.29, ""seller_performance_score"": 90.02}"
13,"Seller Performance vs Revenue Contribution",83,"{""seller"": ""1835b56ce799e6a4dc4eddc053f04066"", ""sales_value"": 41628.28, ""seller_category"": ""High Performer"", ""delivered_orders"": 417, ""average_review_score"": 3.67, ""on_time_delivery_rate"": 88.25, ""seller_performance_score"": 89.99}"
13,"Seller Performance vs Revenue Contribution",84,"{""seller"": ""54a1852d1b8f10312c55e906355666ee"", ""sales_value"": 20418.03, ""seller_category"": ""High Performer"", ""delivered_orders"": 198, ""average_review_score"": 4.36, ""on_time_delivery_rate"": 90.40, ""seller_performance_score"": 89.88}"
13,"Seller Performance vs Revenue Contribution",85,"{""seller"": ""2a84855fd20af891be03bc5924d2b453"", ""sales_value"": 18265.72, ""seller_category"": ""High Performer"", ""delivered_orders"": 155, ""average_review_score"": 4.38, ""on_time_delivery_rate"": 96.77, ""seller_performance_score"": 89.86}"
13,"Seller Performance vs Revenue Contribution",86,"{""seller"": ""70eea00b476a314817cefde4aad4f89a"", ""sales_value"": 34149.66, ""seller_category"": ""High Performer"", ""delivered_orders"": 106, ""average_review_score"": 4.42, ""on_time_delivery_rate"": 92.45, ""seller_performance_score"": 89.83}"
13,"Seller Performance vs Revenue Contribution",87,"{""seller"": ""70a12e78e608ac31179aea7f8422044b"", ""sales_value"": 35487.25, ""seller_category"": ""High Performer"", ""delivered_orders"": 312, ""average_review_score"": 3.81, ""on_time_delivery_rate"": 89.10, ""seller_performance_score"": 89.78}"
13,"Seller Performance vs Revenue Contribution",88,"{""seller"": ""5cf13accae3222c70a9cac40818ae839"", ""sales_value"": 17296.18, ""seller_category"": ""High Performer"", ""delivered_orders"": 148, ""average_review_score"": 4.48, ""on_time_delivery_rate"": 96.62, ""seller_performance_score"": 89.75}"
13,"Seller Performance vs Revenue Contribution",89,"{""seller"": ""9c0e69c7bf2619675bbadf47b43f655a"", ""sales_value"": 35543.82, ""seller_category"": ""High Performer"", ""delivered_orders"": 151, ""average_review_score"": 4.14, ""on_time_delivery_rate"": 89.40, ""seller_performance_score"": 89.65}"
13,"Seller Performance vs Revenue Contribution",90,"{""seller"": ""e882b2a25a10b9c057cc49695f222c19"", ""sales_value"": 53913.76, ""seller_category"": ""High Performer"", ""delivered_orders"": 57, ""average_review_score"": 4.59, ""on_time_delivery_rate"": 100.00, ""seller_performance_score"": 89.57}"
13,"Seller Performance vs Revenue Contribution",91,"{""seller"": ""855668e0971d4dfd7bef1b6a4133b41b"", ""sales_value"": 38408.56, ""seller_category"": ""High Performer"", ""delivered_orders"": 300, ""average_review_score"": 3.86, ""on_time_delivery_rate"": 86.00, ""seller_performance_score"": 89.56}"
13,"Seller Performance vs Revenue Contribution",92,"{""seller"": ""2138ccb85b11a4ec1e37afbd1c8eda1f"", ""sales_value"": 17991.89, ""seller_category"": ""High Performer"", ""delivered_orders"": 388, ""average_review_score"": 3.96, ""on_time_delivery_rate"": 94.59, ""seller_performance_score"": 89.54}"
13,"Seller Performance vs Revenue Contribution",93,"{""seller"": ""dc4a0fc896dc34b0d5bfec8438291c80"", ""sales_value"": 28148.06, ""seller_category"": ""High Performer"", ""delivered_orders"": 225, ""average_review_score"": 3.80, ""on_time_delivery_rate"": 93.33, ""seller_performance_score"": 89.50}"
13,"Seller Performance vs Revenue Contribution",94,"{""seller"": ""d1c281d3ae149232351cd8c8cc885f0d"", ""sales_value"": 32213.68, ""seller_category"": ""High Performer"", ""delivered_orders"": 214, ""average_review_score"": 3.82, ""on_time_delivery_rate"": 91.12, ""seller_performance_score"": 89.49}"
13,"Seller Performance vs Revenue Contribution",95,"{""seller"": ""41b39e28db005d9731d9d485a83b4c38"", ""sales_value"": 20064.52, ""seller_category"": ""High Performer"", ""delivered_orders"": 187, ""average_review_score"": 4.17, ""on_time_delivery_rate"": 93.58, ""seller_performance_score"": 89.49}"
13,"Seller Performance vs Revenue Contribution",96,"{""seller"": ""6edacfd9f9074789dad6d62ba7950b9c"", ""sales_value"": 15872.28, ""seller_category"": ""High Performer"", ""delivered_orders"": 205, ""average_review_score"": 4.38, ""on_time_delivery_rate"": 94.15, ""seller_performance_score"": 89.46}"
13,"Seller Performance vs Revenue Contribution",97,"{""seller"": ""0c8380b62e38e8a1e6adbeba7eb9688c"", ""sales_value"": 21300.74, ""seller_category"": ""High Performer"", ""delivered_orders"": 180, ""average_review_score"": 4.08, ""on_time_delivery_rate"": 94.44, ""seller_performance_score"": 89.42}"
13,"Seller Performance vs Revenue Contribution",98,"{""seller"": ""5c243662ce92d84573bfaff24c3e3700"", ""sales_value"": 34637.66, ""seller_category"": ""High Performer"", ""delivered_orders"": 98, ""average_review_score"": 4.14, ""on_time_delivery_rate"": 96.94, ""seller_performance_score"": 89.40}"
13,"Seller Performance vs Revenue Contribution",99,"{""seller"": ""76d5af76d0271110f9af36c92573f765"", ""sales_value"": 35731.66, ""seller_category"": ""High Performer"", ""delivered_orders"": 128, ""average_review_score"": 4.13, ""on_time_delivery_rate"": 90.63, ""seller_performance_score"": 89.31}"
13,"Seller Performance vs Revenue Contribution",100,"{""seller"": ""06a2c3af7b3aee5d69171b0e14f0ee87"", ""sales_value"": 48169.50, ""seller_category"": ""High Performer"", ""delivered_orders"": 389, ""average_review_score"": 4.02, ""on_time_delivery_rate"": 76.86, ""seller_performance_score"": 89.30}"
13,"Seller Performance vs Revenue Contribution",101,"{""seller"": ""f45122a9ab94eb4f3f8953578bc0c560"", ""sales_value"": 25043.87, ""seller_category"": ""High Performer"", ""delivered_orders"": 184, ""average_review_score"": 3.97, ""on_time_delivery_rate"": 92.39, ""seller_performance_score"": 89.24}"
13,"Seller Performance vs Revenue Contribution",102,"{""seller"": ""1c68394e931a64f90ea236c5ea590300"", ""sales_value"": 27729.16, ""seller_category"": ""High Performer"", ""delivered_orders"": 142, ""average_review_score"": 3.92, ""on_time_delivery_rate"": 96.48, ""seller_performance_score"": 89.21}"
13,"Seller Performance vs Revenue Contribution",103,"{""seller"": ""66922902710d126a0e7d26b0e3805106"", ""sales_value"": 17464.93, ""seller_category"": ""High Performer"", ""delivered_orders"": 150, ""average_review_score"": 4.50, ""on_time_delivery_rate"": 92.67, ""seller_performance_score"": 89.21}"
13,"Seller Performance vs Revenue Contribution",104,"{""seller"": ""744dac408745240a2c2528fb1b6028f3"", ""sales_value"": 24200.40, ""seller_category"": ""High Performer"", ""delivered_orders"": 78, ""average_review_score"": 4.58, ""on_time_delivery_rate"": 98.72, ""seller_performance_score"": 89.17}"
13,"Seller Performance vs Revenue Contribution",105,"{""seller"": ""1e8b33f18b4f7598d87f5cbee2282cc2"", ""sales_value"": 19924.07, ""seller_category"": ""High Performer"", ""delivered_orders"": 122, ""average_review_score"": 4.40, ""on_time_delivery_rate"": 95.08, ""seller_performance_score"": 89.09}"
13,"Seller Performance vs Revenue Contribution",106,"{""seller"": ""00ee68308b45bc5e2660cd833c3f81cc"", ""sales_value"": 23440.66, ""seller_category"": ""High Performer"", ""delivered_orders"": 135, ""average_review_score"": 4.30, ""on_time_delivery_rate"": 91.11, ""seller_performance_score"": 89.03}"
13,"Seller Performance vs Revenue Contribution",107,"{""seller"": ""a416b6a846a11724393025641d4edd5e"", ""sales_value"": 27865.80, ""seller_category"": ""High Performer"", ""delivered_orders"": 157, ""average_review_score"": 4.22, ""on_time_delivery_rate"": 87.26, ""seller_performance_score"": 88.97}"
13,"Seller Performance vs Revenue Contribution",108,"{""seller"": ""59fb871bf6f4522a87ba567b42dafecf"", ""sales_value"": 23192.18, ""seller_category"": ""High Performer"", ""delivered_orders"": 123, ""average_review_score"": 4.28, ""on_time_delivery_rate"": 93.50, ""seller_performance_score"": 88.92}"
13,"Seller Performance vs Revenue Contribution",109,"{""seller"": ""004c9cd9d87a3c30c522c48c4fc07416"", ""sales_value"": 23094.02, ""seller_category"": ""High Performer"", ""delivered_orders"": 156, ""average_review_score"": 4.15, ""on_time_delivery_rate"": 91.67, ""seller_performance_score"": 88.90}"
13,"Seller Performance vs Revenue Contribution",110,"{""seller"": ""7e1fb0a3ebfb01ffb3a7dae98bf3238d"", ""sales_value"": 29052.62, ""seller_category"": ""High Performer"", ""delivered_orders"": 155, ""average_review_score"": 4.19, ""on_time_delivery_rate"": 87.10, ""seller_performance_score"": 88.84}"
13,"Seller Performance vs Revenue Contribution",111,"{""seller"": ""bfd27a966d91cfaafdb25d076585f0da"", ""sales_value"": 21861.41, ""seller_category"": ""High Performer"", ""delivered_orders"": 114, ""average_review_score"": 4.32, ""on_time_delivery_rate"": 94.74, ""seller_performance_score"": 88.83}"
13,"Seller Performance vs Revenue Contribution",112,"{""seller"": ""f457c46070d02cadd8a68551231220dd"", ""sales_value"": 22449.01, ""seller_category"": ""High Performer"", ""delivered_orders"": 195, ""average_review_score"": 3.89, ""on_time_delivery_rate"": 93.85, ""seller_performance_score"": 88.82}"
13,"Seller Performance vs Revenue Contribution",113,"{""seller"": ""669ae81880e08f269a64487cfb287169"", ""sales_value"": 16485.20, ""seller_category"": ""High Performer"", ""delivered_orders"": 161, ""average_review_score"": 4.24, ""on_time_delivery_rate"": 95.65, ""seller_performance_score"": 88.75}"
13,"Seller Performance vs Revenue Contribution",114,"{""seller"": ""834f3294fba9f932f56edc879193f925"", ""sales_value"": 44207.42, ""seller_category"": ""High Performer"", ""delivered_orders"": 66, ""average_review_score"": 4.55, ""on_time_delivery_rate"": 93.94, ""seller_performance_score"": 88.73}"
13,"Seller Performance vs Revenue Contribution",115,"{""seller"": ""289cdb325fb7e7f891c38608bf9e0962"", ""sales_value"": 15486.07, ""seller_category"": ""High Performer"", ""delivered_orders"": 109, ""average_review_score"": 4.59, ""on_time_delivery_rate"": 98.17, ""seller_performance_score"": 88.69}"
13,"Seller Performance vs Revenue Contribution",116,"{""seller"": ""cab85505710c7cb9b720bceb52b01cee"", ""sales_value"": 13951.99, ""seller_category"": ""High Performer"", ""delivered_orders"": 201, ""average_review_score"": 4.33, ""on_time_delivery_rate"": 97.51, ""seller_performance_score"": 88.65}"
13,"Seller Performance vs Revenue Contribution",117,"{""seller"": ""897060da8b9a21f655304d50fd935913"", ""sales_value"": 28258.33, ""seller_category"": ""High Performer"", ""delivered_orders"": 304, ""average_review_score"": 3.71, ""on_time_delivery_rate"": 88.16, ""seller_performance_score"": 88.50}"
13,"Seller Performance vs Revenue Contribution",118,"{""seller"": ""e26901d5ab434ce92fd9b5c256820a4e"", ""sales_value"": 14481.63, ""seller_category"": ""High Performer"", ""delivered_orders"": 197, ""average_review_score"": 4.20, ""on_time_delivery_rate"": 97.46, ""seller_performance_score"": 88.44}"
13,"Seller Performance vs Revenue Contribution",119,"{""seller"": ""01fdefa7697d26ad920e9e0346d4bd1b"", ""sales_value"": 17532.79, ""seller_category"": ""High Performer"", ""delivered_orders"": 128, ""average_review_score"": 4.38, ""on_time_delivery_rate"": 93.75, ""seller_performance_score"": 88.42}"
13,"Seller Performance vs Revenue Contribution",120,"{""seller"": ""4c2b230173bb36f9b240f2b8ac11786e"", ""sales_value"": 18828.71, ""seller_category"": ""High Performer"", ""delivered_orders"": 258, ""average_review_score"": 3.98, ""on_time_delivery_rate"": 89.92, ""seller_performance_score"": 88.35}"
13,"Seller Performance vs Revenue Contribution",121,"{""seller"": ""7aa4334be125fcdd2ba64b3180029f14"", ""sales_value"": 20330.52, ""seller_category"": ""High Performer"", ""delivered_orders"": 214, ""average_review_score"": 4.13, ""on_time_delivery_rate"": 86.45, ""seller_performance_score"": 88.33}"
13,"Seller Performance vs Revenue Contribution",122,"{""seller"": ""ac3508719a1d8f5b7614b798f70af136"", ""sales_value"": 15410.66, ""seller_category"": ""High Performer"", ""delivered_orders"": 101, ""average_review_score"": 4.64, ""on_time_delivery_rate"": 97.03, ""seller_performance_score"": 88.24}"
13,"Seller Performance vs Revenue Contribution",123,"{""seller"": ""ef0ace09169ac090589d85746e3e036f"", ""sales_value"": 18404.78, ""seller_category"": ""High Performer"", ""delivered_orders"": 128, ""average_review_score"": 4.40, ""on_time_delivery_rate"": 91.41, ""seller_performance_score"": 88.22}"
13,"Seller Performance vs Revenue Contribution",124,"{""seller"": ""6cd68b3ed6d59aaa9fece558ad360c0a"", ""sales_value"": 13718.46, ""seller_category"": ""High Performer"", ""delivered_orders"": 149, ""average_review_score"": 4.46, ""on_time_delivery_rate"": 97.99, ""seller_performance_score"": 88.12}"
13,"Seller Performance vs Revenue Contribution",125,"{""seller"": ""0dd184061fb0eaa7ca37932c68ab91c5"", ""sales_value"": 23766.42, ""seller_category"": ""High Performer"", ""delivered_orders"": 161, ""average_review_score"": 4.03, ""on_time_delivery_rate"": 88.20, ""seller_performance_score"": 88.11}"
13,"Seller Performance vs Revenue Contribution",126,"{""seller"": ""04308b1ee57b6625f47df1d56f00eedf"", ""sales_value"": 61940.62, ""seller_category"": ""High Performer"", ""delivered_orders"": 92, ""average_review_score"": 3.95, ""on_time_delivery_rate"": 88.04, ""seller_performance_score"": 87.97}"
13,"Seller Performance vs Revenue Contribution",127,"{""seller"": ""966cb4760537b1404caedd472cc610a5"", ""sales_value"": 47432.57, ""seller_category"": ""High Performer"", ""delivered_orders"": 67, ""average_review_score"": 4.12, ""on_time_delivery_rate"": 97.01, ""seller_performance_score"": 87.95}"
13,"Seller Performance vs Revenue Contribution",128,"{""seller"": ""562fc2f2c2863ab7e79a9e4388a58a14"", ""sales_value"": 12884.21, ""seller_category"": ""High Performer"", ""delivered_orders"": 255, ""average_review_score"": 4.23, ""on_time_delivery_rate"": 96.47, ""seller_performance_score"": 87.81}"
13,"Seller Performance vs Revenue Contribution",129,"{""seller"": ""8f2ce03f928b567e3d56181ae20ae952"", ""sales_value"": 24969.80, ""seller_category"": ""High Performer"", ""delivered_orders"": 151, ""average_review_score"": 4.15, ""on_time_delivery_rate"": 84.77, ""seller_performance_score"": 87.78}"
13,"Seller Performance vs Revenue Contribution",130,"{""seller"": ""44073f8b7e41514de3b7815dd0237f4f"", ""sales_value"": 21519.49, ""seller_category"": ""High Performer"", ""delivered_orders"": 142, ""average_review_score"": 3.74, ""on_time_delivery_rate"": 96.48, ""seller_performance_score"": 87.72}"
13,"Seller Performance vs Revenue Contribution",131,"{""seller"": ""79ebd9a61bac3eaf882805ed4ecfa12a"", ""sales_value"": 18730.52, ""seller_category"": ""High Performer"", ""delivered_orders"": 133, ""average_review_score"": 4.06, ""on_time_delivery_rate"": 93.98, ""seller_performance_score"": 87.67}"
13,"Seller Performance vs Revenue Contribution",132,"{""seller"": ""59b22a78efb79a4797979612b885db36"", ""sales_value"": 32082.07, ""seller_category"": ""High Performer"", ""delivered_orders"": 125, ""average_review_score"": 3.98, ""on_time_delivery_rate"": 87.20, ""seller_performance_score"": 87.56}"
13,"Seller Performance vs Revenue Contribution",133,"{""seller"": ""6d66611d7c44cc30ce351abc49a68421"", ""sales_value"": 16645.26, ""seller_category"": ""High Performer"", ""delivered_orders"": 164, ""average_review_score"": 3.97, ""on_time_delivery_rate"": 93.90, ""seller_performance_score"": 87.52}"
13,"Seller Performance vs Revenue Contribution",134,"{""seller"": ""d921b68bf747894be13a97ae52b0f386"", ""sales_value"": 17403.81, ""seller_category"": ""High Performer"", ""delivered_orders"": 77, ""average_review_score"": 4.56, ""on_time_delivery_rate"": 98.70, ""seller_performance_score"": 87.46}"
13,"Seller Performance vs Revenue Contribution",135,"{""seller"": ""06e5eefc71ec47ae763c5c6f8db7064f"", ""sales_value"": 23800.32, ""seller_category"": ""High Performer"", ""delivered_orders"": 90, ""average_review_score"": 3.98, ""on_time_delivery_rate"": 97.78, ""seller_performance_score"": 87.34}"
13,"Seller Performance vs Revenue Contribution",136,"{""seller"": ""2e1c9f22be269ef4643f826c9e650a52"", ""sales_value"": 14491.52, ""seller_category"": ""High Performer"", ""delivered_orders"": 161, ""average_review_score"": 4.25, ""on_time_delivery_rate"": 93.17, ""seller_performance_score"": 87.29}"
13,"Seller Performance vs Revenue Contribution",137,"{""seller"": ""1b4c3a6f53068f0b6944d2d005c9fc89"", ""sales_value"": 17396.99, ""seller_category"": ""High Performer"", ""delivered_orders"": 111, ""average_review_score"": 4.26, ""on_time_delivery_rate"": 93.69, ""seller_performance_score"": 87.26}"
13,"Seller Performance vs Revenue Contribution",138,"{""seller"": ""ef506c96320abeedfb894c34db06f478"", ""sales_value"": 14648.80, ""seller_category"": ""High Performer"", ""delivered_orders"": 316, ""average_review_score"": 3.96, ""on_time_delivery_rate"": 91.46, ""seller_performance_score"": 87.15}"
13,"Seller Performance vs Revenue Contribution",139,"{""seller"": ""1da3aeb70d7989d1e6d9b0e887f97c23"", ""sales_value"": 12867.08, ""seller_category"": ""High Performer"", ""delivered_orders"": 261, ""average_review_score"": 4.16, ""on_time_delivery_rate"": 94.25, ""seller_performance_score"": 87.11}"
13,"Seller Performance vs Revenue Contribution",140,"{""seller"": ""9de4643a8dbde634fe55621059d92273"", ""sales_value"": 19282.41, ""seller_category"": ""High Performer"", ""delivered_orders"": 72, ""average_review_score"": 4.53, ""on_time_delivery_rate"": 95.83, ""seller_performance_score"": 87.06}"
13,"Seller Performance vs Revenue Contribution",141,"{""seller"": ""527801b552d0077ffd170872eb49683b"", ""sales_value"": 20005.36, ""seller_category"": ""High Performer"", ""delivered_orders"": 90, ""average_review_score"": 4.47, ""on_time_delivery_rate"": 90.00, ""seller_performance_score"": 87.05}"
13,"Seller Performance vs Revenue Contribution",142,"{""seller"": ""530ec6109d11eaaf87999465c6afee01"", ""sales_value"": 15279.16, ""seller_category"": ""High Performer"", ""delivered_orders"": 94, ""average_review_score"": 4.34, ""on_time_delivery_rate"": 98.94, ""seller_performance_score"": 87.03}"
13,"Seller Performance vs Revenue Contribution",143,"{""seller"": ""080199a181c46c657dc5aa235411be3b"", ""sales_value"": 15544.88, ""seller_category"": ""High Performer"", ""delivered_orders"": 79, ""average_review_score"": 4.62, ""on_time_delivery_rate"": 97.47, ""seller_performance_score"": 86.96}"
13,"Seller Performance vs Revenue Contribution",144,"{""seller"": ""8d956fec2e4337affcb520f56fd8cbfd"", ""sales_value"": 14302.05, ""seller_category"": ""High Performer"", ""delivered_orders"": 210, ""average_review_score"": 4.22, ""on_time_delivery_rate"": 89.52, ""seller_performance_score"": 86.95}"
13,"Seller Performance vs Revenue Contribution",145,"{""seller"": ""d94a40fd42351c259927028d163af842"", ""sales_value"": 17022.37, ""seller_category"": ""High Performer"", ""delivered_orders"": 100, ""average_review_score"": 4.21, ""on_time_delivery_rate"": 96.00, ""seller_performance_score"": 86.94}"
13,"Seller Performance vs Revenue Contribution",146,"{""seller"": ""95e03ca3d4146e4011985981aeb959b9"", ""sales_value"": 14054.46, ""seller_category"": ""High Performer"", ""delivered_orders"": 172, ""average_review_score"": 4.02, ""on_time_delivery_rate"": 96.51, ""seller_performance_score"": 86.92}"
13,"Seller Performance vs Revenue Contribution",147,"{""seller"": ""813348c996469b40f2e028d5429d3495"", ""sales_value"": 14271.23, ""seller_category"": ""High Performer"", ""delivered_orders"": 172, ""average_review_score"": 4.07, ""on_time_delivery_rate"": 94.77, ""seller_performance_score"": 86.85}"
13,"Seller Performance vs Revenue Contribution",148,"{""seller"": ""17f51e7198701186712e53a39c564617"", ""sales_value"": 57812.43, ""seller_category"": ""High Performer"", ""delivered_orders"": 56, ""average_review_score"": 4.34, ""on_time_delivery_rate"": 91.07, ""seller_performance_score"": 86.83}"
13,"Seller Performance vs Revenue Contribution",149,"{""seller"": ""729f06993dac8e860d4f02d7088ca48a"", ""sales_value"": 24798.27, ""seller_category"": ""High Performer"", ""delivered_orders"": 94, ""average_review_score"": 4.22, ""on_time_delivery_rate"": 88.30, ""seller_performance_score"": 86.81}"
13,"Seller Performance vs Revenue Contribution",150,"{""seller"": ""7ad32824caee82087b3e2e5f33b1bf32"", ""sales_value"": 25495.80, ""seller_category"": ""High Performer"", ""delivered_orders"": 147, ""average_review_score"": 3.86, ""on_time_delivery_rate"": 85.71, ""seller_performance_score"": 86.77}"
13,"Seller Performance vs Revenue Contribution",151,"{""seller"": ""c33847515fa6305ce6feb1e818569f13"", ""sales_value"": 19894.26, ""seller_category"": ""High Performer"", ""delivered_orders"": 114, ""average_review_score"": 3.85, ""on_time_delivery_rate"": 95.61, ""seller_performance_score"": 86.77}"
13,"Seller Performance vs Revenue Contribution",152,"{""seller"": ""710e3548e02bc1d2831dfc4f1b5b14d4"", ""sales_value"": 26111.91, ""seller_category"": ""High Performer"", ""delivered_orders"": 131, ""average_review_score"": 3.43, ""on_time_delivery_rate"": 95.42, ""seller_performance_score"": 86.67}"
13,"Seller Performance vs Revenue Contribution",153,"{""seller"": ""1c129092bf23f28a5930387c980c0dfc"", ""sales_value"": 12550.19, ""seller_category"": ""High Performer"", ""delivered_orders"": 200, ""average_review_score"": 4.25, ""on_time_delivery_rate"": 94.50, ""seller_performance_score"": 86.63}"
13,"Seller Performance vs Revenue Contribution",154,"{""seller"": ""213b25e6f54661939f11710a6fddb871"", ""sales_value"": 18486.96, ""seller_category"": ""High Performer"", ""delivered_orders"": 152, ""average_review_score"": 3.82, ""on_time_delivery_rate"": 91.45, ""seller_performance_score"": 86.61}"
13,"Seller Performance vs Revenue Contribution",155,"{""seller"": ""0adac9fbd9a2b63cccaac4f8756c1ca8"", ""sales_value"": 17955.50, ""seller_category"": ""High Performer"", ""delivered_orders"": 106, ""average_review_score"": 4.09, ""on_time_delivery_rate"": 93.40, ""seller_performance_score"": 86.50}"
13,"Seller Performance vs Revenue Contribution",156,"{""seller"": ""88460e8ebdecbfecb5f9601833981930"", ""sales_value"": 36258.59, ""seller_category"": ""High Performer"", ""delivered_orders"": 246, ""average_review_score"": 3.45, ""on_time_delivery_rate"": 80.49, ""seller_performance_score"": 86.39}"
13,"Seller Performance vs Revenue Contribution",157,"{""seller"": ""e59aa562b9f8076dd550fcddf0e73491"", ""sales_value"": 32876.37, ""seller_category"": ""High Performer"", ""delivered_orders"": 69, ""average_review_score"": 4.26, ""on_time_delivery_rate"": 89.86, ""seller_performance_score"": 86.36}"
13,"Seller Performance vs Revenue Contribution",158,"{""seller"": ""900ba814c251a692506d7834c1218441"", ""sales_value"": 31167.46, ""seller_category"": ""High Performer"", ""delivered_orders"": 86, ""average_review_score"": 4.23, ""on_time_delivery_rate"": 86.05, ""seller_performance_score"": 86.36}"
13,"Seller Performance vs Revenue Contribution",159,"{""seller"": ""4830e40640734fc1c52cd21127c341d4"", ""sales_value"": 12502.42, ""seller_category"": ""High Performer"", ""delivered_orders"": 204, ""average_review_score"": 4.23, ""on_time_delivery_rate"": 93.14, ""seller_performance_score"": 86.32}"
13,"Seller Performance vs Revenue Contribution",160,"{""seller"": ""8ae520247981aa06bc94abddf5f46d34"", ""sales_value"": 17766.34, ""seller_category"": ""High Performer"", ""delivered_orders"": 65, ""average_review_score"": 4.45, ""on_time_delivery_rate"": 98.46, ""seller_performance_score"": 86.21}"
13,"Seller Performance vs Revenue Contribution",161,"{""seller"": ""2b3e4a2a3ea8e01938cabda2a3e5cc79"", ""sales_value"": 24535.10, ""seller_category"": ""High Performer"", ""delivered_orders"": 52, ""average_review_score"": 4.37, ""on_time_delivery_rate"": 100.00, ""seller_performance_score"": 86.02}"
13,"Seller Performance vs Revenue Contribution",162,"{""seller"": ""229c3efbfb0ea2058de4ccdfbc3d784a"", ""sales_value"": 17779.71, ""seller_category"": ""High Performer"", ""delivered_orders"": 118, ""average_review_score"": 3.62, ""on_time_delivery_rate"": 98.31, ""seller_performance_score"": 86.01}"
13,"Seller Performance vs Revenue Contribution",163,"{""seller"": ""48436dade18ac8b2bce089ec2a041202"", ""sales_value"": 14662.01, ""seller_category"": ""High Performer"", ""delivered_orders"": 134, ""average_review_score"": 4.10, ""on_time_delivery_rate"": 92.54, ""seller_performance_score"": 86.00}"
13,"Seller Performance vs Revenue Contribution",164,"{""seller"": ""5a8e7d5003a1f221f9e1d6e411de7c23"", ""sales_value"": 13708.80, ""seller_category"": ""High Performer"", ""delivered_orders"": 137, ""average_review_score"": 4.17, ""on_time_delivery_rate"": 94.16, ""seller_performance_score"": 85.95}"
13,"Seller Performance vs Revenue Contribution",165,"{""seller"": ""0be8ff43f22e456b4e0371b2245e4d01"", ""sales_value"": 13844.49, ""seller_category"": ""High Performer"", ""delivered_orders"": 156, ""average_review_score"": 4.03, ""on_time_delivery_rate"": 93.59, ""seller_performance_score"": 85.87}"
13,"Seller Performance vs Revenue Contribution",166,"{""seller"": ""e5a38146df062edaf55c38afa99e42dc"", ""sales_value"": 17156.43, ""seller_category"": ""High Performer"", ""delivered_orders"": 120, ""average_review_score"": 3.99, ""on_time_delivery_rate"": 90.83, ""seller_performance_score"": 85.78}"
13,"Seller Performance vs Revenue Contribution",167,"{""seller"": ""cfb1a033743668a192316f3c6d1d2671"", ""sales_value"": 15970.70, ""seller_category"": ""High Performer"", ""delivered_orders"": 143, ""average_review_score"": 4.02, ""on_time_delivery_rate"": 88.11, ""seller_performance_score"": 85.78}"
13,"Seller Performance vs Revenue Contribution",168,"{""seller"": ""ff063b022a9a0aab91bad2c9088760b7"", ""sales_value"": 14061.27, ""seller_category"": ""High Performer"", ""delivered_orders"": 94, ""average_review_score"": 4.31, ""on_time_delivery_rate"": 96.81, ""seller_performance_score"": 85.76}"
13,"Seller Performance vs Revenue Contribution",169,"{""seller"": ""76d64c4aca3a7baf218bf93ef7fa768d"", ""sales_value"": 20455.29, ""seller_category"": ""High Performer"", ""delivered_orders"": 64, ""average_review_score"": 4.23, ""on_time_delivery_rate"": 96.88, ""seller_performance_score"": 85.72}"
13,"Seller Performance vs Revenue Contribution",170,"{""seller"": ""a3e9a2c700480d9bb01fba070ba80a0e"", ""sales_value"": 16240.83, ""seller_category"": ""High Performer"", ""delivered_orders"": 129, ""average_review_score"": 3.99, ""on_time_delivery_rate"": 89.92, ""seller_performance_score"": 85.72}"
13,"Seller Performance vs Revenue Contribution",171,"{""seller"": ""2e90cb1677d35cfe24eef47d441b7c87"", ""sales_value"": 16782.16, ""seller_category"": ""High Performer"", ""delivered_orders"": 127, ""average_review_score"": 4.12, ""on_time_delivery_rate"": 86.61, ""seller_performance_score"": 85.66}"
13,"Seller Performance vs Revenue Contribution",172,"{""seller"": ""25e6ffe976bd75618accfe16cefcbd0d"", ""sales_value"": 13239.80, ""seller_category"": ""High Performer"", ""delivered_orders"": 106, ""average_review_score"": 4.44, ""on_time_delivery_rate"": 94.34, ""seller_performance_score"": 85.62}"
13,"Seller Performance vs Revenue Contribution",173,"{""seller"": ""80e6699fe29150b372a0c8a1ebf7dcc8"", ""sales_value"": 13786.81, ""seller_category"": ""High Performer"", ""delivered_orders"": 96, ""average_review_score"": 4.34, ""on_time_delivery_rate"": 95.83, ""seller_performance_score"": 85.58}"
13,"Seller Performance vs Revenue Contribution",174,"{""seller"": ""f262cbc1c910c83959f849465454ddd3"", ""sales_value"": 12654.90, ""seller_category"": ""High Performer"", ""delivered_orders"": 189, ""average_review_score"": 4.18, ""on_time_delivery_rate"": 90.48, ""seller_performance_score"": 85.55}"
13,"Seller Performance vs Revenue Contribution",175,"{""seller"": ""d98eec89afa3380e14463da2aabaea72"", ""sales_value"": 10225.31, ""seller_category"": ""High Performer"", ""delivered_orders"": 168, ""average_review_score"": 4.33, ""on_time_delivery_rate"": 97.62, ""seller_performance_score"": 85.46}"
13,"Seller Performance vs Revenue Contribution",176,"{""seller"": ""33a6f4b1e7cdc205511e76ba1b6e0186"", ""sales_value"": 12183.91, ""seller_category"": ""High Performer"", ""delivered_orders"": 105, ""average_review_score"": 4.41, ""on_time_delivery_rate"": 98.10, ""seller_performance_score"": 85.41}"
13,"Seller Performance vs Revenue Contribution",177,"{""seller"": ""3b15288545f8928d3e65a8f949a28291"", ""sales_value"": 16164.88, ""seller_category"": ""High Performer"", ""delivered_orders"": 101, ""average_review_score"": 4.03, ""on_time_delivery_rate"": 93.07, ""seller_performance_score"": 85.40}"
13,"Seller Performance vs Revenue Contribution",178,"{""seller"": ""aafe36600ce604f205b86b5084d3d767"", ""sales_value"": 11673.20, ""seller_category"": ""High Performer"", ""delivered_orders"": 129, ""average_review_score"": 4.40, ""on_time_delivery_rate"": 95.35, ""seller_performance_score"": 85.39}"
13,"Seller Performance vs Revenue Contribution",179,"{""seller"": ""259f7b5e6e482c230e5bfaa670b6bb8f"", ""sales_value"": 11087.42, ""seller_category"": ""High Performer"", ""delivered_orders"": 136, ""average_review_score"": 4.35, ""on_time_delivery_rate"": 97.79, ""seller_performance_score"": 85.37}"
13,"Seller Performance vs Revenue Contribution",180,"{""seller"": ""a673821011d0cec28146ea42f5ab767f"", ""sales_value"": 15928.04, ""seller_category"": ""High Performer"", ""delivered_orders"": 125, ""average_review_score"": 4.02, ""on_time_delivery_rate"": 88.80, ""seller_performance_score"": 85.36}"
13,"Seller Performance vs Revenue Contribution",181,"{""seller"": ""00fc707aaaad2d31347cf883cd2dfe10"", ""sales_value"": 14969.99, ""seller_category"": ""High Performer"", ""delivered_orders"": 103, ""average_review_score"": 4.05, ""on_time_delivery_rate"": 95.15, ""seller_performance_score"": 85.31}"
13,"Seller Performance vs Revenue Contribution",182,"{""seller"": ""94144541854e298c2d976cb893b81343"", ""sales_value"": 18715.65, ""seller_category"": ""High Performer"", ""delivered_orders"": 68, ""average_review_score"": 4.21, ""on_time_delivery_rate"": 95.59, ""seller_performance_score"": 85.23}"
13,"Seller Performance vs Revenue Contribution",183,"{""seller"": ""9b013e03b2ab786505a1d3b5c0756754"", ""sales_value"": 11270.83, ""seller_category"": ""High Performer"", ""delivered_orders"": 170, ""average_review_score"": 4.22, ""on_time_delivery_rate"": 94.12, ""seller_performance_score"": 85.15}"
13,"Seller Performance vs Revenue Contribution",184,"{""seller"": ""6c7d50c24b3ccd2fd83b44d8bb34e073"", ""sales_value"": 11123.79, ""seller_category"": ""High Performer"", ""delivered_orders"": 112, ""average_review_score"": 4.45, ""on_time_delivery_rate"": 98.21, ""seller_performance_score"": 85.15}"
13,"Seller Performance vs Revenue Contribution",185,"{""seller"": ""92eb0f42c21942b6552362b9b114707d"", ""sales_value"": 11262.04, ""seller_category"": ""High Performer"", ""delivered_orders"": 334, ""average_review_score"": 4.02, ""on_time_delivery_rate"": 91.92, ""seller_performance_score"": 85.14}"
13,"Seller Performance vs Revenue Contribution",186,"{""seller"": ""48162d548f5b1b11b9d29d1e01f75a61"", ""sales_value"": 22151.83, ""seller_category"": ""High Performer"", ""delivered_orders"": 66, ""average_review_score"": 3.98, ""on_time_delivery_rate"": 96.97, ""seller_performance_score"": 85.09}"
13,"Seller Performance vs Revenue Contribution",187,"{""seller"": ""cd68562d3f44870c08922d380acae552"", ""sales_value"": 20279.86, ""seller_category"": ""High Performer"", ""delivered_orders"": 122, ""average_review_score"": 4.02, ""on_time_delivery_rate"": 81.97, ""seller_performance_score"": 85.04}"
13,"Seller Performance vs Revenue Contribution",188,"{""seller"": ""d6b1ce66b035a475f00c017792ff9769"", ""sales_value"": 14315.88, ""seller_category"": ""High Performer"", ""delivered_orders"": 92, ""average_review_score"": 4.28, ""on_time_delivery_rate"": 93.48, ""seller_performance_score"": 84.98}"
13,"Seller Performance vs Revenue Contribution",189,"{""seller"": ""0bae85eb84b9fb3bd773911e89288d54"", ""sales_value"": 10340.56, ""seller_category"": ""High Performer"", ""delivered_orders"": 136, ""average_review_score"": 4.29, ""on_time_delivery_rate"": 99.26, ""seller_performance_score"": 84.98}"
13,"Seller Performance vs Revenue Contribution",190,"{""seller"": ""05ff92fedb5be47920fea08e501238b9"", ""sales_value"": 22983.87, ""seller_category"": ""High Performer"", ""delivered_orders"": 57, ""average_review_score"": 4.27, ""on_time_delivery_rate"": 94.74, ""seller_performance_score"": 84.80}"
13,"Seller Performance vs Revenue Contribution",191,"{""seller"": ""aba1721a889e04decc910aa13b768ef4"", ""sales_value"": 15352.47, ""seller_category"": ""High Performer"", ""delivered_orders"": 83, ""average_review_score"": 4.45, ""on_time_delivery_rate"": 89.16, ""seller_performance_score"": 84.79}"
13,"Seller Performance vs Revenue Contribution",192,"{""seller"": ""2eb70248d66e0e3ef83659f71b244378"", ""sales_value"": 42046.73, ""seller_category"": ""High Performer"", ""delivered_orders"": 187, ""average_review_score"": 2.79, ""on_time_delivery_rate"": 86.10, ""seller_performance_score"": 84.72}"
13,"Seller Performance vs Revenue Contribution",193,"{""seller"": ""9d4db00d65d7760644ac0c14edb5fd86"", ""sales_value"": 11355.30, ""seller_category"": ""High Performer"", ""delivered_orders"": 97, ""average_review_score"": 4.54, ""on_time_delivery_rate"": 95.88, ""seller_performance_score"": 84.63}"
13,"Seller Performance vs Revenue Contribution",194,"{""seller"": ""ce27a3cc3c8cc1ea79d11e561e9bebb6"", ""sales_value"": 11620.12, ""seller_category"": ""High Performer"", ""delivered_orders"": 122, ""average_review_score"": 4.19, ""on_time_delivery_rate"": 97.54, ""seller_performance_score"": 84.57}"
13,"Seller Performance vs Revenue Contribution",195,"{""seller"": ""a5cba26a62b8b4d0145b68b841e62e7f"", ""sales_value"": 15785.77, ""seller_category"": ""High Performer"", ""delivered_orders"": 53, ""average_review_score"": 4.57, ""on_time_delivery_rate"": 98.11, ""seller_performance_score"": 84.43}"
13,"Seller Performance vs Revenue Contribution",196,"{""seller"": ""ba90964cff9b9e0e6f32b23b82465f7b"", ""sales_value"": 45523.50, ""seller_category"": ""High Performer"", ""delivered_orders"": 38, ""average_review_score"": 4.42, ""on_time_delivery_rate"": 94.74, ""seller_performance_score"": 84.41}"
13,"Seller Performance vs Revenue Contribution",197,"{""seller"": ""7681ef142fd2c19048da7430856b5588"", ""sales_value"": 34074.67, ""seller_category"": ""High Performer"", ""delivered_orders"": 58, ""average_review_score"": 4.24, ""on_time_delivery_rate"": 86.21, ""seller_performance_score"": 84.36}"
13,"Seller Performance vs Revenue Contribution",198,"{""seller"": ""0db783cfcd3b73998abc6e10e59a102f"", ""sales_value"": 11076.55, ""seller_category"": ""High Performer"", ""delivered_orders"": 132, ""average_review_score"": 4.21, ""on_time_delivery_rate"": 96.21, ""seller_performance_score"": 84.35}"
13,"Seller Performance vs Revenue Contribution",199,"{""seller"": ""b372ee768ed69e46ca8cdbd267aa7a38"", ""sales_value"": 13813.84, ""seller_category"": ""High Performer"", ""delivered_orders"": 63, ""average_review_score"": 4.44, ""on_time_delivery_rate"": 100.00, ""seller_performance_score"": 84.30}"
13,"Seller Performance vs Revenue Contribution",200,"{""seller"": ""17ca9b9e9b9ef8fdb529001b49ebb50f"", ""sales_value"": 11998.82, ""seller_category"": ""High Performer"", ""delivered_orders"": 115, ""average_review_score"": 4.08, ""on_time_delivery_rate"": 97.39, ""seller_performance_score"": 84.25}"
13,"Seller Performance vs Revenue Contribution",201,"{""seller"": ""b499c00f28f4b7069ff6550af8c1348a"", ""sales_value"": 12665.78, ""seller_category"": ""High Performer"", ""delivered_orders"": 147, ""average_review_score"": 4.23, ""on_time_delivery_rate"": 87.07, ""seller_performance_score"": 84.24}"
13,"Seller Performance vs Revenue Contribution",202,"{""seller"": ""d650b663c3b5f6fb392b6326366efa9a"", ""sales_value"": 19188.01, ""seller_category"": ""High Performer"", ""delivered_orders"": 57, ""average_review_score"": 4.37, ""on_time_delivery_rate"": 92.98, ""seller_performance_score"": 84.21}"
13,"Seller Performance vs Revenue Contribution",203,"{""seller"": ""d23019c84ffae2d5ef2270367b8605fc"", ""sales_value"": 31954.84, ""seller_category"": ""High Performer"", ""delivered_orders"": 39, ""average_review_score"": 4.41, ""on_time_delivery_rate"": 97.44, ""seller_performance_score"": 84.15}"
13,"Seller Performance vs Revenue Contribution",204,"{""seller"": ""1f9ab4708f3056ede07124aad39a2554"", ""sales_value"": 15692.65, ""seller_category"": ""High Performer"", ""delivered_orders"": 76, ""average_review_score"": 4.09, ""on_time_delivery_rate"": 94.74, ""seller_performance_score"": 84.12}"
13,"Seller Performance vs Revenue Contribution",205,"{""seller"": ""8444e55c1f13cd5c179851e5ca5ebd00"", ""sales_value"": 23445.67, ""seller_category"": ""High Performer"", ""delivered_orders"": 92, ""average_review_score"": 3.37, ""on_time_delivery_rate"": 93.48, ""seller_performance_score"": 84.09}"
13,"Seller Performance vs Revenue Contribution",206,"{""seller"": ""96493fab2fbb13a14d0c0e8772eef5c3"", ""sales_value"": 20181.23, ""seller_category"": ""High Performer"", ""delivered_orders"": 63, ""average_review_score"": 4.06, ""on_time_delivery_rate"": 93.65, ""seller_performance_score"": 84.09}"
13,"Seller Performance vs Revenue Contribution",207,"{""seller"": ""c9c7905cffc4ef9ff9f113554423e671"", ""sales_value"": 12766.71, ""seller_category"": ""High Performer"", ""delivered_orders"": 127, ""average_review_score"": 4.15, ""on_time_delivery_rate"": 89.76, ""seller_performance_score"": 84.00}"
13,"Seller Performance vs Revenue Contribution",208,"{""seller"": ""cbd996ad3c1b7dc71fd0e5f5df9087e2"", ""sales_value"": 10989.44, ""seller_category"": ""High Performer"", ""delivered_orders"": 160, ""average_review_score"": 4.21, ""on_time_delivery_rate"": 91.25, ""seller_performance_score"": 84.00}"
13,"Seller Performance vs Revenue Contribution",209,"{""seller"": ""dc317f341ab0e22f39acbd9dbf9b4a1f"", ""sales_value"": 22570.13, ""seller_category"": ""High Performer"", ""delivered_orders"": 55, ""average_review_score"": 4.15, ""on_time_delivery_rate"": 94.55, ""seller_performance_score"": 83.97}"
13,"Seller Performance vs Revenue Contribution",210,"{""seller"": ""f80edd2c5aaa505cc4b0a3b219abf4b8"", ""sales_value"": 11790.62, ""seller_category"": ""High Performer"", ""delivered_orders"": 116, ""average_review_score"": 4.15, ""on_time_delivery_rate"": 94.83, ""seller_performance_score"": 83.86}"
13,"Seller Performance vs Revenue Contribution",211,"{""seller"": ""0df3984f9dfb3d49ac6366acbd3bbb85"", ""sales_value"": 11374.54, ""seller_category"": ""High Performer"", ""delivered_orders"": 86, ""average_review_score"": 4.38, ""on_time_delivery_rate"": 98.84, ""seller_performance_score"": 83.83}"
13,"Seller Performance vs Revenue Contribution",212,"{""seller"": ""c6bda72e4dbf5c5866b13cb1810c6d03"", ""sales_value"": 15196.12, ""seller_category"": ""High Performer"", ""delivered_orders"": 59, ""average_review_score"": 4.38, ""on_time_delivery_rate"": 96.61, ""seller_performance_score"": 83.78}"
13,"Seller Performance vs Revenue Contribution",213,"{""seller"": ""7008613ea464bad5cb9b83456e1e6a8f"", ""sales_value"": 10488.04, ""seller_category"": ""High Performer"", ""delivered_orders"": 123, ""average_review_score"": 4.28, ""on_time_delivery_rate"": 95.12, ""seller_performance_score"": 83.77}"
13,"Seller Performance vs Revenue Contribution",214,"{""seller"": ""f3b80352b986ab4d1057a4b724be19d0"", ""sales_value"": 11941.36, ""seller_category"": ""High Performer"", ""delivered_orders"": 86, ""average_review_score"": 4.21, ""on_time_delivery_rate"": 100.00, ""seller_performance_score"": 83.74}"
13,"Seller Performance vs Revenue Contribution",215,"{""seller"": ""2a5b78b41cd05baeac8df54c6606b92c"", ""sales_value"": 16575.47, ""seller_category"": ""High Performer"", ""delivered_orders"": 46, ""average_review_score"": 4.54, ""on_time_delivery_rate"": 97.83, ""seller_performance_score"": 83.73}"
13,"Seller Performance vs Revenue Contribution",216,"{""seller"": ""d50d79cb34e38265a8649c383dcffd48"", ""sales_value"": 14944.68, ""seller_category"": ""High Performer"", ""delivered_orders"": 70, ""average_review_score"": 4.25, ""on_time_delivery_rate"": 92.86, ""seller_performance_score"": 83.60}"
13,"Seller Performance vs Revenue Contribution",217,"{""seller"": ""b4ffb71f0cb1b1c3d63fad021ecf93e1"", ""sales_value"": 9137.44, ""seller_category"": ""High Performer"", ""delivered_orders"": 143, ""average_review_score"": 4.25, ""on_time_delivery_rate"": 97.90, ""seller_performance_score"": 83.55}"
13,"Seller Performance vs Revenue Contribution",218,"{""seller"": ""c31eff8334d6b3047ed34bebd4d62c36"", ""sales_value"": 15350.85, ""seller_category"": ""High Performer"", ""delivered_orders"": 120, ""average_review_score"": 3.87, ""on_time_delivery_rate"": 85.83, ""seller_performance_score"": 83.54}"
13,"Seller Performance vs Revenue Contribution",219,"{""seller"": ""5656537e588803a555b8eb41f07a944b"", ""sales_value"": 11255.55, ""seller_category"": ""High Performer"", ""delivered_orders"": 171, ""average_review_score"": 3.90, ""on_time_delivery_rate"": 92.40, ""seller_performance_score"": 83.47}"
13,"Seller Performance vs Revenue Contribution",220,"{""seller"": ""ce7d1888639e6fb06b2749cbfdac1ff7"", ""sales_value"": 14876.54, ""seller_category"": ""High Performer"", ""delivered_orders"": 78, ""average_review_score"": 4.17, ""on_time_delivery_rate"": 91.03, ""seller_performance_score"": 83.42}"
13,"Seller Performance vs Revenue Contribution",221,"{""seller"": ""febab0275244b9a49a623f0bd613ca2f"", ""sales_value"": 10001.31, ""seller_category"": ""High Performer"", ""delivered_orders"": 106, ""average_review_score"": 4.44, ""on_time_delivery_rate"": 95.28, ""seller_performance_score"": 83.41}"
13,"Seller Performance vs Revenue Contribution",222,"{""seller"": ""aaed1309374718fdd995ee4c58c9dfcd"", ""sales_value"": 11659.73, ""seller_category"": ""High Performer"", ""delivered_orders"": 104, ""average_review_score"": 4.06, ""on_time_delivery_rate"": 97.12, ""seller_performance_score"": 83.39}"
13,"Seller Performance vs Revenue Contribution",223,"{""seller"": ""b32be1695eb7ec5f10f72d9610a12527"", ""sales_value"": 29512.68, ""seller_category"": ""High Performer"", ""delivered_orders"": 44, ""average_review_score"": 4.14, ""on_time_delivery_rate"": 95.45, ""seller_performance_score"": 83.39}"
13,"Seller Performance vs Revenue Contribution",224,"{""seller"": ""7040e82f899a04d1b434b795a43b4617"", ""sales_value"": 12336.96, ""seller_category"": ""High Performer"", ""delivered_orders"": 208, ""average_review_score"": 3.65, ""on_time_delivery_rate"": 90.38, ""seller_performance_score"": 83.37}"
13,"Seller Performance vs Revenue Contribution",225,"{""seller"": ""7ea5bfa6c340f58f8e71fc1f0412b0d6"", ""sales_value"": 12470.26, ""seller_category"": ""High Performer"", ""delivered_orders"": 96, ""average_review_score"": 4.19, ""on_time_delivery_rate"": 92.71, ""seller_performance_score"": 83.29}"
13,"Seller Performance vs Revenue Contribution",226,"{""seller"": ""701938c450705b8ae65fc923b70f35c7"", ""sales_value"": 15650.89, ""seller_category"": ""High Performer"", ""delivered_orders"": 74, ""average_review_score"": 4.00, ""on_time_delivery_rate"": 93.24, ""seller_performance_score"": 83.28}"
13,"Seller Performance vs Revenue Contribution",227,"{""seller"": ""7b07b3c7487f0ea825fc6df75abd658b"", ""sales_value"": 10552.16, ""seller_category"": ""High Performer"", ""delivered_orders"": 91, ""average_review_score"": 4.42, ""on_time_delivery_rate"": 95.60, ""seller_performance_score"": 83.07}"
13,"Seller Performance vs Revenue Contribution",228,"{""seller"": ""37515688008a7a40ac93e3b2e4ab203f"", ""sales_value"": 9350.75, ""seller_category"": ""High Performer"", ""delivered_orders"": 227, ""average_review_score"": 4.10, ""on_time_delivery_rate"": 89.87, ""seller_performance_score"": 83.02}"
13,"Seller Performance vs Revenue Contribution",229,"{""seller"": ""c8b0e2b0a7095e5d8219575d5e7e1181"", ""sales_value"": 13657.34, ""seller_category"": ""High Performer"", ""delivered_orders"": 84, ""average_review_score"": 4.08, ""on_time_delivery_rate"": 92.86, ""seller_performance_score"": 82.93}"
13,"Seller Performance vs Revenue Contribution",230,"{""seller"": ""7722b1df1b0e383e000397b2c11e3e19"", ""sales_value"": 9106.08, ""seller_category"": ""High Performer"", ""delivered_orders"": 133, ""average_review_score"": 4.23, ""on_time_delivery_rate"": 96.99, ""seller_performance_score"": 82.91}"
13,"Seller Performance vs Revenue Contribution",231,"{""seller"": ""431af27f296bc6519d890aa5a05fdb11"", ""sales_value"": 15103.05, ""seller_category"": ""High Performer"", ""delivered_orders"": 116, ""average_review_score"": 3.81, ""on_time_delivery_rate"": 84.48, ""seller_performance_score"": 82.85}"
13,"Seller Performance vs Revenue Contribution",232,"{""seller"": ""9d5a9018aee56acb367ba9c3f05d1d6a"", ""sales_value"": 11791.39, ""seller_category"": ""High Performer"", ""delivered_orders"": 66, ""average_review_score"": 4.45, ""on_time_delivery_rate"": 98.48, ""seller_performance_score"": 82.85}"
13,"Seller Performance vs Revenue Contribution",233,"{""seller"": ""dd2bdf855a9172734fbc3744021ae9b9"", ""sales_value"": 12599.01, ""seller_category"": ""High Performer"", ""delivered_orders"": 105, ""average_review_score"": 3.87, ""on_time_delivery_rate"": 94.29, ""seller_performance_score"": 82.81}"
13,"Seller Performance vs Revenue Contribution",234,"{""seller"": ""640e21a7d01df7614a3b4923e990d40c"", ""sales_value"": 9960.55, ""seller_category"": ""High Performer"", ""delivered_orders"": 115, ""average_review_score"": 4.33, ""on_time_delivery_rate"": 93.04, ""seller_performance_score"": 82.81}"
13,"Seller Performance vs Revenue Contribution",235,"{""seller"": ""9e6229250fedbe05838fef417b74e7fb"", ""sales_value"": 14797.26, ""seller_category"": ""High Performer"", ""delivered_orders"": 73, ""average_review_score"": 3.89, ""on_time_delivery_rate"": 95.89, ""seller_performance_score"": 82.80}"
13,"Seller Performance vs Revenue Contribution",236,"{""seller"": ""e8b3a3a38279a82f0e5d006d5e5b7d2c"", ""sales_value"": 13408.21, ""seller_category"": ""High Performer"", ""delivered_orders"": 80, ""average_review_score"": 4.02, ""on_time_delivery_rate"": 95.00, ""seller_performance_score"": 82.79}"
13,"Seller Performance vs Revenue Contribution",237,"{""seller"": ""725c32fa80c2faacc4fc88450d27314e"", ""sales_value"": 9166.66, ""seller_category"": ""High Performer"", ""delivered_orders"": 89, ""average_review_score"": 4.52, ""on_time_delivery_rate"": 98.88, ""seller_performance_score"": 82.79}"
13,"Seller Performance vs Revenue Contribution",238,"{""seller"": ""8b28d096634035667e8263d57ba3368c"", ""sales_value"": 11533.04, ""seller_category"": ""High Performer"", ""delivered_orders"": 139, ""average_review_score"": 4.01, ""on_time_delivery_rate"": 88.49, ""seller_performance_score"": 82.64}"
13,"Seller Performance vs Revenue Contribution",239,"{""seller"": ""70c27847eca8195c983ed7e798c56743"", ""sales_value"": 13529.18, ""seller_category"": ""High Performer"", ""delivered_orders"": 77, ""average_review_score"": 4.23, ""on_time_delivery_rate"": 90.91, ""seller_performance_score"": 82.57}"
13,"Seller Performance vs Revenue Contribution",240,"{""seller"": ""ce248b21cb2adc36282ede306b7660e5"", ""sales_value"": 15455.20, ""seller_category"": ""High Performer"", ""delivered_orders"": 64, ""average_review_score"": 4.25, ""on_time_delivery_rate"": 89.06, ""seller_performance_score"": 82.55}"
13,"Seller Performance vs Revenue Contribution",241,"{""seller"": ""1d8dbc4f32378d715c717c1c1fc57bae"", ""sales_value"": 13291.14, ""seller_category"": ""High Performer"", ""delivered_orders"": 91, ""average_review_score"": 4.06, ""on_time_delivery_rate"": 90.11, ""seller_performance_score"": 82.54}"
13,"Seller Performance vs Revenue Contribution",242,"{""seller"": ""4371b634e0efc0e22b09b52907d9d469"", ""sales_value"": 9645.01, ""seller_category"": ""High Performer"", ""delivered_orders"": 101, ""average_review_score"": 4.48, ""on_time_delivery_rate"": 92.08, ""seller_performance_score"": 82.50}"
13,"Seller Performance vs Revenue Contribution",243,"{""seller"": ""440dd6ab244315c632130ecfb63827b1"", ""sales_value"": 15135.68, ""seller_category"": ""High Performer"", ""delivered_orders"": 91, ""average_review_score"": 3.89, ""on_time_delivery_rate"": 86.81, ""seller_performance_score"": 82.49}"
13,"Seller Performance vs Revenue Contribution",244,"{""seller"": ""4e7c18b98d84e05cbae3ff0ff03846c2"", ""sales_value"": 11862.36, ""seller_category"": ""High Performer"", ""delivered_orders"": 81, ""average_review_score"": 4.22, ""on_time_delivery_rate"": 95.06, ""seller_performance_score"": 82.46}"
13,"Seller Performance vs Revenue Contribution",245,"{""seller"": ""4a3ccda38b2129705f3fb522db62ca31"", ""sales_value"": 17508.81, ""seller_category"": ""High Performer"", ""delivered_orders"": 64, ""average_review_score"": 3.94, ""on_time_delivery_rate"": 90.63, ""seller_performance_score"": 82.45}"
13,"Seller Performance vs Revenue Contribution",246,"{""seller"": ""c864036feaab8c1659f65ea4faebe1da"", ""sales_value"": 12299.77, ""seller_category"": ""High Performer"", ""delivered_orders"": 58, ""average_review_score"": 4.57, ""on_time_delivery_rate"": 96.55, ""seller_performance_score"": 82.36}"
13,"Seller Performance vs Revenue Contribution",247,"{""seller"": ""b839e41795b7f3ad94cc2014a52f6796"", ""sales_value"": 43749.93, ""seller_category"": ""High Performer"", ""delivered_orders"": 33, ""average_review_score"": 4.09, ""on_time_delivery_rate"": 96.97, ""seller_performance_score"": 82.25}"
13,"Seller Performance vs Revenue Contribution",248,"{""seller"": ""b8bc237ba3788b23da09c0f1f3a3288c"", ""sales_value"": 15621.16, ""seller_category"": ""High Performer"", ""delivered_orders"": 45, ""average_review_score"": 4.32, ""on_time_delivery_rate"": 97.78, ""seller_performance_score"": 82.18}"
13,"Seller Performance vs Revenue Contribution",249,"{""seller"": ""b94cc9f10ddc85e4ba73a6f7974e7101"", ""sales_value"": 26368.49, ""seller_category"": ""High Performer"", ""delivered_orders"": 39, ""average_review_score"": 4.30, ""on_time_delivery_rate"": 92.31, ""seller_performance_score"": 82.17}"
13,"Seller Performance vs Revenue Contribution",250,"{""seller"": ""e5a3438891c0bfdb9394643f95273d8e"", ""sales_value"": 10830.70, ""seller_category"": ""High Performer"", ""delivered_orders"": 216, ""average_review_score"": 3.98, ""on_time_delivery_rate"": 81.48, ""seller_performance_score"": 81.89}"
13,"Seller Performance vs Revenue Contribution",251,"{""seller"": ""bd23da7354813347129d751591d1a6e2"", ""sales_value"": 11089.16, ""seller_category"": ""High Performer"", ""delivered_orders"": 86, ""average_review_score"": 4.13, ""on_time_delivery_rate"": 95.35, ""seller_performance_score"": 81.86}"
13,"Seller Performance vs Revenue Contribution",252,"{""seller"": ""712e6ed8aa4aa1fa65dab41fed5737e4"", ""sales_value"": 46149.82, ""seller_category"": ""High Performer"", ""delivered_orders"": 77, ""average_review_score"": 3.40, ""on_time_delivery_rate"": 77.92, ""seller_performance_score"": 81.85}"
13,"Seller Performance vs Revenue Contribution",253,"{""seller"": ""d05ae8f7a5bd1d2a690a44cd079e4e27"", ""sales_value"": 14385.65, ""seller_category"": ""High Performer"", ""delivered_orders"": 77, ""average_review_score"": 3.89, ""on_time_delivery_rate"": 90.91, ""seller_performance_score"": 81.83}"
13,"Seller Performance vs Revenue Contribution",254,"{""seller"": ""dbb9b48c841a0e39e21f98e1a6b2ec3e"", ""sales_value"": 8768.26, ""seller_category"": ""High Performer"", ""delivered_orders"": 108, ""average_review_score"": 4.27, ""on_time_delivery_rate"": 96.30, ""seller_performance_score"": 81.73}"
13,"Seller Performance vs Revenue Contribution",255,"{""seller"": ""adbc26658d6c7b4b6219f9d934598091"", ""sales_value"": 13692.25, ""seller_category"": ""High Performer"", ""delivered_orders"": 88, ""average_review_score"": 4.13, ""on_time_delivery_rate"": 84.09, ""seller_performance_score"": 81.67}"
13,"Seller Performance vs Revenue Contribution",256,"{""seller"": ""ca3bd7cd9f149df75950150d010fe4a2"", ""sales_value"": 12572.36, ""seller_category"": ""High Performer"", ""delivered_orders"": 68, ""average_review_score"": 4.09, ""on_time_delivery_rate"": 95.59, ""seller_performance_score"": 81.62}"
13,"Seller Performance vs Revenue Contribution",257,"{""seller"": ""080102cd0a76b09e0dcf55fcacc60e05"", ""sales_value"": 7773.48, ""seller_category"": ""High Performer"", ""delivered_orders"": 122, ""average_review_score"": 4.52, ""on_time_delivery_rate"": 95.90, ""seller_performance_score"": 81.57}"
13,"Seller Performance vs Revenue Contribution",258,"{""seller"": ""3db66a856d18a9cba7c9241fc5221c50"", ""sales_value"": 11522.66, ""seller_category"": ""High Performer"", ""delivered_orders"": 94, ""average_review_score"": 4.18, ""on_time_delivery_rate"": 88.30, ""seller_performance_score"": 81.56}"
13,"Seller Performance vs Revenue Contribution",259,"{""seller"": ""8a432f4e5b471f8da497d7dc517666e2"", ""sales_value"": 9520.11, ""seller_category"": ""High Performer"", ""delivered_orders"": 95, ""average_review_score"": 4.19, ""on_time_delivery_rate"": 94.74, ""seller_performance_score"": 81.54}"
13,"Seller Performance vs Revenue Contribution",260,"{""seller"": ""81a1104df0f08b59c68aa5b03cfe398e"", ""sales_value"": 11115.43, ""seller_category"": ""High Performer"", ""delivered_orders"": 72, ""average_review_score"": 4.31, ""on_time_delivery_rate"": 94.44, ""seller_performance_score"": 81.48}"
13,"Seller Performance vs Revenue Contribution",261,"{""seller"": ""cb8bcce248bb1fb274ba762d8b971456"", ""sales_value"": 10352.49, ""seller_category"": ""High Performer"", ""delivered_orders"": 66, ""average_review_score"": 4.33, ""on_time_delivery_rate"": 98.48, ""seller_performance_score"": 81.35}"
13,"Seller Performance vs Revenue Contribution",262,"{""seller"": ""0432ead42b6c8a0bdf68154add917fdf"", ""sales_value"": 8754.40, ""seller_category"": ""High Performer"", ""delivered_orders"": 82, ""average_review_score"": 4.54, ""on_time_delivery_rate"": 96.34, ""seller_performance_score"": 81.33}"
13,"Seller Performance vs Revenue Contribution",263,"{""seller"": ""1127b7f2594683f2510f1c2c834a486b"", ""sales_value"": 8438.40, ""seller_category"": ""High Performer"", ""delivered_orders"": 110, ""average_review_score"": 4.20, ""on_time_delivery_rate"": 97.27, ""seller_performance_score"": 81.26}"
13,"Seller Performance vs Revenue Contribution",264,"{""seller"": ""056b4ada5bbc2c50cc7842547dda6b51"", ""sales_value"": 13485.79, ""seller_category"": ""High Performer"", ""delivered_orders"": 64, ""average_review_score"": 4.21, ""on_time_delivery_rate"": 89.06, ""seller_performance_score"": 81.09}"
13,"Seller Performance vs Revenue Contribution",265,"{""seller"": ""8c16d1f32a54d92897cc437244442e1b"", ""sales_value"": 7754.67, ""seller_category"": ""High Performer"", ""delivered_orders"": 108, ""average_review_score"": 4.36, ""on_time_delivery_rate"": 99.07, ""seller_performance_score"": 81.08}"
13,"Seller Performance vs Revenue Contribution",266,"{""seller"": ""34d1ca11b242c0fee2c834ae8d788566"", ""sales_value"": 14404.28, ""seller_category"": ""High Performer"", ""delivered_orders"": 40, ""average_review_score"": 4.33, ""on_time_delivery_rate"": 100.00, ""seller_performance_score"": 81.01}"
13,"Seller Performance vs Revenue Contribution",267,"{""seller"": ""dd7ddc04e1b6c2c614352b383efe2d36"", ""sales_value"": 12025.18, ""seller_category"": ""High Performer"", ""delivered_orders"": 121, ""average_review_score"": 3.88, ""on_time_delivery_rate"": 84.30, ""seller_performance_score"": 80.99}"
13,"Seller Performance vs Revenue Contribution",268,"{""seller"": ""ebd2d60905fb58271facef5596b620d3"", ""sales_value"": 9350.40, ""seller_category"": ""High Performer"", ""delivered_orders"": 82, ""average_review_score"": 4.23, ""on_time_delivery_rate"": 96.34, ""seller_performance_score"": 80.90}"
13,"Seller Performance vs Revenue Contribution",269,"{""seller"": ""36a968b544695394e4e9d7572688598f"", ""sales_value"": 8917.70, ""seller_category"": ""High Performer"", ""delivered_orders"": 148, ""average_review_score"": 3.76, ""on_time_delivery_rate"": 95.27, ""seller_performance_score"": 80.89}"
13,"Seller Performance vs Revenue Contribution",270,"{""seller"": ""a888faf2d1baececa6baf9c3d603ee1f"", ""sales_value"": 18672.75, ""seller_category"": ""High Performer"", ""delivered_orders"": 53, ""average_review_score"": 4.09, ""on_time_delivery_rate"": 84.91, ""seller_performance_score"": 80.84}"
13,"Seller Performance vs Revenue Contribution",271,"{""seller"": ""c66dccfb3f109511246da627dd5a2498"", ""sales_value"": 13127.29, ""seller_category"": ""High Performer"", ""delivered_orders"": 44, ""average_review_score"": 4.57, ""on_time_delivery_rate"": 95.45, ""seller_performance_score"": 80.83}"
13,"Seller Performance vs Revenue Contribution",272,"{""seller"": ""282f23a9769b2690c5dda22e316f9941"", ""sales_value"": 8331.05, ""seller_category"": ""High Performer"", ""delivered_orders"": 98, ""average_review_score"": 4.37, ""on_time_delivery_rate"": 94.90, ""seller_performance_score"": 80.81}"
13,"Seller Performance vs Revenue Contribution",273,"{""seller"": ""2bf6a2c1e71bbd29a4ad64e6d3c3629f"", ""sales_value"": 51629.49, ""seller_category"": ""High Performer"", ""delivered_orders"": 30, ""average_review_score"": 4.17, ""on_time_delivery_rate"": 90.00, ""seller_performance_score"": 80.77}"
13,"Seller Performance vs Revenue Contribution",274,"{""seller"": ""8e6d7754bc7e0f22c96d255ebda59eba"", ""sales_value"": 15793.35, ""seller_category"": ""High Performer"", ""delivered_orders"": 84, ""average_review_score"": 3.64, ""on_time_delivery_rate"": 83.33, ""seller_performance_score"": 80.71}"
13,"Seller Performance vs Revenue Contribution",275,"{""seller"": ""f27e33c6d29b5138fa9967bcd445b6d5"", ""sales_value"": 10482.25, ""seller_category"": ""High Performer"", ""delivered_orders"": 93, ""average_review_score"": 4.10, ""on_time_delivery_rate"": 89.25, ""seller_performance_score"": 80.66}"
13,"Seller Performance vs Revenue Contribution",276,"{""seller"": ""8a32e327fe2c1b3511609d81aaf9f042"", ""sales_value"": 8338.86, ""seller_category"": ""High Performer"", ""delivered_orders"": 126, ""average_review_score"": 3.95, ""on_time_delivery_rate"": 96.83, ""seller_performance_score"": 80.60}"
13,"Seller Performance vs Revenue Contribution",277,"{""seller"": ""a7f13822ceb966b076af67121f87b063"", ""sales_value"": 14980.43, ""seller_category"": ""High Performer"", ""delivered_orders"": 73, ""average_review_score"": 3.40, ""on_time_delivery_rate"": 93.15, ""seller_performance_score"": 80.45}"
13,"Seller Performance vs Revenue Contribution",278,"{""seller"": ""05f51e13da97139648b8125c31e5f51b"", ""sales_value"": 14988.96, ""seller_category"": ""High Performer"", ""delivered_orders"": 57, ""average_review_score"": 4.23, ""on_time_delivery_rate"": 84.21, ""seller_performance_score"": 80.37}"
13,"Seller Performance vs Revenue Contribution",279,"{""seller"": ""066a6914e1ebf3ea95a216c73a986b91"", ""sales_value"": 10611.56, ""seller_category"": ""High Performer"", ""delivered_orders"": 66, ""average_review_score"": 4.09, ""on_time_delivery_rate"": 96.97, ""seller_performance_score"": 80.28}"
13,"Seller Performance vs Revenue Contribution",280,"{""seller"": ""99eaacc9e6046db1c82b163c5f84869f"", ""sales_value"": 13723.94, ""seller_category"": ""High Performer"", ""delivered_orders"": 63, ""average_review_score"": 4.00, ""on_time_delivery_rate"": 88.89, ""seller_performance_score"": 80.22}"
13,"Seller Performance vs Revenue Contribution",281,"{""seller"": ""7b0df942f46435babab05d49b744b2c4"", ""sales_value"": 23272.78, ""seller_category"": ""High Performer"", ""delivered_orders"": 32, ""average_review_score"": 4.39, ""on_time_delivery_rate"": 90.63, ""seller_performance_score"": 80.18}"
13,"Seller Performance vs Revenue Contribution",282,"{""seller"": ""e24fc9fcd865784fb25705606fe3dfe7"", ""sales_value"": 13780.71, ""seller_category"": ""High Performer"", ""delivered_orders"": 51, ""average_review_score"": 4.16, ""on_time_delivery_rate"": 92.16, ""seller_performance_score"": 80.14}"
13,"Seller Performance vs Revenue Contribution",283,"{""seller"": ""537eb890efff034a88679788b647c564"", ""sales_value"": 7093.44, ""seller_category"": ""High Performer"", ""delivered_orders"": 158, ""average_review_score"": 4.24, ""on_time_delivery_rate"": 94.30, ""seller_performance_score"": 80.13}"
13,"Seller Performance vs Revenue Contribution",284,"{""seller"": ""b92e3c8f9738272ff7c59e111e108d7c"", ""sales_value"": 10645.30, ""seller_category"": ""High Performer"", ""delivered_orders"": 62, ""average_review_score"": 4.17, ""on_time_delivery_rate"": 96.77, ""seller_performance_score"": 80.08}"
13,"Seller Performance vs Revenue Contribution",285,"{""seller"": ""f62d7bb4a613ec758a03342d46b580b2"", ""sales_value"": 26790.59, ""seller_category"": ""High Performer"", ""delivered_orders"": 32, ""average_review_score"": 4.38, ""on_time_delivery_rate"": 87.50, ""seller_performance_score"": 80.02}"
13,"Seller Performance vs Revenue Contribution",286,"{""seller"": ""aac29b1b99776be73c3049939652091d"", ""sales_value"": 9133.28, ""seller_category"": ""High Performer"", ""delivered_orders"": 94, ""average_review_score"": 4.17, ""on_time_delivery_rate"": 90.43, ""seller_performance_score"": 79.97}"
13,"Seller Performance vs Revenue Contribution",287,"{""seller"": ""165fc07beebdcb6190fba8a06db2a449"", ""sales_value"": 19081.43, ""seller_category"": ""High Performer"", ""delivered_orders"": 50, ""average_review_score"": 3.80, ""on_time_delivery_rate"": 88.00, ""seller_performance_score"": 79.96}"
13,"Seller Performance vs Revenue Contribution",288,"{""seller"": ""d1b65fc7debc3361ea86b5f14c68d2e2"", ""sales_value"": 12823.32, ""seller_category"": ""High Performer"", ""delivered_orders"": 39, ""average_review_score"": 4.64, ""on_time_delivery_rate"": 94.87, ""seller_performance_score"": 79.89}"
13,"Seller Performance vs Revenue Contribution",289,"{""seller"": ""b1fc4f64df5a0e8b6913ab38803c57a9"", ""sales_value"": 10140.99, ""seller_category"": ""High Performer"", ""delivered_orders"": 107, ""average_review_score"": 3.86, ""on_time_delivery_rate"": 87.85, ""seller_performance_score"": 79.80}"
13,"Seller Performance vs Revenue Contribution",290,"{""seller"": ""bd0389da23d89b726abf911cccc54596"", ""sales_value"": 9128.47, ""seller_category"": ""High Performer"", ""delivered_orders"": 87, ""average_review_score"": 4.17, ""on_time_delivery_rate"": 91.95, ""seller_performance_score"": 79.76}"
13,"Seller Performance vs Revenue Contribution",291,"{""seller"": ""c847e075301870dd144a116762eaff9a"", ""sales_value"": 16341.48, ""seller_category"": ""High Performer"", ""delivered_orders"": 41, ""average_review_score"": 4.20, ""on_time_delivery_rate"": 90.24, ""seller_performance_score"": 79.73}"
13,"Seller Performance vs Revenue Contribution",292,"{""seller"": ""2dee2ce60de9709b1a24083217181a1f"", ""sales_value"": 9844.56, ""seller_category"": ""High Performer"", ""delivered_orders"": 54, ""average_review_score"": 4.43, ""on_time_delivery_rate"": 98.15, ""seller_performance_score"": 79.73}"
13,"Seller Performance vs Revenue Contribution",293,"{""seller"": ""08633c14ef2db992c11f840f04fad4cd"", ""sales_value"": 9068.82, ""seller_category"": ""High Performer"", ""delivered_orders"": 74, ""average_review_score"": 4.36, ""on_time_delivery_rate"": 93.24, ""seller_performance_score"": 79.73}"
13,"Seller Performance vs Revenue Contribution",294,"{""seller"": ""609e1a9a6c2539919b8205cf7c4e6ff0"", ""sales_value"": 9282.42, ""seller_category"": ""High Performer"", ""delivered_orders"": 87, ""average_review_score"": 3.81, ""on_time_delivery_rate"": 97.70, ""seller_performance_score"": 79.72}"
13,"Seller Performance vs Revenue Contribution",295,"{""seller"": ""9616352088dcf83a7c06637f4ebf1c80"", ""sales_value"": 7409.80, ""seller_category"": ""High Performer"", ""delivered_orders"": 91, ""average_review_score"": 4.34, ""on_time_delivery_rate"": 100.00, ""seller_performance_score"": 79.72}"
13,"Seller Performance vs Revenue Contribution",296,"{""seller"": ""01cf7e3d21494c41fb86034f2e714fa1"", ""sales_value"": 11404.01, ""seller_category"": ""High Performer"", ""delivered_orders"": 59, ""average_review_score"": 4.12, ""on_time_delivery_rate"": 94.92, ""seller_performance_score"": 79.70}"
13,"Seller Performance vs Revenue Contribution",297,"{""seller"": ""dee656f0f566ed1aa85bd137c943f08f"", ""sales_value"": 7883.07, ""seller_category"": ""High Performer"", ""delivered_orders"": 92, ""average_review_score"": 4.37, ""on_time_delivery_rate"": 94.57, ""seller_performance_score"": 79.68}"
13,"Seller Performance vs Revenue Contribution",298,"{""seller"": ""6061155addc1e54b4cfb51c1c2a32ad8"", ""sales_value"": 16513.31, ""seller_category"": ""High Performer"", ""delivered_orders"": 28, ""average_review_score"": 4.67, ""on_time_delivery_rate"": 96.43, ""seller_performance_score"": 79.64}"
13,"Seller Performance vs Revenue Contribution",299,"{""seller"": ""6a8b085f816a1f75f92dbac6eb545f8f"", ""sales_value"": 8038.22, ""seller_category"": ""High Performer"", ""delivered_orders"": 125, ""average_review_score"": 4.16, ""on_time_delivery_rate"": 90.40, ""seller_performance_score"": 79.62}"
13,"Seller Performance vs Revenue Contribution",300,"{""seller"": ""5b925e1d006e9476d738aa200751b73b"", ""sales_value"": 8801.84, ""seller_category"": ""High Performer"", ""delivered_orders"": 63, ""average_review_score"": 4.61, ""on_time_delivery_rate"": 93.65, ""seller_performance_score"": 79.60}"
13,"Seller Performance vs Revenue Contribution",301,"{""seller"": ""5343d0649eca2a983820bfe93fc4d17e"", ""sales_value"": 12194.09, ""seller_category"": ""High Performer"", ""delivered_orders"": 70, ""average_review_score"": 3.87, ""on_time_delivery_rate"": 90.00, ""seller_performance_score"": 79.57}"
13,"Seller Performance vs Revenue Contribution",302,"{""seller"": ""fc906263ca5083d09dce42fe02247800"", ""sales_value"": 6273.28, ""seller_category"": ""High Performer"", ""delivered_orders"": 112, ""average_review_score"": 4.38, ""on_time_delivery_rate"": 100.00, ""seller_performance_score"": 79.51}"
13,"Seller Performance vs Revenue Contribution",303,"{""seller"": ""516e7738bd8f735ac19a010ee5450d8d"", ""sales_value"": 7905.69, ""seller_category"": ""High Performer"", ""delivered_orders"": 74, ""average_review_score"": 4.64, ""on_time_delivery_rate"": 94.59, ""seller_performance_score"": 79.47}"
13,"Seller Performance vs Revenue Contribution",304,"{""seller"": ""7202e2ba20579a9bd1acb29e61fe71f6"", ""sales_value"": 13217.21, ""seller_category"": ""High Performer"", ""delivered_orders"": 51, ""average_review_score"": 3.98, ""on_time_delivery_rate"": 94.12, ""seller_performance_score"": 79.37}"
13,"Seller Performance vs Revenue Contribution",305,"{""seller"": ""abe42c5d03695b4257b5c6cbf4e6784e"", ""sales_value"": 17947.55, ""seller_category"": ""High Performer"", ""delivered_orders"": 49, ""average_review_score"": 3.96, ""on_time_delivery_rate"": 83.67, ""seller_performance_score"": 79.37}"
13,"Seller Performance vs Revenue Contribution",306,"{""seller"": ""18a349e75d307f4b4cc646a691ed4216"", ""sales_value"": 9315.87, ""seller_category"": ""High Performer"", ""delivered_orders"": 109, ""average_review_score"": 3.60, ""on_time_delivery_rate"": 93.58, ""seller_performance_score"": 79.34}"
13,"Seller Performance vs Revenue Contribution",307,"{""seller"": ""5d0363b33554b373851fc1622e4d5f3c"", ""sales_value"": 8724.27, ""seller_category"": ""High Performer"", ""delivered_orders"": 93, ""average_review_score"": 4.08, ""on_time_delivery_rate"": 91.40, ""seller_performance_score"": 79.22}"
13,"Seller Performance vs Revenue Contribution",308,"{""seller"": ""b1a81260566c1bac3114a6d124413f27"", ""sales_value"": 10250.20, ""seller_category"": ""High Performer"", ""delivered_orders"": 51, ""average_review_score"": 4.27, ""on_time_delivery_rate"": 98.04, ""seller_performance_score"": 79.16}"
13,"Seller Performance vs Revenue Contribution",309,"{""seller"": ""ececbfcff9804a2d6b40f589df8eef2b"", ""sales_value"": 8548.46, ""seller_category"": ""High Performer"", ""delivered_orders"": 97, ""average_review_score"": 4.12, ""on_time_delivery_rate"": 89.69, ""seller_performance_score"": 79.09}"
13,"Seller Performance vs Revenue Contribution",310,"{""seller"": ""8648b1e89e9b349e32d3741b30ec737e"", ""sales_value"": 8649.02, ""seller_category"": ""High Performer"", ""delivered_orders"": 93, ""average_review_score"": 4.17, ""on_time_delivery_rate"": 89.25, ""seller_performance_score"": 79.08}"
13,"Seller Performance vs Revenue Contribution",311,"{""seller"": ""e333046ce6517bd8bb510291d44f0130"", ""sales_value"": 8699.32, ""seller_category"": ""High Performer"", ""delivered_orders"": 68, ""average_review_score"": 4.34, ""on_time_delivery_rate"": 94.12, ""seller_performance_score"": 79.01}"
13,"Seller Performance vs Revenue Contribution",312,"{""seller"": ""2c9e548be18521d1c43cde1c582c6de8"", ""sales_value"": 8470.09, ""seller_category"": ""High Performer"", ""delivered_orders"": 124, ""average_review_score"": 4.13, ""on_time_delivery_rate"": 83.87, ""seller_performance_score"": 78.79}"
13,"Seller Performance vs Revenue Contribution",313,"{""seller"": ""8e6cc767478edae941d9bd9eb778d77a"", ""sales_value"": 8098.61, ""seller_category"": ""High Performer"", ""delivered_orders"": 100, ""average_review_score"": 4.08, ""on_time_delivery_rate"": 92.00, ""seller_performance_score"": 78.78}"
13,"Seller Performance vs Revenue Contribution",314,"{""seller"": ""31344c16881c08a8a72c6d2eb29918c1"", ""sales_value"": 11574.35, ""seller_category"": ""High Performer"", ""delivered_orders"": 42, ""average_review_score"": 4.43, ""on_time_delivery_rate"": 95.24, ""seller_performance_score"": 78.68}"
13,"Seller Performance vs Revenue Contribution",315,"{""seller"": ""7d456afc660226829370f3173d14520c"", ""sales_value"": 9579.53, ""seller_category"": ""High Performer"", ""delivered_orders"": 55, ""average_review_score"": 4.36, ""on_time_delivery_rate"": 94.55, ""seller_performance_score"": 78.67}"
13,"Seller Performance vs Revenue Contribution",316,"{""seller"": ""09f952a5f58d2285b0372551ae8f9b01"", ""sales_value"": 13346.46, ""seller_category"": ""High Performer"", ""delivered_orders"": 50, ""average_review_score"": 3.84, ""on_time_delivery_rate"": 94.00, ""seller_performance_score"": 78.66}"
13,"Seller Performance vs Revenue Contribution",317,"{""seller"": ""33a17d60c64393351ebf1ef860f4e0f2"", ""sales_value"": 9431.86, ""seller_category"": ""High Performer"", ""delivered_orders"": 43, ""average_review_score"": 4.63, ""on_time_delivery_rate"": 97.67, ""seller_performance_score"": 78.61}"
13,"Seller Performance vs Revenue Contribution",318,"{""seller"": ""6b243f80ed07b10f0e8aa0f21a205f3c"", ""sales_value"": 7807.40, ""seller_category"": ""High Performer"", ""delivered_orders"": 79, ""average_review_score"": 4.27, ""on_time_delivery_rate"": 96.20, ""seller_performance_score"": 78.60}"
13,"Seller Performance vs Revenue Contribution",319,"{""seller"": ""6d803cb79cc31c41c4c789a75933b3c7"", ""sales_value"": 9925.07, ""seller_category"": ""High Performer"", ""delivered_orders"": 58, ""average_review_score"": 4.25, ""on_time_delivery_rate"": 93.10, ""seller_performance_score"": 78.59}"
13,"Seller Performance vs Revenue Contribution",320,"{""seller"": ""6973a06f484aacf400ece213dbf3d946"", ""sales_value"": 11706.59, ""seller_category"": ""High Performer"", ""delivered_orders"": 89, ""average_review_score"": 3.74, ""on_time_delivery_rate"": 83.15, ""seller_performance_score"": 78.59}"
13,"Seller Performance vs Revenue Contribution",321,"{""seller"": ""240b9776d844d37535668549a396af32"", ""sales_value"": 14171.65, ""seller_category"": ""High Performer"", ""delivered_orders"": 35, ""average_review_score"": 4.34, ""on_time_delivery_rate"": 94.29, ""seller_performance_score"": 78.55}"
13,"Seller Performance vs Revenue Contribution",322,"{""seller"": ""670c26e0f1bf8d0576271d5cfaec6d2b"", ""sales_value"": 7930.47, ""seller_category"": ""High Performer"", ""delivered_orders"": 77, ""average_review_score"": 4.31, ""on_time_delivery_rate"": 94.81, ""seller_performance_score"": 78.51}"
13,"Seller Performance vs Revenue Contribution",323,"{""seller"": ""75d34ebb1bd0bd7dde40dd507b8169c3"", ""sales_value"": 13969.77, ""seller_category"": ""High Performer"", ""delivered_orders"": 57, ""average_review_score"": 3.93, ""on_time_delivery_rate"": 84.21, ""seller_performance_score"": 78.47}"
13,"Seller Performance vs Revenue Contribution",324,"{""seller"": ""624f4ece8da4aafb77699233d480f8ef"", ""sales_value"": 10751.55, ""seller_category"": ""High Performer"", ""delivered_orders"": 52, ""average_review_score"": 4.25, ""on_time_delivery_rate"": 92.31, ""seller_performance_score"": 78.45}"
13,"Seller Performance vs Revenue Contribution",325,"{""seller"": ""6039e27294dc75811c0d8a39069f52c0"", ""sales_value"": 15835.52, ""seller_category"": ""High Performer"", ""delivered_orders"": 63, ""average_review_score"": 3.75, ""on_time_delivery_rate"": 77.78, ""seller_performance_score"": 78.35}"
13,"Seller Performance vs Revenue Contribution",326,"{""seller"": ""3078096983cf766a32a06257648502d1"", ""sales_value"": 9281.09, ""seller_category"": ""High Performer"", ""delivered_orders"": 56, ""average_review_score"": 4.30, ""on_time_delivery_rate"": 94.64, ""seller_performance_score"": 78.26}"
13,"Seller Performance vs Revenue Contribution",327,"{""seller"": ""750303a20e9c56b2a6bc45cdce0b897d"", ""sales_value"": 9164.82, ""seller_category"": ""High Performer"", ""delivered_orders"": 53, ""average_review_score"": 4.30, ""on_time_delivery_rate"": 96.23, ""seller_performance_score"": 78.13}"
13,"Seller Performance vs Revenue Contribution",328,"{""seller"": ""5f2684dab12e59f83bef73ae57724e45"", ""sales_value"": 9980.72, ""seller_category"": ""High Performer"", ""delivered_orders"": 67, ""average_review_score"": 3.79, ""on_time_delivery_rate"": 94.03, ""seller_performance_score"": 78.09}"
13,"Seller Performance vs Revenue Contribution",329,"{""seller"": ""57e632711dec9ec14ca7546769483e7e"", ""sales_value"": 7558.04, ""seller_category"": ""High Performer"", ""delivered_orders"": 62, ""average_review_score"": 4.40, ""on_time_delivery_rate"": 100.00, ""seller_performance_score"": 77.93}"
13,"Seller Performance vs Revenue Contribution",330,"{""seller"": ""376a891762bbdecbc02b4b6adec3fdda"", ""sales_value"": 7693.63, ""seller_category"": ""High Performer"", ""delivered_orders"": 57, ""average_review_score"": 4.67, ""on_time_delivery_rate"": 96.49, ""seller_performance_score"": 77.90}"
13,"Seller Performance vs Revenue Contribution",331,"{""seller"": ""dbd66278cbfe1aa1000f90a217ca4695"", ""sales_value"": 6472.77, ""seller_category"": ""High Performer"", ""delivered_orders"": 85, ""average_review_score"": 4.51, ""on_time_delivery_rate"": 94.12, ""seller_performance_score"": 77.74}"
13,"Seller Performance vs Revenue Contribution",332,"{""seller"": ""c72de06d72748d1a0dfb2125be43ba63"", ""sales_value"": 18733.18, ""seller_category"": ""High Performer"", ""delivered_orders"": 21, ""average_review_score"": 4.48, ""on_time_delivery_rate"": 100.00, ""seller_performance_score"": 77.73}"
13,"Seller Performance vs Revenue Contribution",333,"{""seller"": ""4e17c65a516f69d023a2ae78b84f28d6"", ""sales_value"": 8794.80, ""seller_category"": ""High Performer"", ""delivered_orders"": 61, ""average_review_score"": 4.23, ""on_time_delivery_rate"": 93.44, ""seller_performance_score"": 77.66}"
13,"Seller Performance vs Revenue Contribution",334,"{""seller"": ""59417c56835dd8e2e72f91f809cd4092"", ""sales_value"": 37657.77, ""seller_category"": ""High Performer"", ""delivered_orders"": 18, ""average_review_score"": 4.28, ""on_time_delivery_rate"": 100.00, ""seller_performance_score"": 77.62}"
13,"Seller Performance vs Revenue Contribution",335,"{""seller"": ""058fd0aa2bfdb2274e05e1ae971dabb6"", ""sales_value"": 8428.78, ""seller_category"": ""High Performer"", ""delivered_orders"": 60, ""average_review_score"": 4.38, ""on_time_delivery_rate"": 93.33, ""seller_performance_score"": 77.60}"
13,"Seller Performance vs Revenue Contribution",336,"{""seller"": ""8e8a7ce9f2f970dc00e2acf6f6e199f6"", ""sales_value"": 9968.78, ""seller_category"": ""High Performer"", ""delivered_orders"": 63, ""average_review_score"": 3.97, ""on_time_delivery_rate"": 90.48, ""seller_performance_score"": 77.58}"
13,"Seller Performance vs Revenue Contribution",337,"{""seller"": ""b410bdd36d5db7a65dcd42b7ead933b8"", ""sales_value"": 8319.71, ""seller_category"": ""High Performer"", ""delivered_orders"": 42, ""average_review_score"": 4.81, ""on_time_delivery_rate"": 97.62, ""seller_performance_score"": 77.54}"
13,"Seller Performance vs Revenue Contribution",338,"{""seller"": ""6c177e38df6d3f34182b1f1d427231bf"", ""sales_value"": 9115.05, ""seller_category"": ""High Performer"", ""delivered_orders"": 53, ""average_review_score"": 4.15, ""on_time_delivery_rate"": 96.23, ""seller_performance_score"": 77.39}"
13,"Seller Performance vs Revenue Contribution",339,"{""seller"": ""cc63f0dd2acba93ffed4fe9f8e0321fa"", ""sales_value"": 8496.68, ""seller_category"": ""High Performer"", ""delivered_orders"": 55, ""average_review_score"": 4.09, ""on_time_delivery_rate"": 100.00, ""seller_performance_score"": 77.37}"
13,"Seller Performance vs Revenue Contribution",340,"{""seller"": ""7d76b645482be4a332374e8223836592"", ""sales_value"": 6287.77, ""seller_category"": ""High Performer"", ""delivered_orders"": 172, ""average_review_score"": 4.00, ""on_time_delivery_rate"": 88.37, ""seller_performance_score"": 77.36}"
13,"Seller Performance vs Revenue Contribution",341,"{""seller"": ""7a241947449cc45dbfda4f9d0798d9d0"", ""sales_value"": 9309.64, ""seller_category"": ""High Performer"", ""delivered_orders"": 56, ""average_review_score"": 4.15, ""on_time_delivery_rate"": 92.86, ""seller_performance_score"": 77.36}"
13,"Seller Performance vs Revenue Contribution",342,"{""seller"": ""fcb5ace8bcc92f75707dc0f01a27d269"", ""sales_value"": 8914.84, ""seller_category"": ""High Performer"", ""delivered_orders"": 59, ""average_review_score"": 4.00, ""on_time_delivery_rate"": 96.61, ""seller_performance_score"": 77.35}"
13,"Seller Performance vs Revenue Contribution",343,"{""seller"": ""aced59e9b31ef866a94f9e7f29d8d418"", ""sales_value"": 8315.80, ""seller_category"": ""High Performer"", ""delivered_orders"": 61, ""average_review_score"": 4.42, ""on_time_delivery_rate"": 91.80, ""seller_performance_score"": 77.32}"
13,"Seller Performance vs Revenue Contribution",344,"{""seller"": ""8bb48dc19fccaa8613b6229bf7f452a2"", ""sales_value"": 6048.12, ""seller_category"": ""High Performer"", ""delivered_orders"": 82, ""average_review_score"": 4.42, ""on_time_delivery_rate"": 97.56, ""seller_performance_score"": 77.18}"
13,"Seller Performance vs Revenue Contribution",345,"{""seller"": ""83e197e95a1bbabc8c75e883ed016c47"", ""sales_value"": 7535.52, ""seller_category"": ""High Performer"", ""delivered_orders"": 46, ""average_review_score"": 4.80, ""on_time_delivery_rate"": 97.83, ""seller_performance_score"": 77.10}"
13,"Seller Performance vs Revenue Contribution",346,"{""seller"": ""e9d99831abad74458942f21e16f33f92"", ""sales_value"": 6916.06, ""seller_category"": ""High Performer"", ""delivered_orders"": 130, ""average_review_score"": 3.93, ""on_time_delivery_rate"": 89.23, ""seller_performance_score"": 77.08}"
13,"Seller Performance vs Revenue Contribution",347,"{""seller"": ""d566c37fa119d5e66c4e9052e83ee4ea"", ""sales_value"": 6124.92, ""seller_category"": ""High Performer"", ""delivered_orders"": 65, ""average_review_score"": 4.69, ""on_time_delivery_rate"": 96.92, ""seller_performance_score"": 76.99}"
13,"Seller Performance vs Revenue Contribution",348,"{""seller"": ""062ce95fa2ad4dfaedfc79260130565f"", ""sales_value"": 8663.43, ""seller_category"": ""High Performer"", ""delivered_orders"": 54, ""average_review_score"": 4.09, ""on_time_delivery_rate"": 96.30, ""seller_performance_score"": 76.78}"
13,"Seller Performance vs Revenue Contribution",349,"{""seller"": ""3bb548e3cb7f70f28e3f11ee9dce0e59"", ""sales_value"": 8586.81, ""seller_category"": ""High Performer"", ""delivered_orders"": 46, ""average_review_score"": 4.20, ""on_time_delivery_rate"": 100.00, ""seller_performance_score"": 76.77}"
13,"Seller Performance vs Revenue Contribution",350,"{""seller"": ""db4350fd57ae30082dec7acbaacc17f9"", ""sales_value"": 5369.02, ""seller_category"": ""High Performer"", ""delivered_orders"": 136, ""average_review_score"": 4.16, ""on_time_delivery_rate"": 96.32, ""seller_performance_score"": 76.77}"
13,"Seller Performance vs Revenue Contribution",351,"{""seller"": ""23d7c96d4a1160db1c726b248601b25a"", ""sales_value"": 11947.17, ""seller_category"": ""High Performer"", ""delivered_orders"": 50, ""average_review_score"": 3.92, ""on_time_delivery_rate"": 88.00, ""seller_performance_score"": 76.73}"
13,"Seller Performance vs Revenue Contribution",352,"{""seller"": ""1bb2bdb95f4841f1bba2c0d2cd83d3c9"", ""sales_value"": 6023.93, ""seller_category"": ""High Performer"", ""delivered_orders"": 79, ""average_review_score"": 4.63, ""on_time_delivery_rate"": 92.41, ""seller_performance_score"": 76.68}"
13,"Seller Performance vs Revenue Contribution",353,"{""seller"": ""2ff97219cb8622eaf3cd89b7d9c09824"", ""sales_value"": 5698.70, ""seller_category"": ""High Performer"", ""delivered_orders"": 87, ""average_review_score"": 4.54, ""on_time_delivery_rate"": 94.25, ""seller_performance_score"": 76.60}"
13,"Seller Performance vs Revenue Contribution",354,"{""seller"": ""fffd5413c0700ac820c7069d66d98c89"", ""sales_value"": 11125.30, ""seller_category"": ""High Performer"", ""delivered_orders"": 57, ""average_review_score"": 3.89, ""on_time_delivery_rate"": 85.96, ""seller_performance_score"": 76.58}"
13,"Seller Performance vs Revenue Contribution",355,"{""seller"": ""a420f60ff1aa9acc80d0e42959f2b313"", ""sales_value"": 8543.27, ""seller_category"": ""High Performer"", ""delivered_orders"": 67, ""average_review_score"": 3.95, ""on_time_delivery_rate"": 91.04, ""seller_performance_score"": 76.53}"
13,"Seller Performance vs Revenue Contribution",356,"{""seller"": ""1f1bb1f0859883505541bdd6606193e5"", ""sales_value"": 16562.87, ""seller_category"": ""High Performer"", ""delivered_orders"": 27, ""average_review_score"": 4.33, ""on_time_delivery_rate"": 88.89, ""seller_performance_score"": 76.52}"
13,"Seller Performance vs Revenue Contribution",357,"{""seller"": ""d9bd94811c3338dceb4181f3dbc0c73e"", ""sales_value"": 7682.11, ""seller_category"": ""High Performer"", ""delivered_orders"": 54, ""average_review_score"": 4.80, ""on_time_delivery_rate"": 88.89, ""seller_performance_score"": 76.50}"
13,"Seller Performance vs Revenue Contribution",358,"{""seller"": ""b76dba6c951ab00dc4edf0a1aa88037e"", ""sales_value"": 4827.34, ""seller_category"": ""High Performer"", ""delivered_orders"": 157, ""average_review_score"": 4.22, ""on_time_delivery_rate"": 96.82, ""seller_performance_score"": 76.49}"
13,"Seller Performance vs Revenue Contribution",359,"{""seller"": ""34056b8b55c1775a22af2331670a799c"", ""sales_value"": 8150.21, ""seller_category"": ""High Performer"", ""delivered_orders"": 77, ""average_review_score"": 4.04, ""on_time_delivery_rate"": 88.31, ""seller_performance_score"": 76.49}"
13,"Seller Performance vs Revenue Contribution",360,"{""seller"": ""d13e50eaa47b4cbe9eb81465865d8cfc"", ""sales_value"": 7907.55, ""seller_category"": ""High Performer"", ""delivered_orders"": 66, ""average_review_score"": 4.82, ""on_time_delivery_rate"": 78.79, ""seller_performance_score"": 76.47}"
13,"Seller Performance vs Revenue Contribution",361,"{""seller"": ""048c2757535328e0d7dac690ad3c0aae"", ""sales_value"": 10312.41, ""seller_category"": ""High Performer"", ""delivered_orders"": 50, ""average_review_score"": 4.24, ""on_time_delivery_rate"": 86.00, ""seller_performance_score"": 76.41}"
13,"Seller Performance vs Revenue Contribution",362,"{""seller"": ""fa1a9dec3a9940c072684a46728bf1fc"", ""sales_value"": 7875.71, ""seller_category"": ""High Performer"", ""delivered_orders"": 55, ""average_review_score"": 4.11, ""on_time_delivery_rate"": 100.00, ""seller_performance_score"": 76.40}"
13,"Seller Performance vs Revenue Contribution",363,"{""seller"": ""381c83fdca332ea6afd896da20bf6e4a"", ""sales_value"": 8355.01, ""seller_category"": ""High Performer"", ""delivered_orders"": 46, ""average_review_score"": 4.39, ""on_time_delivery_rate"": 95.65, ""seller_performance_score"": 76.37}"
13,"Seller Performance vs Revenue Contribution",364,"{""seller"": ""ba143b05f0110f0dc71ad71b4466ce92"", ""sales_value"": 7309.37, ""seller_category"": ""High Performer"", ""delivered_orders"": 83, ""average_review_score"": 4.46, ""on_time_delivery_rate"": 84.34, ""seller_performance_score"": 76.37}"
13,"Seller Performance vs Revenue Contribution",365,"{""seller"": ""fdb9095204a334cd8872252ffec6f2db"", ""sales_value"": 9289.37, ""seller_category"": ""High Performer"", ""delivered_orders"": 46, ""average_review_score"": 4.17, ""on_time_delivery_rate"": 93.48, ""seller_performance_score"": 76.30}"
13,"Seller Performance vs Revenue Contribution",366,"{""seller"": ""f84a00e60c73a49e7e851c9bdca3a5bb"", ""sales_value"": 7780.34, ""seller_category"": ""High Performer"", ""delivered_orders"": 88, ""average_review_score"": 3.90, ""on_time_delivery_rate"": 88.64, ""seller_performance_score"": 76.21}"
13,"Seller Performance vs Revenue Contribution",367,"{""seller"": ""9674754b5a0cb32b638cec001178f799"", ""sales_value"": 6137.88, ""seller_category"": ""High Performer"", ""delivered_orders"": 84, ""average_review_score"": 4.14, ""on_time_delivery_rate"": 96.43, ""seller_performance_score"": 76.14}"
13,"Seller Performance vs Revenue Contribution",368,"{""seller"": ""42b729f859728f5079499127a9c2ef37"", ""sales_value"": 5396.92, ""seller_category"": ""High Performer"", ""delivered_orders"": 103, ""average_review_score"": 4.48, ""on_time_delivery_rate"": 92.23, ""seller_performance_score"": 76.11}"
13,"Seller Performance vs Revenue Contribution",369,"{""seller"": ""6e386f64c84e482f0b9abf960797ee1b"", ""sales_value"": 12820.81, ""seller_category"": ""High Performer"", ""delivered_orders"": 29, ""average_review_score"": 4.61, ""on_time_delivery_rate"": 89.66, ""seller_performance_score"": 76.11}"
13,"Seller Performance vs Revenue Contribution",370,"{""seller"": ""72c5da29406b4234927b81855e7b64f6"", ""sales_value"": 12652.47, ""seller_category"": ""High Performer"", ""delivered_orders"": 31, ""average_review_score"": 4.13, ""on_time_delivery_rate"": 96.77, ""seller_performance_score"": 76.10}"
13,"Seller Performance vs Revenue Contribution",371,"{""seller"": ""5058e8c1e82653974541e83690655b4a"", ""sales_value"": 12821.46, ""seller_category"": ""High Performer"", ""delivered_orders"": 62, ""average_review_score"": 3.25, ""on_time_delivery_rate"": 87.10, ""seller_performance_score"": 76.07}"
13,"Seller Performance vs Revenue Contribution",372,"{""seller"": ""688756f717c462a206ad854c5027a64a"", ""sales_value"": 7745.72, ""seller_category"": ""High Performer"", ""delivered_orders"": 81, ""average_review_score"": 3.88, ""on_time_delivery_rate"": 91.36, ""seller_performance_score"": 76.07}"
13,"Seller Performance vs Revenue Contribution",373,"{""seller"": ""91f848e9f4be368f4318775aac733370"", ""sales_value"": 6862.49, ""seller_category"": ""High Performer"", ""delivered_orders"": 60, ""average_review_score"": 4.41, ""on_time_delivery_rate"": 96.67, ""seller_performance_score"": 76.06}"
13,"Seller Performance vs Revenue Contribution",374,"{""seller"": ""32b8764b4ef628b53608fc34011fcc13"", ""sales_value"": 11854.42, ""seller_category"": ""High Performer"", ""delivered_orders"": 36, ""average_review_score"": 4.19, ""on_time_delivery_rate"": 91.67, ""seller_performance_score"": 76.05}"
13,"Seller Performance vs Revenue Contribution",375,"{""seller"": ""709e16e2b25c7474d980076c6bfc4806"", ""sales_value"": 6378.86, ""seller_category"": ""High Performer"", ""delivered_orders"": 60, ""average_review_score"": 4.52, ""on_time_delivery_rate"": 96.67, ""seller_performance_score"": 76.05}"
13,"Seller Performance vs Revenue Contribution",376,"{""seller"": ""98dac6635aee4995d501a3972e047414"", ""sales_value"": 6495.35, ""seller_category"": ""High Performer"", ""delivered_orders"": 89, ""average_review_score"": 4.15, ""on_time_delivery_rate"": 91.01, ""seller_performance_score"": 76.00}"
13,"Seller Performance vs Revenue Contribution",377,"{""seller"": ""f9244d45189d3a3605499abddeade7d5"", ""sales_value"": 15902.16, ""seller_category"": ""High Performer"", ""delivered_orders"": 20, ""average_review_score"": 4.35, ""on_time_delivery_rate"": 100.00, ""seller_performance_score"": 75.94}"
13,"Seller Performance vs Revenue Contribution",378,"{""seller"": ""0b35c634521043bf4b47e21547b99ab5"", ""sales_value"": 14690.79, ""seller_category"": ""High Performer"", ""delivered_orders"": 50, ""average_review_score"": 3.41, ""on_time_delivery_rate"": 84.00, ""seller_performance_score"": 75.92}"
13,"Seller Performance vs Revenue Contribution",379,"{""seller"": ""b6d44737c043328708f6749c2dbe50bd"", ""sales_value"": 6834.01, ""seller_category"": ""High Performer"", ""delivered_orders"": 61, ""average_review_score"": 4.52, ""on_time_delivery_rate"": 93.44, ""seller_performance_score"": 75.87}"
13,"Seller Performance vs Revenue Contribution",380,"{""seller"": ""dfa0c4c6229ab200a4a1336b4d7128ff"", ""sales_value"": 6544.21, ""seller_category"": ""High Performer"", ""delivered_orders"": 77, ""average_review_score"": 4.00, ""on_time_delivery_rate"": 96.10, ""seller_performance_score"": 75.60}"
13,"Seller Performance vs Revenue Contribution",381,"{""seller"": ""05d2173d43ea568aa0540eba70d2ca76"", ""sales_value"": 7438.93, ""seller_category"": ""High Performer"", ""delivered_orders"": 62, ""average_review_score"": 4.18, ""on_time_delivery_rate"": 93.55, ""seller_performance_score"": 75.53}"
13,"Seller Performance vs Revenue Contribution",382,"{""seller"": ""3be634553519fb6536a03e1358e9fdc7"", ""sales_value"": 7034.75, ""seller_category"": ""High Performer"", ""delivered_orders"": 80, ""average_review_score"": 4.01, ""on_time_delivery_rate"": 91.25, ""seller_performance_score"": 75.49}"
13,"Seller Performance vs Revenue Contribution",383,"{""seller"": ""30a2f535bb48308f991d0b9ad4a8c4bb"", ""sales_value"": 5815.36, ""seller_category"": ""High Performer"", ""delivered_orders"": 71, ""average_review_score"": 4.29, ""on_time_delivery_rate"": 97.18, ""seller_performance_score"": 75.44}"
13,"Seller Performance vs Revenue Contribution",384,"{""seller"": ""3c7c4a49ec3c6550809089c6a2ca9370"", ""sales_value"": 5799.21, ""seller_category"": ""High Performer"", ""delivered_orders"": 139, ""average_review_score"": 3.67, ""on_time_delivery_rate"": 92.09, ""seller_performance_score"": 75.11}"
13,"Seller Performance vs Revenue Contribution",385,"{""seller"": ""972d0f9cf61b499a4812cf0bfa3ad3c4"", ""sales_value"": 10011.15, ""seller_category"": ""High Performer"", ""delivered_orders"": 81, ""average_review_score"": 3.03, ""on_time_delivery_rate"": 88.89, ""seller_performance_score"": 75.09}"
13,"Seller Performance vs Revenue Contribution",386,"{""seller"": ""f84fa566034f5e8e880a07ec624c56af"", ""sales_value"": 6204.33, ""seller_category"": ""High Performer"", ""delivered_orders"": 89, ""average_review_score"": 4.26, ""on_time_delivery_rate"": 86.52, ""seller_performance_score"": 75.08}"
13,"Seller Performance vs Revenue Contribution",387,"{""seller"": ""e0a366315b1b726b6c7832d664c0f530"", ""sales_value"": 8145.17, ""seller_category"": ""High Performer"", ""delivered_orders"": 43, ""average_review_score"": 4.30, ""on_time_delivery_rate"": 95.35, ""seller_performance_score"": 75.06}"
13,"Seller Performance vs Revenue Contribution",388,"{""seller"": ""7e3f87d16fb353f408d467e74fbd8014"", ""sales_value"": 6068.37, ""seller_category"": ""Strong Performer"", ""delivered_orders"": 91, ""average_review_score"": 4.16, ""on_time_delivery_rate"": 87.91, ""seller_performance_score"": 74.86}"
13,"Seller Performance vs Revenue Contribution",389,"{""seller"": ""1ca7077d890b907f89be8c954a02686a"", ""sales_value"": 13996.65, ""seller_category"": ""Strong Performer"", ""delivered_orders"": 108, ""average_review_score"": 2.39, ""on_time_delivery_rate"": 77.78, ""seller_performance_score"": 74.82}"
13,"Seller Performance vs Revenue Contribution",390,"{""seller"": ""b14db04aa7881970e83ffa9426897925"", ""sales_value"": 7700.40, ""seller_category"": ""Strong Performer"", ""delivered_orders"": 78, ""average_review_score"": 3.77, ""on_time_delivery_rate"": 88.46, ""seller_performance_score"": 74.79}"
13,"Seller Performance vs Revenue Contribution",391,"{""seller"": ""0509040ea3fe50071181bbc359eb7738"", ""sales_value"": 5099.25, ""seller_category"": ""Strong Performer"", ""delivered_orders"": 87, ""average_review_score"": 4.48, ""on_time_delivery_rate"": 93.10, ""seller_performance_score"": 74.79}"
13,"Seller Performance vs Revenue Contribution",392,"{""seller"": ""ed4acab38528488b65a9a9c603ff024a"", ""sales_value"": 13369.76, ""seller_category"": ""Strong Performer"", ""delivered_orders"": 32, ""average_review_score"": 3.72, ""on_time_delivery_rate"": 93.75, ""seller_performance_score"": 74.76}"
13,"Seller Performance vs Revenue Contribution",393,"{""seller"": ""8cc6a0e5738e61a87b03c78b2ba9db4b"", ""sales_value"": 13776.60, ""seller_category"": ""Strong Performer"", ""delivered_orders"": 23, ""average_review_score"": 4.48, ""on_time_delivery_rate"": 91.30, ""seller_performance_score"": 74.72}"
13,"Seller Performance vs Revenue Contribution",394,"{""seller"": ""a2e874074c877c5a05abae80ad6e488f"", ""sales_value"": 8460.34, ""seller_category"": ""Strong Performer"", ""delivered_orders"": 40, ""average_review_score"": 4.25, ""on_time_delivery_rate"": 95.00, ""seller_performance_score"": 74.61}"
13,"Seller Performance vs Revenue Contribution",395,"{""seller"": ""82e0a475a88cc9595229d8029273f045"", ""sales_value"": 12216.40, ""seller_category"": ""Strong Performer"", ""delivered_orders"": 41, ""average_review_score"": 3.58, ""on_time_delivery_rate"": 90.24, ""seller_performance_score"": 74.60}"
13,"Seller Performance vs Revenue Contribution",396,"{""seller"": ""0691148aee60ca47977c187804f935ae"", ""sales_value"": 7359.45, ""seller_category"": ""Strong Performer"", ""delivered_orders"": 47, ""average_review_score"": 4.19, ""on_time_delivery_rate"": 97.87, ""seller_performance_score"": 74.51}"
13,"Seller Performance vs Revenue Contribution",397,"{""seller"": ""d12c926d74ceff0a90a21184466ce161"", ""sales_value"": 5075.68, ""seller_category"": ""Strong Performer"", ""delivered_orders"": 76, ""average_review_score"": 4.35, ""on_time_delivery_rate"": 98.68, ""seller_performance_score"": 74.41}"
13,"Seller Performance vs Revenue Contribution",398,"{""seller"": ""5b8154610ebb21fb90eb587365e673df"", ""sales_value"": 10096.72, ""seller_category"": ""Strong Performer"", ""delivered_orders"": 37, ""average_review_score"": 4.16, ""on_time_delivery_rate"": 89.19, ""seller_performance_score"": 74.38}"
13,"Seller Performance vs Revenue Contribution",399,"{""seller"": ""b561927807645834b59ef0d16ba55a24"", ""sales_value"": 5807.03, ""seller_category"": ""Strong Performer"", ""delivered_orders"": 85, ""average_review_score"": 4.34, ""on_time_delivery_rate"": 85.88, ""seller_performance_score"": 74.25}"
13,"Seller Performance vs Revenue Contribution",400,"{""seller"": ""751bdc4d83a466c7206cd42e8f426b03"", ""sales_value"": 7540.98, ""seller_category"": ""Strong Performer"", ""delivered_orders"": 51, ""average_review_score"": 3.88, ""on_time_delivery_rate"": 98.04, ""seller_performance_score"": 74.18}"
13,"Seller Performance vs Revenue Contribution",401,"{""seller"": ""3c487ae8f8d7542beff5788e2e0aea83"", ""sales_value"": 10105.35, ""seller_category"": ""Strong Performer"", ""delivered_orders"": 30, ""average_review_score"": 4.20, ""on_time_delivery_rate"": 96.67, ""seller_performance_score"": 74.17}"
13,"Seller Performance vs Revenue Contribution",402,"{""seller"": ""f46490624488d3ff7ce78613913a7711"", ""sales_value"": 7384.36, ""seller_category"": ""Strong Performer"", ""delivered_orders"": 80, ""average_review_score"": 3.76, ""on_time_delivery_rate"": 87.50, ""seller_performance_score"": 74.16}"
13,"Seller Performance vs Revenue Contribution",403,"{""seller"": ""4c03b9dd4c11ee2cb35c96c49efc9420"", ""sales_value"": 7302.33, ""seller_category"": ""Strong Performer"", ""delivered_orders"": 48, ""average_review_score"": 4.11, ""on_time_delivery_rate"": 97.92, ""seller_performance_score"": 74.12}"
13,"Seller Performance vs Revenue Contribution",404,"{""seller"": ""1336efc61c316ddf92c899eb817f7cae"", ""sales_value"": 6355.29, ""seller_category"": ""Strong Performer"", ""delivered_orders"": 74, ""average_review_score"": 4.00, ""on_time_delivery_rate"": 90.54, ""seller_performance_score"": 74.06}"
13,"Seller Performance vs Revenue Contribution",405,"{""seller"": ""42bde9fef835393bb8a8849cb6b7f245"", ""sales_value"": 8341.37, ""seller_category"": ""Strong Performer"", ""delivered_orders"": 34, ""average_review_score"": 4.35, ""on_time_delivery_rate"": 97.06, ""seller_performance_score"": 73.99}"
13,"Seller Performance vs Revenue Contribution",406,"{""seller"": ""6fd52c528dcb38be2eea044946b811f8"", ""sales_value"": 8881.58, ""seller_category"": ""Strong Performer"", ""delivered_orders"": 67, ""average_review_score"": 3.39, ""on_time_delivery_rate"": 86.57, ""seller_performance_score"": 73.88}"
13,"Seller Performance vs Revenue Contribution",407,"{""seller"": ""b2ac621f0d0322434d04a12b078b9369"", ""sales_value"": 10356.89, ""seller_category"": ""Strong Performer"", ""delivered_orders"": 30, ""average_review_score"": 4.40, ""on_time_delivery_rate"": 90.00, ""seller_performance_score"": 73.87}"
13,"Seller Performance vs Revenue Contribution",408,"{""seller"": ""58f1a6197ed863543e0136bdedb3fce2"", ""sales_value"": 7903.69, ""seller_category"": ""Strong Performer"", ""delivered_orders"": 44, ""average_review_score"": 4.18, ""on_time_delivery_rate"": 93.18, ""seller_performance_score"": 73.85}"
13,"Seller Performance vs Revenue Contribution",409,"{""seller"": ""db2956745b3a8e9f3785c99f34b5d25e"", ""sales_value"": 9208.26, ""seller_category"": ""Strong Performer"", ""delivered_orders"": 45, ""average_review_score"": 3.84, ""on_time_delivery_rate"": 88.89, ""seller_performance_score"": 73.81}"
13,"Seller Performance vs Revenue Contribution",410,"{""seller"": ""02f623a8eb246f3c5f7c2f96462654e6"", ""sales_value"": 7207.63, ""seller_category"": ""Strong Performer"", ""delivered_orders"": 44, ""average_review_score"": 4.56, ""on_time_delivery_rate"": 90.91, ""seller_performance_score"": 73.74}"
13,"Seller Performance vs Revenue Contribution",411,"{""seller"": ""ea566164622c6b439516ab18062c42cd"", ""sales_value"": 11167.98, ""seller_category"": ""Strong Performer"", ""delivered_orders"": 50, ""average_review_score"": 3.78, ""on_time_delivery_rate"": 78.00, ""seller_performance_score"": 73.63}"
13,"Seller Performance vs Revenue Contribution",412,"{""seller"": ""822166ed1e47908f7cfb49946d03c726"", ""sales_value"": 5535.95, ""seller_category"": ""Strong Performer"", ""delivered_orders"": 69, ""average_review_score"": 4.00, ""on_time_delivery_rate"": 98.55, ""seller_performance_score"": 73.59}"
13,"Seller Performance vs Revenue Contribution",413,"{""seller"": ""acce39e832338debb07b02385cde5967"", ""sales_value"": 5923.66, ""seller_category"": ""Strong Performer"", ""delivered_orders"": 44, ""average_review_score"": 4.48, ""on_time_delivery_rate"": 100.00, ""seller_performance_score"": 73.57}"
13,"Seller Performance vs Revenue Contribution",414,"{""seller"": ""a49928bcdf77c55c6d6e05e09a9b4ca5"", ""sales_value"": 10373.82, ""seller_category"": ""Strong Performer"", ""delivered_orders"": 96, ""average_review_score"": 3.03, ""on_time_delivery_rate"": 73.96, ""seller_performance_score"": 73.50}"
13,"Seller Performance vs Revenue Contribution",415,"{""seller"": ""bd4889b5e9133b35b66e42a8665cea5c"", ""sales_value"": 7256.54, ""seller_category"": ""Strong Performer"", ""delivered_orders"": 36, ""average_review_score"": 4.40, ""on_time_delivery_rate"": 100.00, ""seller_performance_score"": 73.48}"
13,"Seller Performance vs Revenue Contribution",416,"{""seller"": ""b2479f944e1b90cf8a5de1bbfde284d6"", ""sales_value"": 6874.23, ""seller_category"": ""Strong Performer"", ""delivered_orders"": 101, ""average_review_score"": 3.46, ""on_time_delivery_rate"": 86.14, ""seller_performance_score"": 73.34}"
13,"Seller Performance vs Revenue Contribution",417,"{""seller"": ""582d4f8675b945722eda7c0cb61ba4c7"", ""sales_value"": 5683.93, ""seller_category"": ""Strong Performer"", ""delivered_orders"": 59, ""average_review_score"": 4.15, ""on_time_delivery_rate"": 98.31, ""seller_performance_score"": 73.32}"
13,"Seller Performance vs Revenue Contribution",418,"{""seller"": ""4bfc7a4a1cf8d4d2121c27422d9e50b5"", ""sales_value"": 9191.59, ""seller_category"": ""Strong Performer"", ""delivered_orders"": 26, ""average_review_score"": 4.54, ""on_time_delivery_rate"": 96.15, ""seller_performance_score"": 73.32}"
13,"Seller Performance vs Revenue Contribution",419,"{""seller"": ""827f8f69dfa529c561901c4f2e0f332f"", ""sales_value"": 5003.96, ""seller_category"": ""Strong Performer"", ""delivered_orders"": 91, ""average_review_score"": 4.28, ""on_time_delivery_rate"": 90.11, ""seller_performance_score"": 73.32}"
13,"Seller Performance vs Revenue Contribution",420,"{""seller"": ""903037660cf848a717166eb7a06d616e"", ""sales_value"": 9019.17, ""seller_category"": ""Strong Performer"", ""delivered_orders"": 44, ""average_review_score"": 3.95, ""on_time_delivery_rate"": 86.36, ""seller_performance_score"": 73.16}"
13,"Seller Performance vs Revenue Contribution",421,"{""seller"": ""f680f85bee2d253556ac91be391d2c82"", ""sales_value"": 6077.34, ""seller_category"": ""Strong Performer"", ""delivered_orders"": 45, ""average_review_score"": 4.33, ""on_time_delivery_rate"": 97.78, ""seller_performance_score"": 73.07}"
13,"Seller Performance vs Revenue Contribution",422,"{""seller"": ""7dc8c42cc750eeafea6c85712ffee9bf"", ""sales_value"": 7445.09, ""seller_category"": ""Strong Performer"", ""delivered_orders"": 41, ""average_review_score"": 4.20, ""on_time_delivery_rate"": 95.12, ""seller_performance_score"": 72.99}"
13,"Seller Performance vs Revenue Contribution",423,"{""seller"": ""b18dc380845b24038cfc48006478f099"", ""sales_value"": 8550.83, ""seller_category"": ""Strong Performer"", ""delivered_orders"": 43, ""average_review_score"": 4.21, ""on_time_delivery_rate"": 83.72, ""seller_performance_score"": 72.97}"
13,"Seller Performance vs Revenue Contribution",424,"{""seller"": ""54965bbe3e4f07ae045b90b0b8541f52"", ""sales_value"": 12427.96, ""seller_category"": ""Strong Performer"", ""delivered_orders"": 73, ""average_review_score"": 3.14, ""on_time_delivery_rate"": 69.86, ""seller_performance_score"": 72.86}"
13,"Seller Performance vs Revenue Contribution",425,"{""seller"": ""715bbd5ba4e6b74cb0d2f29eb45058b0"", ""sales_value"": 5315.88, ""seller_category"": ""Strong Performer"", ""delivered_orders"": 62, ""average_review_score"": 4.47, ""on_time_delivery_rate"": 91.94, ""seller_performance_score"": 72.81}"
13,"Seller Performance vs Revenue Contribution",426,"{""seller"": ""2b1a40c1daabc6ca280c4b815c101841"", ""sales_value"": 14175.74, ""seller_category"": ""Strong Performer"", ""delivered_orders"": 22, ""average_review_score"": 3.82, ""on_time_delivery_rate"": 95.45, ""seller_performance_score"": 72.73}"
13,"Seller Performance vs Revenue Contribution",427,"{""seller"": ""bacb1f0ed56ad24198f5810d2b3fe9a5"", ""sales_value"": 6847.70, ""seller_category"": ""Strong Performer"", ""delivered_orders"": 38, ""average_review_score"": 4.32, ""on_time_delivery_rate"": 97.37, ""seller_performance_score"": 72.55}"
13,"Seller Performance vs Revenue Contribution",428,"{""seller"": ""afe0067131b73e40875c9b6c10bd2e21"", ""sales_value"": 6151.59, ""seller_category"": ""Strong Performer"", ""delivered_orders"": 45, ""average_review_score"": 4.27, ""on_time_delivery_rate"": 95.56, ""seller_performance_score"": 72.53}"
13,"Seller Performance vs Revenue Contribution",429,"{""seller"": ""b4f8921fcc4ff77b66bea6dda43dcd51"", ""sales_value"": 12863.41, ""seller_category"": ""Strong Performer"", ""delivered_orders"": 18, ""average_review_score"": 4.56, ""on_time_delivery_rate"": 94.44, ""seller_performance_score"": 72.52}"
13,"Seller Performance vs Revenue Contribution",430,"{""seller"": ""c68fb906c8f4b4b946d8386bfa6e5467"", ""sales_value"": 5433.61, ""seller_category"": ""Strong Performer"", ""delivered_orders"": 45, ""average_review_score"": 4.52, ""on_time_delivery_rate"": 97.78, ""seller_performance_score"": 72.39}"
13,"Seller Performance vs Revenue Contribution",431,"{""seller"": ""abcd2cb37d46c2c8fb1bf071c859fc5b"", ""sales_value"": 6121.84, ""seller_category"": ""Strong Performer"", ""delivered_orders"": 44, ""average_review_score"": 4.32, ""on_time_delivery_rate"": 95.45, ""seller_performance_score"": 72.36}"
13,"Seller Performance vs Revenue Contribution",432,"{""seller"": ""8f119a0aee85c0c8fc534629734e94fd"", ""sales_value"": 4645.89, ""seller_category"": ""Strong Performer"", ""delivered_orders"": 75, ""average_review_score"": 4.28, ""on_time_delivery_rate"": 94.67, ""seller_performance_score"": 72.36}"
13,"Seller Performance vs Revenue Contribution",433,"{""seller"": ""7901646fdd36a55f564ffaf2dbccaaf7"", ""sales_value"": 12478.83, ""seller_category"": ""Strong Performer"", ""delivered_orders"": 22, ""average_review_score"": 4.50, ""on_time_delivery_rate"": 86.36, ""seller_performance_score"": 72.34}"
13,"Seller Performance vs Revenue Contribution",434,"{""seller"": ""73a63f72308aa20a46f4b1632018f196"", ""sales_value"": 8638.10, ""seller_category"": ""Strong Performer"", ""delivered_orders"": 27, ""average_review_score"": 4.19, ""on_time_delivery_rate"": 100.00, ""seller_performance_score"": 72.27}"
13,"Seller Performance vs Revenue Contribution",435,"{""seller"": ""f4aba7c0bca51484c30ab7bdc34bcdd1"", ""sales_value"": 4467.13, ""seller_category"": ""Strong Performer"", ""delivered_orders"": 108, ""average_review_score"": 3.94, ""on_time_delivery_rate"": 93.52, ""seller_performance_score"": 72.27}"
13,"Seller Performance vs Revenue Contribution",436,"{""seller"": ""93dc87703c046b603023e75222018b45"", ""sales_value"": 8798.34, ""seller_category"": ""Strong Performer"", ""delivered_orders"": 33, ""average_review_score"": 4.13, ""on_time_delivery_rate"": 90.91, ""seller_performance_score"": 72.25}"
13,"Seller Performance vs Revenue Contribution",437,"{""seller"": ""6860153b69cc696d5dcfe1cdaaafcf62"", ""sales_value"": 5318.23, ""seller_category"": ""Strong Performer"", ""delivered_orders"": 74, ""average_review_score"": 4.10, ""on_time_delivery_rate"": 90.54, ""seller_performance_score"": 72.20}"
13,"Seller Performance vs Revenue Contribution",438,"{""seller"": ""d673a59aac7a70d8b01e6902bf090a11"", ""sales_value"": 5499.56, ""seller_category"": ""Strong Performer"", ""delivered_orders"": 79, ""average_review_score"": 3.93, ""on_time_delivery_rate"": 89.87, ""seller_performance_score"": 72.18}"
13,"Seller Performance vs Revenue Contribution",439,"{""seller"": ""e96498ed8daaa3e9c23f7a62da76591c"", ""sales_value"": 10332.19, ""seller_category"": ""Strong Performer"", ""delivered_orders"": 34, ""average_review_score"": 3.94, ""on_time_delivery_rate"": 85.29, ""seller_performance_score"": 72.14}"
13,"Seller Performance vs Revenue Contribution",440,"{""seller"": ""0d85bbda9889ce1f7e63778d24f346eb"", ""sales_value"": 6469.70, ""seller_category"": ""Strong Performer"", ""delivered_orders"": 51, ""average_review_score"": 4.20, ""on_time_delivery_rate"": 88.24, ""seller_performance_score"": 72.14}"
13,"Seller Performance vs Revenue Contribution",441,"{""seller"": ""520b493b57809f446cb0a233bb3e25c7"", ""sales_value"": 4762.87, ""seller_category"": ""Strong Performer"", ""delivered_orders"": 63, ""average_review_score"": 4.30, ""on_time_delivery_rate"": 96.83, ""seller_performance_score"": 72.13}"
13,"Seller Performance vs Revenue Contribution",442,"{""seller"": ""e62b2d6ac10570a035a30bafcf01d263"", ""sales_value"": 6375.47, ""seller_category"": ""Strong Performer"", ""delivered_orders"": 62, ""average_review_score"": 3.97, ""on_time_delivery_rate"": 87.10, ""seller_performance_score"": 72.13}"
13,"Seller Performance vs Revenue Contribution",443,"{""seller"": ""3df020b72d3d44b3af9d110fa3940b65"", ""sales_value"": 6749.47, ""seller_category"": ""Strong Performer"", ""delivered_orders"": 55, ""average_review_score"": 4.05, ""on_time_delivery_rate"": 87.27, ""seller_performance_score"": 72.05}"
13,"Seller Performance vs Revenue Contribution",444,"{""seller"": ""e067ad2c1c0b48758eb1b5228bcf7a68"", ""sales_value"": 6047.91, ""seller_category"": ""Strong Performer"", ""delivered_orders"": 54, ""average_review_score"": 4.15, ""on_time_delivery_rate"": 90.74, ""seller_performance_score"": 72.04}"
13,"Seller Performance vs Revenue Contribution",445,"{""seller"": ""23613d49c3ac2bd302259e55c06c050c"", ""sales_value"": 6227.14, ""seller_category"": ""Strong Performer"", ""delivered_orders"": 69, ""average_review_score"": 3.87, ""on_time_delivery_rate"": 85.51, ""seller_performance_score"": 72.01}"
13,"Seller Performance vs Revenue Contribution",446,"{""seller"": ""1da366cade6d8276e7d8beea7af5d4bf"", ""sales_value"": 8036.60, ""seller_category"": ""Strong Performer"", ""delivered_orders"": 42, ""average_review_score"": 3.98, ""on_time_delivery_rate"": 88.10, ""seller_performance_score"": 71.87}"
13,"Seller Performance vs Revenue Contribution",447,"{""seller"": ""83deb69e889cf80f82be1dc6d5f2d486"", ""sales_value"": 6276.65, ""seller_category"": ""Strong Performer"", ""delivered_orders"": 40, ""average_review_score"": 4.33, ""on_time_delivery_rate"": 95.00, ""seller_performance_score"": 71.85}"
13,"Seller Performance vs Revenue Contribution",448,"{""seller"": ""06579cb253ecd5a3a12a9e6eb6bf8f47"", ""sales_value"": 6007.97, ""seller_category"": ""Strong Performer"", ""delivered_orders"": 61, ""average_review_score"": 4.13, ""on_time_delivery_rate"": 86.89, ""seller_performance_score"": 71.79}"
13,"Seller Performance vs Revenue Contribution",449,"{""seller"": ""11305281b50fff20ae8bb473f8e11876"", ""sales_value"": 7973.21, ""seller_category"": ""Strong Performer"", ""delivered_orders"": 35, ""average_review_score"": 4.31, ""on_time_delivery_rate"": 88.57, ""seller_performance_score"": 71.75}"
13,"Seller Performance vs Revenue Contribution",450,"{""seller"": ""f0b47fbbc6dee9aafe415a6e33051b3f"", ""sales_value"": 5087.90, ""seller_category"": ""Strong Performer"", ""delivered_orders"": 67, ""average_review_score"": 4.25, ""on_time_delivery_rate"": 89.55, ""seller_performance_score"": 71.69}"
13,"Seller Performance vs Revenue Contribution",451,"{""seller"": ""8a130737016f838139d31878787a39c9"", ""sales_value"": 5064.32, ""seller_category"": ""Strong Performer"", ""delivered_orders"": 56, ""average_review_score"": 4.45, ""on_time_delivery_rate"": 92.86, ""seller_performance_score"": 71.66}"
13,"Seller Performance vs Revenue Contribution",452,"{""seller"": ""951e8cef368f09bb3f3d03c00ca4702c"", ""sales_value"": 5353.54, ""seller_category"": ""Strong Performer"", ""delivered_orders"": 62, ""average_review_score"": 4.13, ""on_time_delivery_rate"": 91.94, ""seller_performance_score"": 71.56}"
13,"Seller Performance vs Revenue Contribution",453,"{""seller"": ""9646c3513289980f17226a2fc4720dbd"", ""sales_value"": 4152.23, ""seller_category"": ""Strong Performer"", ""delivered_orders"": 69, ""average_review_score"": 4.45, ""on_time_delivery_rate"": 97.10, ""seller_performance_score"": 71.51}"
13,"Seller Performance vs Revenue Contribution",454,"{""seller"": ""bccf933e006e9b94a6184af782963e77"", ""sales_value"": 5047.21, ""seller_category"": ""Strong Performer"", ""delivered_orders"": 45, ""average_review_score"": 4.52, ""on_time_delivery_rate"": 97.78, ""seller_performance_score"": 71.48}"
13,"Seller Performance vs Revenue Contribution",455,"{""seller"": ""9baf5cb77970f539089d09a38bcec5c3"", ""sales_value"": 6521.34, ""seller_category"": ""Strong Performer"", ""delivered_orders"": 31, ""average_review_score"": 4.42, ""on_time_delivery_rate"": 100.00, ""seller_performance_score"": 71.46}"
13,"Seller Performance vs Revenue Contribution",456,"{""seller"": ""06df0c10d34e459d9672bc77388742eb"", ""sales_value"": 9595.77, ""seller_category"": ""Strong Performer"", ""delivered_orders"": 26, ""average_review_score"": 4.35, ""on_time_delivery_rate"": 88.46, ""seller_performance_score"": 71.44}"
13,"Seller Performance vs Revenue Contribution",457,"{""seller"": ""0ef83d7d83ed97cd2a0049ac8be5f88a"", ""sales_value"": 5447.81, ""seller_category"": ""Strong Performer"", ""delivered_orders"": 48, ""average_review_score"": 4.17, ""on_time_delivery_rate"": 97.92, ""seller_performance_score"": 71.44}"
13,"Seller Performance vs Revenue Contribution",458,"{""seller"": ""ff1fb4c404b2efe68b03350a8dc24122"", ""sales_value"": 7666.95, ""seller_category"": ""Strong Performer"", ""delivered_orders"": 46, ""average_review_score"": 4.00, ""on_time_delivery_rate"": 84.78, ""seller_performance_score"": 71.42}"
13,"Seller Performance vs Revenue Contribution",459,"{""seller"": ""2089a6d640999f9b9141ac719b2af596"", ""sales_value"": 8316.63, ""seller_category"": ""Strong Performer"", ""delivered_orders"": 41, ""average_review_score"": 3.93, ""on_time_delivery_rate"": 85.37, ""seller_performance_score"": 71.33}"
13,"Seller Performance vs Revenue Contribution",460,"{""seller"": ""c60b801f2d52c7f7f91de00870882a75"", ""sales_value"": 11994.94, ""seller_category"": ""Strong Performer"", ""delivered_orders"": 39, ""average_review_score"": 3.44, ""on_time_delivery_rate"": 79.49, ""seller_performance_score"": 71.26}"
13,"Seller Performance vs Revenue Contribution",461,"{""seller"": ""6f892e20a171e98efe17fdb971ff319b"", ""sales_value"": 6906.49, ""seller_category"": ""Strong Performer"", ""delivered_orders"": 41, ""average_review_score"": 4.15, ""on_time_delivery_rate"": 90.24, ""seller_performance_score"": 71.16}"
13,"Seller Performance vs Revenue Contribution",462,"{""seller"": ""45d33f715e24d15a6ccf5c17b3a23e3c"", ""sales_value"": 5383.47, ""seller_category"": ""Strong Performer"", ""delivered_orders"": 56, ""average_review_score"": 4.14, ""on_time_delivery_rate"": 92.86, ""seller_performance_score"": 71.15}"
13,"Seller Performance vs Revenue Contribution",463,"{""seller"": ""bba74270a87732727b5a3b4fd9ac1c39"", ""sales_value"": 6708.34, ""seller_category"": ""Strong Performer"", ""delivered_orders"": 35, ""average_review_score"": 4.06, ""on_time_delivery_rate"": 100.00, ""seller_performance_score"": 71.11}"
13,"Seller Performance vs Revenue Contribution",464,"{""seller"": ""2a7dc43cecabf23403078e2188437d1d"", ""sales_value"": 5629.62, ""seller_category"": ""Strong Performer"", ""delivered_orders"": 52, ""average_review_score"": 4.10, ""on_time_delivery_rate"": 92.31, ""seller_performance_score"": 70.99}"
13,"Seller Performance vs Revenue Contribution",465,"{""seller"": ""3340ef1913fb70d28420f6ceb685c339"", ""sales_value"": 7481.55, ""seller_category"": ""Strong Performer"", ""delivered_orders"": 32, ""average_review_score"": 4.38, ""on_time_delivery_rate"": 90.63, ""seller_performance_score"": 70.94}"
13,"Seller Performance vs Revenue Contribution",466,"{""seller"": ""f789d2c4f2c2eb38fc4373e7a4b35264"", ""sales_value"": 5733.24, ""seller_category"": ""Strong Performer"", ""delivered_orders"": 44, ""average_review_score"": 4.16, ""on_time_delivery_rate"": 95.45, ""seller_performance_score"": 70.93}"
13,"Seller Performance vs Revenue Contribution",467,"{""seller"": ""8cbac7e12637ed9cffa18c7875207478"", ""sales_value"": 4596.71, ""seller_category"": ""Strong Performer"", ""delivered_orders"": 66, ""average_review_score"": 4.17, ""on_time_delivery_rate"": 93.94, ""seller_performance_score"": 70.92}"
13,"Seller Performance vs Revenue Contribution",468,"{""seller"": ""9add47bf45ce8e8c7db6b9cf670b1e09"", ""sales_value"": 5689.20, ""seller_category"": ""Strong Performer"", ""delivered_orders"": 41, ""average_review_score"": 4.23, ""on_time_delivery_rate"": 97.56, ""seller_performance_score"": 70.91}"
13,"Seller Performance vs Revenue Contribution",469,"{""seller"": ""50c9975695009e5e6473912e83a6d1da"", ""sales_value"": 6883.95, ""seller_category"": ""Strong Performer"", ""delivered_orders"": 50, ""average_review_score"": 3.94, ""on_time_delivery_rate"": 86.00, ""seller_performance_score"": 70.89}"
13,"Seller Performance vs Revenue Contribution",470,"{""seller"": ""f181738b150df1f37cb0bd72e705b193"", ""sales_value"": 6632.75, ""seller_category"": ""Strong Performer"", ""delivered_orders"": 36, ""average_review_score"": 4.47, ""on_time_delivery_rate"": 88.89, ""seller_performance_score"": 70.86}"
13,"Seller Performance vs Revenue Contribution",471,"{""seller"": ""f67efa3f0b6761102a7f8c6b7b571f5d"", ""sales_value"": 6030.17, ""seller_category"": ""Strong Performer"", ""delivered_orders"": 31, ""average_review_score"": 4.48, ""on_time_delivery_rate"": 100.00, ""seller_performance_score"": 70.84}"
13,"Seller Performance vs Revenue Contribution",472,"{""seller"": ""fbc14c0cf93505ef89f64665ffa4a7b5"", ""sales_value"": 12758.93, ""seller_category"": ""Strong Performer"", ""delivered_orders"": 18, ""average_review_score"": 4.18, ""on_time_delivery_rate"": 94.44, ""seller_performance_score"": 70.84}"
13,"Seller Performance vs Revenue Contribution",473,"{""seller"": ""7b1222c3624aa89b9558b50a2594188c"", ""sales_value"": 10561.09, ""seller_category"": ""Strong Performer"", ""delivered_orders"": 22, ""average_review_score"": 4.45, ""on_time_delivery_rate"": 86.36, ""seller_performance_score"": 70.83}"
13,"Seller Performance vs Revenue Contribution",474,"{""seller"": ""11bfa66332777660bd0640ee84d47006"", ""sales_value"": 5608.54, ""seller_category"": ""Strong Performer"", ""delivered_orders"": 76, ""average_review_score"": 3.88, ""on_time_delivery_rate"": 84.21, ""seller_performance_score"": 70.82}"
13,"Seller Performance vs Revenue Contribution",475,"{""seller"": ""66e0557ecc2b4dbea057e93f215f68d8"", ""sales_value"": 12628.42, ""seller_category"": ""Strong Performer"", ""delivered_orders"": 30, ""average_review_score"": 4.03, ""on_time_delivery_rate"": 73.33, ""seller_performance_score"": 70.68}"
13,"Seller Performance vs Revenue Contribution",476,"{""seller"": ""63b464dbf392c7b80d12d932fa7cafed"", ""sales_value"": 7482.84, ""seller_category"": ""Strong Performer"", ""delivered_orders"": 36, ""average_review_score"": 3.86, ""on_time_delivery_rate"": 94.44, ""seller_performance_score"": 70.66}"
13,"Seller Performance vs Revenue Contribution",477,"{""seller"": ""b39d7fe263ef469605dbb32608aee0af"", ""sales_value"": 6100.23, ""seller_category"": ""Strong Performer"", ""delivered_orders"": 43, ""average_review_score"": 3.93, ""on_time_delivery_rate"": 95.35, ""seller_performance_score"": 70.59}"
13,"Seller Performance vs Revenue Contribution",478,"{""seller"": ""26d8a1c7c75d513045798992ead43aa2"", ""sales_value"": 6590.46, ""seller_category"": ""Strong Performer"", ""delivered_orders"": 34, ""average_review_score"": 4.41, ""on_time_delivery_rate"": 91.18, ""seller_performance_score"": 70.53}"
13,"Seller Performance vs Revenue Contribution",479,"{""seller"": ""b347677812ea483b0f528eaf8cbc09b7"", ""sales_value"": 8051.34, ""seller_category"": ""Strong Performer"", ""delivered_orders"": 21, ""average_review_score"": 4.52, ""on_time_delivery_rate"": 100.00, ""seller_performance_score"": 70.51}"
13,"Seller Performance vs Revenue Contribution",480,"{""seller"": ""9596c870880d900012f2e8e6e30d06d7"", ""sales_value"": 9371.71, ""seller_category"": ""Strong Performer"", ""delivered_orders"": 21, ""average_review_score"": 4.29, ""on_time_delivery_rate"": 95.24, ""seller_performance_score"": 70.47}"
13,"Seller Performance vs Revenue Contribution",481,"{""seller"": ""dfc5fb7259bb2b599ca565e6e9448f0f"", ""sales_value"": 6845.98, ""seller_category"": ""Strong Performer"", ""delivered_orders"": 33, ""average_review_score"": 4.12, ""on_time_delivery_rate"": 96.97, ""seller_performance_score"": 70.46}"
13,"Seller Performance vs Revenue Contribution",482,"{""seller"": ""d20b021d3efdf267a402c402a48ea64b"", ""sales_value"": 5427.26, ""seller_category"": ""Strong Performer"", ""delivered_orders"": 86, ""average_review_score"": 3.77, ""on_time_delivery_rate"": 82.56, ""seller_performance_score"": 70.42}"
13,"Seller Performance vs Revenue Contribution",483,"{""seller"": ""40d54b51e962dbe09cabbcfd33298dee"", ""sales_value"": 7323.25, ""seller_category"": ""Strong Performer"", ""delivered_orders"": 30, ""average_review_score"": 4.00, ""on_time_delivery_rate"": 100.00, ""seller_performance_score"": 70.33}"
13,"Seller Performance vs Revenue Contribution",484,"{""seller"": ""17306570e772e7718c92a562d33f5f1d"", ""sales_value"": 9415.91, ""seller_category"": ""Strong Performer"", ""delivered_orders"": 27, ""average_review_score"": 3.78, ""on_time_delivery_rate"": 92.59, ""seller_performance_score"": 70.20}"
13,"Seller Performance vs Revenue Contribution",485,"{""seller"": ""d57e18d5f73c7ccb7f7339b61166898d"", ""sales_value"": 4111.19, ""seller_category"": ""Strong Performer"", ""delivered_orders"": 61, ""average_review_score"": 4.43, ""on_time_delivery_rate"": 96.72, ""seller_performance_score"": 70.19}"
13,"Seller Performance vs Revenue Contribution",486,"{""seller"": ""d66c305afaec317ebee552073a674429"", ""sales_value"": 5235.50, ""seller_category"": ""Strong Performer"", ""delivered_orders"": 38, ""average_review_score"": 4.46, ""on_time_delivery_rate"": 97.37, ""seller_performance_score"": 70.19}"
13,"Seller Performance vs Revenue Contribution",487,"{""seller"": ""a3dd39f583bc80bd8c5901c95878921e"", ""sales_value"": 5412.16, ""seller_category"": ""Strong Performer"", ""delivered_orders"": 34, ""average_review_score"": 4.60, ""on_time_delivery_rate"": 97.06, ""seller_performance_score"": 70.16}"
13,"Seller Performance vs Revenue Contribution",488,"{""seller"": ""2a261b5b644fa05f4f2700eb93544f2c"", ""sales_value"": 7396.73, ""seller_category"": ""Strong Performer"", ""delivered_orders"": 51, ""average_review_score"": 3.83, ""on_time_delivery_rate"": 80.39, ""seller_performance_score"": 70.16}"
13,"Seller Performance vs Revenue Contribution",489,"{""seller"": ""891071be6ba827b591264c90c2ae8a63"", ""sales_value"": 4957.05, ""seller_category"": ""Strong Performer"", ""delivered_orders"": 85, ""average_review_score"": 3.97, ""on_time_delivery_rate"": 82.35, ""seller_performance_score"": 70.06}"
13,"Seller Performance vs Revenue Contribution",490,"{""seller"": ""ff69aa92bb6b1bf9b8b7a51c2ed9cf8b"", ""sales_value"": 23695.20, ""seller_category"": ""Strong Performer"", ""delivered_orders"": 20, ""average_review_score"": 3.65, ""on_time_delivery_rate"": 75.00, ""seller_performance_score"": 69.98}"
13,"Seller Performance vs Revenue Contribution",491,"{""seller"": ""23c38debaffe4a25a30fdbd9b586a13f"", ""sales_value"": 6216.56, ""seller_category"": ""Strong Performer"", ""delivered_orders"": 41, ""average_review_score"": 4.32, ""on_time_delivery_rate"": 85.37, ""seller_performance_score"": 69.97}"
13,"Seller Performance vs Revenue Contribution",492,"{""seller"": ""bba3293d6f5d5af2f415e004e8b93ae3"", ""sales_value"": 12028.79, ""seller_category"": ""Strong Performer"", ""delivered_orders"": 17, ""average_review_score"": 4.29, ""on_time_delivery_rate"": 94.12, ""seller_performance_score"": 69.95}"
13,"Seller Performance vs Revenue Contribution",493,"{""seller"": ""cee48807215b30a12ca2ca10ffb5f250"", ""sales_value"": 8125.52, ""seller_category"": ""Strong Performer"", ""delivered_orders"": 39, ""average_review_score"": 3.77, ""on_time_delivery_rate"": 84.62, ""seller_performance_score"": 69.94}"
13,"Seller Performance vs Revenue Contribution",494,"{""seller"": ""1b8356dabde1d35e17cef975c3f82730"", ""sales_value"": 4336.63, ""seller_category"": ""Strong Performer"", ""delivered_orders"": 55, ""average_review_score"": 4.22, ""on_time_delivery_rate"": 98.18, ""seller_performance_score"": 69.82}"
13,"Seller Performance vs Revenue Contribution",495,"{""seller"": ""e2aee0892199b1d92530e371abd825bf"", ""sales_value"": 7908.88, ""seller_category"": ""Strong Performer"", ""delivered_orders"": 36, ""average_review_score"": 3.89, ""on_time_delivery_rate"": 86.11, ""seller_performance_score"": 69.81}"
13,"Seller Performance vs Revenue Contribution",496,"{""seller"": ""d03698c2efd04a549382afa6623e27fb"", ""sales_value"": 9644.62, ""seller_category"": ""Strong Performer"", ""delivered_orders"": 18, ""average_review_score"": 4.50, ""on_time_delivery_rate"": 94.44, ""seller_performance_score"": 69.81}"
13,"Seller Performance vs Revenue Contribution",497,"{""seller"": ""1eade46fba20122dc4aefb379f8c636b"", ""sales_value"": 4673.71, ""seller_category"": ""Strong Performer"", ""delivered_orders"": 58, ""average_review_score"": 4.43, ""on_time_delivery_rate"": 86.21, ""seller_performance_score"": 69.78}"
13,"Seller Performance vs Revenue Contribution",498,"{""seller"": ""679769a98cfcc6da877c8486ff1c13f3"", ""sales_value"": 7467.39, ""seller_category"": ""Strong Performer"", ""delivered_orders"": 21, ""average_review_score"": 4.57, ""on_time_delivery_rate"": 100.00, ""seller_performance_score"": 69.68}"
13,"Seller Performance vs Revenue Contribution",499,"{""seller"": ""cc5a78bbad32776dc4e3af205218368c"", ""sales_value"": 5573.35, ""seller_category"": ""Strong Performer"", ""delivered_orders"": 33, ""average_review_score"": 4.45, ""on_time_delivery_rate"": 96.97, ""seller_performance_score"": 69.64}"
13,"Seller Performance vs Revenue Contribution",500,"{""seller"": ""ad97a199236354e53fcd91a5a913e9a2"", ""sales_value"": 13284.02, ""seller_category"": ""Strong Performer"", ""delivered_orders"": 16, ""average_review_score"": 4.50, ""on_time_delivery_rate"": 87.50, ""seller_performance_score"": 69.57}"
13,"Seller Performance vs Revenue Contribution",501,"{""seller"": ""ad420dd0c4f92f8af951ac24b86d0cf5"", ""sales_value"": 5618.40, ""seller_category"": ""Strong Performer"", ""delivered_orders"": 42, ""average_review_score"": 4.13, ""on_time_delivery_rate"": 92.86, ""seller_performance_score"": 69.55}"
13,"Seller Performance vs Revenue Contribution",502,"{""seller"": ""cc3d14116804f7209f3884f6367f1152"", ""sales_value"": 6060.59, ""seller_category"": ""Strong Performer"", ""delivered_orders"": 27, ""average_review_score"": 4.63, ""on_time_delivery_rate"": 96.30, ""seller_performance_score"": 69.54}"
13,"Seller Performance vs Revenue Contribution",503,"{""seller"": ""e7df4cd29ab5abab70fb0783ddb53987"", ""sales_value"": 10022.07, ""seller_category"": ""Strong Performer"", ""delivered_orders"": 23, ""average_review_score"": 4.30, ""on_time_delivery_rate"": 82.61, ""seller_performance_score"": 69.54}"
13,"Seller Performance vs Revenue Contribution",504,"{""seller"": ""1838dd9b8977065acf51d95e0053ea7a"", ""sales_value"": 3963.29, ""seller_category"": ""Strong Performer"", ""delivered_orders"": 62, ""average_review_score"": 4.37, ""on_time_delivery_rate"": 95.16, ""seller_performance_score"": 69.42}"
13,"Seller Performance vs Revenue Contribution",505,"{""seller"": ""43f8c9950d11ecd03a0304a49e010da6"", ""sales_value"": 4807.22, ""seller_category"": ""Strong Performer"", ""delivered_orders"": 41, ""average_review_score"": 4.56, ""on_time_delivery_rate"": 92.68, ""seller_performance_score"": 69.38}"
13,"Seller Performance vs Revenue Contribution",506,"{""seller"": ""d624126b9206f595fb3fbb6ba03b28a8"", ""sales_value"": 7768.50, ""seller_category"": ""Strong Performer"", ""delivered_orders"": 23, ""average_review_score"": 4.32, ""on_time_delivery_rate"": 95.65, ""seller_performance_score"": 69.32}"
13,"Seller Performance vs Revenue Contribution",507,"{""seller"": ""4917cee8d902e13428c3ec4b1ca6f315"", ""sales_value"": 6178.34, ""seller_category"": ""Strong Performer"", ""delivered_orders"": 31, ""average_review_score"": 4.16, ""on_time_delivery_rate"": 96.77, ""seller_performance_score"": 69.27}"
13,"Seller Performance vs Revenue Contribution",508,"{""seller"": ""e49c26c3edfa46d227d5121a6b6e4d37"", ""sales_value"": 4765.66, ""seller_category"": ""Strong Performer"", ""delivered_orders"": 34, ""average_review_score"": 4.56, ""on_time_delivery_rate"": 100.00, ""seller_performance_score"": 69.23}"
13,"Seller Performance vs Revenue Contribution",509,"{""seller"": ""45ba18c210d42734ec52c0c1c574e9ee"", ""sales_value"": 6023.77, ""seller_category"": ""Strong Performer"", ""delivered_orders"": 35, ""average_review_score"": 4.11, ""on_time_delivery_rate"": 94.29, ""seller_performance_score"": 69.15}"
13,"Seller Performance vs Revenue Contribution",510,"{""seller"": ""e8b4225284fbb02d16f200513f1f395d"", ""sales_value"": 6912.60, ""seller_category"": ""Strong Performer"", ""delivered_orders"": 30, ""average_review_score"": 4.30, ""on_time_delivery_rate"": 90.00, ""seller_performance_score"": 69.11}"
13,"Seller Performance vs Revenue Contribution",511,"{""seller"": ""f3da5b2ff499efb8d4a6d371d175d7dd"", ""sales_value"": 4640.59, ""seller_category"": ""Strong Performer"", ""delivered_orders"": 77, ""average_review_score"": 3.90, ""on_time_delivery_rate"": 85.71, ""seller_performance_score"": 69.09}"
13,"Seller Performance vs Revenue Contribution",512,"{""seller"": ""8b9d6eec4a7eb7d0f9d579ce0b38324d"", ""sales_value"": 5826.85, ""seller_category"": ""Strong Performer"", ""delivered_orders"": 48, ""average_review_score"": 4.06, ""on_time_delivery_rate"": 83.33, ""seller_performance_score"": 69.07}"
13,"Seller Performance vs Revenue Contribution",513,"{""seller"": ""4c498c7345e89aebad651544829beca0"", ""sales_value"": 5131.66, ""seller_category"": ""Strong Performer"", ""delivered_orders"": 47, ""average_review_score"": 4.28, ""on_time_delivery_rate"": 87.23, ""seller_performance_score"": 69.04}"
13,"Seller Performance vs Revenue Contribution",514,"{""seller"": ""5f1dc28029d2c244352a68107ec2b542"", ""sales_value"": 3803.46, ""seller_category"": ""Strong Performer"", ""delivered_orders"": 62, ""average_review_score"": 4.43, ""on_time_delivery_rate"": 93.55, ""seller_performance_score"": 68.98}"
13,"Seller Performance vs Revenue Contribution",515,"{""seller"": ""94e93ce877be27a515118dbfd2c2be41"", ""sales_value"": 6290.04, ""seller_category"": ""Strong Performer"", ""delivered_orders"": 29, ""average_review_score"": 4.04, ""on_time_delivery_rate"": 100.00, ""seller_performance_score"": 68.96}"
13,"Seller Performance vs Revenue Contribution",516,"{""seller"": ""e5e33c0d8e7e002f398f5dc4cbbb338f"", ""sales_value"": 7240.85, ""seller_category"": ""Strong Performer"", ""delivered_orders"": 26, ""average_review_score"": 4.58, ""on_time_delivery_rate"": 88.46, ""seller_performance_score"": 68.94}"
13,"Seller Performance vs Revenue Contribution",517,"{""seller"": ""643214e62b870443ccbe55ab29a4dccf"", ""sales_value"": 4120.71, ""seller_category"": ""Strong Performer"", ""delivered_orders"": 65, ""average_review_score"": 4.40, ""on_time_delivery_rate"": 87.69, ""seller_performance_score"": 68.93}"
13,"Seller Performance vs Revenue Contribution",518,"{""seller"": ""b90e891671cffd9557f33a97dc523645"", ""sales_value"": 5081.31, ""seller_category"": ""Strong Performer"", ""delivered_orders"": 34, ""average_review_score"": 4.32, ""on_time_delivery_rate"": 100.00, ""seller_performance_score"": 68.91}"
13,"Seller Performance vs Revenue Contribution",519,"{""seller"": ""fde0cc9ea29c8ccfc0a2c22256a58c71"", ""sales_value"": 4921.27, ""seller_category"": ""Strong Performer"", ""delivered_orders"": 35, ""average_review_score"": 4.49, ""on_time_delivery_rate"": 97.14, ""seller_performance_score"": 68.89}"
13,"Seller Performance vs Revenue Contribution",520,"{""seller"": ""fad44952713764836814be105382aee5"", ""sales_value"": 5636.88, ""seller_category"": ""Strong Performer"", ""delivered_orders"": 32, ""average_review_score"": 4.28, ""on_time_delivery_rate"": 96.88, ""seller_performance_score"": 68.87}"
13,"Seller Performance vs Revenue Contribution",521,"{""seller"": ""cce6ab8d1682639fe45ab70234f1665f"", ""sales_value"": 3579.59, ""seller_category"": ""Strong Performer"", ""delivered_orders"": 61, ""average_review_score"": 4.51, ""on_time_delivery_rate"": 95.08, ""seller_performance_score"": 68.86}"
13,"Seller Performance vs Revenue Contribution",522,"{""seller"": ""5b67882648febfb6e1225e6ad7164f6b"", ""sales_value"": 7432.42, ""seller_category"": ""Strong Performer"", ""delivered_orders"": 27, ""average_review_score"": 4.00, ""on_time_delivery_rate"": 96.30, ""seller_performance_score"": 68.83}"
13,"Seller Performance vs Revenue Contribution",523,"{""seller"": ""3f995f07c49d0d55a99d5c54957f7d81"", ""sales_value"": 4627.20, ""seller_category"": ""Strong Performer"", ""delivered_orders"": 43, ""average_review_score"": 4.21, ""on_time_delivery_rate"": 97.67, ""seller_performance_score"": 68.81}"
13,"Seller Performance vs Revenue Contribution",524,"{""seller"": ""bf3c6d2a28b2b5501e6c15448982dcc9"", ""sales_value"": 4648.15, ""seller_category"": ""Strong Performer"", ""delivered_orders"": 35, ""average_review_score"": 4.60, ""on_time_delivery_rate"": 97.14, ""seller_performance_score"": 68.69}"
13,"Seller Performance vs Revenue Contribution",525,"{""seller"": ""8bd0f31cf0a614c658f6763bd02dea69"", ""sales_value"": 5423.32, ""seller_category"": ""Strong Performer"", ""delivered_orders"": 33, ""average_review_score"": 4.28, ""on_time_delivery_rate"": 96.97, ""seller_performance_score"": 68.64}"
13,"Seller Performance vs Revenue Contribution",526,"{""seller"": ""0176f73cc1195f367f7b32db1e5b3aa8"", ""sales_value"": 5915.27, ""seller_category"": ""Strong Performer"", ""delivered_orders"": 37, ""average_review_score"": 4.11, ""on_time_delivery_rate"": 89.19, ""seller_performance_score"": 68.56}"
13,"Seller Performance vs Revenue Contribution",527,"{""seller"": ""55a5b51f93f2b70ea513f5a047b0262a"", ""sales_value"": 4849.38, ""seller_category"": ""Strong Performer"", ""delivered_orders"": 39, ""average_review_score"": 4.46, ""on_time_delivery_rate"": 92.31, ""seller_performance_score"": 68.56}"
13,"Seller Performance vs Revenue Contribution",528,"{""seller"": ""382229d1e840115ffe3dbf5ff460e417"", ""sales_value"": 4890.33, ""seller_category"": ""Strong Performer"", ""delivered_orders"": 45, ""average_review_score"": 4.27, ""on_time_delivery_rate"": 88.89, ""seller_performance_score"": 68.43}"
13,"Seller Performance vs Revenue Contribution",529,"{""seller"": ""4da0e408c99d2fdc2126dc9fce518060"", ""sales_value"": 3964.73, ""seller_category"": ""Strong Performer"", ""delivered_orders"": 44, ""average_review_score"": 4.46, ""on_time_delivery_rate"": 100.00, ""seller_performance_score"": 68.40}"
13,"Seller Performance vs Revenue Contribution",530,"{""seller"": ""3bdff180c7e1f6551a643b99c265a120"", ""sales_value"": 4012.08, ""seller_category"": ""Strong Performer"", ""delivered_orders"": 56, ""average_review_score"": 4.25, ""on_time_delivery_rate"": 94.64, ""seller_performance_score"": 68.33}"
13,"Seller Performance vs Revenue Contribution",531,"{""seller"": ""ea67327e24487bdfac5fbfa37ea124df"", ""sales_value"": 7180.28, ""seller_category"": ""Strong Performer"", ""delivered_orders"": 32, ""average_review_score"": 3.53, ""on_time_delivery_rate"": 96.88, ""seller_performance_score"": 68.27}"
13,"Seller Performance vs Revenue Contribution",532,"{""seller"": ""5670f4db5b62c43d542e1b2d56b0cf7c"", ""sales_value"": 7212.65, ""seller_category"": ""Strong Performer"", ""delivered_orders"": 22, ""average_review_score"": 4.41, ""on_time_delivery_rate"": 95.45, ""seller_performance_score"": 68.22}"
13,"Seller Performance vs Revenue Contribution",533,"{""seller"": ""4c18691b6037662be2df78a765d98ab5"", ""sales_value"": 4316.51, ""seller_category"": ""Strong Performer"", ""delivered_orders"": 63, ""average_review_score"": 3.87, ""on_time_delivery_rate"": 92.06, ""seller_performance_score"": 68.12}"
13,"Seller Performance vs Revenue Contribution",534,"{""seller"": ""cac4c8e7b1ca6252d8f20b2fc1a2e4af"", ""sales_value"": 5658.70, ""seller_category"": ""Strong Performer"", ""delivered_orders"": 74, ""average_review_score"": 3.57, ""on_time_delivery_rate"": 77.03, ""seller_performance_score"": 68.12}"
13,"Seller Performance vs Revenue Contribution",535,"{""seller"": ""c3acdfac4e3e97ff87529454fbc03642"", ""sales_value"": 17057.28, ""seller_category"": ""Strong Performer"", ""delivered_orders"": 12, ""average_review_score"": 4.25, ""on_time_delivery_rate"": 91.67, ""seller_performance_score"": 68.05}"
13,"Seller Performance vs Revenue Contribution",536,"{""seller"": ""0cbcee27c791afa0cdcb08587a2013a8"", ""sales_value"": 5837.68, ""seller_category"": ""Strong Performer"", ""delivered_orders"": 37, ""average_review_score"": 4.00, ""on_time_delivery_rate"": 89.19, ""seller_performance_score"": 68.04}"
13,"Seller Performance vs Revenue Contribution",537,"{""seller"": ""0c7533c71df861ec58ad7ff999ed0e8d"", ""sales_value"": 3863.51, ""seller_category"": ""Strong Performer"", ""delivered_orders"": 61, ""average_review_score"": 4.10, ""on_time_delivery_rate"": 95.08, ""seller_performance_score"": 68.03}"
13,"Seller Performance vs Revenue Contribution",538,"{""seller"": ""81f89e42267213cb94da7ddc301651da"", ""sales_value"": 4721.18, ""seller_category"": ""Strong Performer"", ""delivered_orders"": 46, ""average_review_score"": 3.67, ""on_time_delivery_rate"": 100.00, ""seller_performance_score"": 68.03}"
13,"Seller Performance vs Revenue Contribution",539,"{""seller"": ""65febd49fd28ec955651299159b1f527"", ""sales_value"": 5085.38, ""seller_category"": ""Strong Performer"", ""delivered_orders"": 33, ""average_review_score"": 4.45, ""on_time_delivery_rate"": 93.94, ""seller_performance_score"": 67.99}"
13,"Seller Performance vs Revenue Contribution",540,"{""seller"": ""6a51fc556dab5f766ced6fbc860bc613"", ""sales_value"": 7965.01, ""seller_category"": ""Strong Performer"", ""delivered_orders"": 24, ""average_review_score"": 4.00, ""on_time_delivery_rate"": 91.67, ""seller_performance_score"": 67.95}"
13,"Seller Performance vs Revenue Contribution",541,"{""seller"": ""52d76513f0c4d97f3b99570e2c94ee31"", ""sales_value"": 9042.36, ""seller_category"": ""Strong Performer"", ""delivered_orders"": 19, ""average_review_score"": 4.06, ""on_time_delivery_rate"": 94.74, ""seller_performance_score"": 67.93}"
13,"Seller Performance vs Revenue Contribution",542,"{""seller"": ""bbad7e518d7af88a0897397ffdca1979"", ""sales_value"": 5741.24, ""seller_category"": ""Strong Performer"", ""delivered_orders"": 68, ""average_review_score"": 3.18, ""on_time_delivery_rate"": 83.82, ""seller_performance_score"": 67.85}"
13,"Seller Performance vs Revenue Contribution",543,"{""seller"": ""dd55f1bb788714a40e7954c3be6df745"", ""sales_value"": 7701.18, ""seller_category"": ""Strong Performer"", ""delivered_orders"": 35, ""average_review_score"": 3.74, ""on_time_delivery_rate"": 82.86, ""seller_performance_score"": 67.84}"
13,"Seller Performance vs Revenue Contribution",544,"{""seller"": ""870d0118f7a9d85960f29ad89d5d989a"", ""sales_value"": 4428.03, ""seller_category"": ""Strong Performer"", ""delivered_orders"": 45, ""average_review_score"": 4.09, ""on_time_delivery_rate"": 95.56, ""seller_performance_score"": 67.76}"
13,"Seller Performance vs Revenue Contribution",545,"{""seller"": ""821fb029fc6e495ca4f08a35d51e53a5"", ""sales_value"": 19217.17, ""seller_category"": ""Strong Performer"", ""delivered_orders"": 24, ""average_review_score"": 3.48, ""on_time_delivery_rate"": 62.50, ""seller_performance_score"": 67.75}"
13,"Seller Performance vs Revenue Contribution",546,"{""seller"": ""5bffbafbb22daf6d3bfc216a46db8708"", ""sales_value"": 5694.20, ""seller_category"": ""Strong Performer"", ""delivered_orders"": 21, ""average_review_score"": 4.76, ""on_time_delivery_rate"": 100.00, ""seller_performance_score"": 67.75}"
13,"Seller Performance vs Revenue Contribution",547,"{""seller"": ""916c9de0b5ad957346eeeb12f332687e"", ""sales_value"": 5814.27, ""seller_category"": ""Strong Performer"", ""delivered_orders"": 22, ""average_review_score"": 4.55, ""on_time_delivery_rate"": 100.00, ""seller_performance_score"": 67.75}"
13,"Seller Performance vs Revenue Contribution",548,"{""seller"": ""817245bcc3badd82bbd222e0366951a6"", ""sales_value"": 6044.83, ""seller_category"": ""Strong Performer"", ""delivered_orders"": 28, ""average_review_score"": 4.11, ""on_time_delivery_rate"": 96.43, ""seller_performance_score"": 67.71}"
13,"Seller Performance vs Revenue Contribution",549,"{""seller"": ""a17f621c590ea0fab3d5d883e1630ec6"", ""sales_value"": 3772.27, ""seller_category"": ""Strong Performer"", ""delivered_orders"": 63, ""average_review_score"": 4.16, ""on_time_delivery_rate"": 92.06, ""seller_performance_score"": 67.70}"
13,"Seller Performance vs Revenue Contribution",550,"{""seller"": ""4aba391bc3b88717ce08eb11e44937b2"", ""sales_value"": 8047.44, ""seller_category"": ""Strong Performer"", ""delivered_orders"": 27, ""average_review_score"": 4.00, ""on_time_delivery_rate"": 85.19, ""seller_performance_score"": 67.69}"
13,"Seller Performance vs Revenue Contribution",551,"{""seller"": ""6b90f847357d8981edd79a1eb1bf0acb"", ""sales_value"": 4059.73, ""seller_category"": ""Strong Performer"", ""delivered_orders"": 45, ""average_review_score"": 4.37, ""on_time_delivery_rate"": 95.56, ""seller_performance_score"": 67.65}"
13,"Seller Performance vs Revenue Contribution",552,"{""seller"": ""6c12e40690c335dbc2f68a4134d30dc1"", ""sales_value"": 9624.26, ""seller_category"": ""Strong Performer"", ""delivered_orders"": 16, ""average_review_score"": 4.07, ""on_time_delivery_rate"": 100.00, ""seller_performance_score"": 67.64}"
13,"Seller Performance vs Revenue Contribution",553,"{""seller"": ""02f5837340d7eb4f653d676c7256523a"", ""sales_value"": 4463.88, ""seller_category"": ""Strong Performer"", ""delivered_orders"": 30, ""average_review_score"": 4.83, ""on_time_delivery_rate"": 96.67, ""seller_performance_score"": 67.62}"
13,"Seller Performance vs Revenue Contribution",554,"{""seller"": ""fd386aa7bed2af3c7035c65506c9b4a3"", ""sales_value"": 3316.17, ""seller_category"": ""Strong Performer"", ""delivered_orders"": 69, ""average_review_score"": 4.35, ""on_time_delivery_rate"": 89.86, ""seller_performance_score"": 67.59}"
13,"Seller Performance vs Revenue Contribution",555,"{""seller"": ""56642bcb79900e777d68e91915cb4267"", ""sales_value"": 4471.79, ""seller_category"": ""Strong Performer"", ""delivered_orders"": 48, ""average_review_score"": 4.06, ""on_time_delivery_rate"": 91.67, ""seller_performance_score"": 67.54}"
13,"Seller Performance vs Revenue Contribution",556,"{""seller"": ""594f9aaa48e5bf431f011ddc5669b0d5"", ""sales_value"": 4136.41, ""seller_category"": ""Strong Performer"", ""delivered_orders"": 37, ""average_review_score"": 4.59, ""on_time_delivery_rate"": 97.30, ""seller_performance_score"": 67.54}"
13,"Seller Performance vs Revenue Contribution",557,"{""seller"": ""270297ead4c65a6cd2593960d2af6b21"", ""sales_value"": 9881.76, ""seller_category"": ""Strong Performer"", ""delivered_orders"": 17, ""average_review_score"": 3.82, ""on_time_delivery_rate"": 100.00, ""seller_performance_score"": 67.51}"
13,"Seller Performance vs Revenue Contribution",558,"{""seller"": ""beadbee30901a7f61d031b6b686095ad"", ""sales_value"": 5311.52, ""seller_category"": ""Strong Performer"", ""delivered_orders"": 64, ""average_review_score"": 3.91, ""on_time_delivery_rate"": 75.00, ""seller_performance_score"": 67.51}"
13,"Seller Performance vs Revenue Contribution",559,"{""seller"": ""3ab971ce71839580d2ae5b4e40fe8044"", ""sales_value"": 5797.25, ""seller_category"": ""Strong Performer"", ""delivered_orders"": 35, ""average_review_score"": 3.91, ""on_time_delivery_rate"": 91.43, ""seller_performance_score"": 67.40}"
13,"Seller Performance vs Revenue Contribution",560,"{""seller"": ""8b8cfc8305aa441e4239358c9f6f2485"", ""sales_value"": 13110.70, ""seller_category"": ""Strong Performer"", ""delivered_orders"": 15, ""average_review_score"": 4.20, ""on_time_delivery_rate"": 86.67, ""seller_performance_score"": 67.39}"
13,"Seller Performance vs Revenue Contribution",561,"{""seller"": ""4b5f66b7adcf57f1ecc0d3c07dd6b177"", ""sales_value"": 7115.96, ""seller_category"": ""Strong Performer"", ""delivered_orders"": 23, ""average_review_score"": 4.09, ""on_time_delivery_rate"": 95.65, ""seller_performance_score"": 67.36}"
13,"Seller Performance vs Revenue Contribution",562,"{""seller"": ""02ecc2a19303f05e59ce133fd923fff7"", ""sales_value"": 5742.40, ""seller_category"": ""Strong Performer"", ""delivered_orders"": 21, ""average_review_score"": 4.62, ""on_time_delivery_rate"": 100.00, ""seller_performance_score"": 67.35}"
13,"Seller Performance vs Revenue Contribution",563,"{""seller"": ""3d8fa2f5b647373c8620330c4e077a9f"", ""sales_value"": 4295.72, ""seller_category"": ""Strong Performer"", ""delivered_orders"": 42, ""average_review_score"": 4.17, ""on_time_delivery_rate"": 97.62, ""seller_performance_score"": 67.33}"
13,"Seller Performance vs Revenue Contribution",564,"{""seller"": ""116ccb1a1604bc88e4d234a8c23f33de"", ""sales_value"": 2948.33, ""seller_category"": ""Strong Performer"", ""delivered_orders"": 61, ""average_review_score"": 4.64, ""on_time_delivery_rate"": 93.44, ""seller_performance_score"": 67.16}"
13,"Seller Performance vs Revenue Contribution",565,"{""seller"": ""f7720c4fa8e3aba4546301ab80ea1f1b"", ""sales_value"": 3360.79, ""seller_category"": ""Strong Performer"", ""delivered_orders"": 59, ""average_review_score"": 4.25, ""on_time_delivery_rate"": 94.92, ""seller_performance_score"": 67.15}"
13,"Seller Performance vs Revenue Contribution",566,"{""seller"": ""95f83f51203c626648c875dd41874c7f"", ""sales_value"": 4631.80, ""seller_category"": ""Strong Performer"", ""delivered_orders"": 50, ""average_review_score"": 3.70, ""on_time_delivery_rate"": 94.00, ""seller_performance_score"": 67.12}"
13,"Seller Performance vs Revenue Contribution",567,"{""seller"": ""0bf0150d5b9d60d9cd2906003332f085"", ""sales_value"": 6872.34, ""seller_category"": ""Strong Performer"", ""delivered_orders"": 39, ""average_review_score"": 3.79, ""on_time_delivery_rate"": 79.49, ""seller_performance_score"": 67.07}"
13,"Seller Performance vs Revenue Contribution",568,"{""seller"": ""3504c0cb71d7fa48d967e0e4c94d59d9"", ""sales_value"": 3037.31, ""seller_category"": ""Strong Performer"", ""delivered_orders"": 53, ""average_review_score"": 4.42, ""on_time_delivery_rate"": 100.00, ""seller_performance_score"": 67.01}"
13,"Seller Performance vs Revenue Contribution",569,"{""seller"": ""4bf2f4ee540798a61f9636d12cd9cc80"", ""sales_value"": 5501.01, ""seller_category"": ""Strong Performer"", ""delivered_orders"": 29, ""average_review_score"": 4.14, ""on_time_delivery_rate"": 96.55, ""seller_performance_score"": 66.99}"
13,"Seller Performance vs Revenue Contribution",570,"{""seller"": ""610f72e407cdd7caaa2f8167b0163fd8"", ""sales_value"": 14429.45, ""seller_category"": ""Strong Performer"", ""delivered_orders"": 16, ""average_review_score"": 3.63, ""on_time_delivery_rate"": 87.50, ""seller_performance_score"": 66.95}"
13,"Seller Performance vs Revenue Contribution",571,"{""seller"": ""f7ccf836d21b2fb1de37564105216cc1"", ""sales_value"": 3856.34, ""seller_category"": ""Strong Performer"", ""delivered_orders"": 69, ""average_review_score"": 3.85, ""on_time_delivery_rate"": 89.86, ""seller_performance_score"": 66.93}"
13,"Seller Performance vs Revenue Contribution",572,"{""seller"": ""784ba75dd9d20200c4caed3d7a77141a"", ""sales_value"": 8742.35, ""seller_category"": ""Strong Performer"", ""delivered_orders"": 19, ""average_review_score"": 4.15, ""on_time_delivery_rate"": 89.47, ""seller_performance_score"": 66.92}"
13,"Seller Performance vs Revenue Contribution",573,"{""seller"": ""b1ac6ea7895bc3dd6f0f6f4abbdd2821"", ""sales_value"": 3734.36, ""seller_category"": ""Strong Performer"", ""delivered_orders"": 38, ""average_review_score"": 4.53, ""on_time_delivery_rate"": 100.00, ""seller_performance_score"": 66.92}"
13,"Seller Performance vs Revenue Contribution",574,"{""seller"": ""3ade81dab5a172b88e1871c28ae05260"", ""sales_value"": 6821.59, ""seller_category"": ""Strong Performer"", ""delivered_orders"": 28, ""average_review_score"": 4.19, ""on_time_delivery_rate"": 85.71, ""seller_performance_score"": 66.91}"
13,"Seller Performance vs Revenue Contribution",575,"{""seller"": ""f1fd5ab1181f827ffad998c1a5de7d74"", ""sales_value"": 7877.96, ""seller_category"": ""Strong Performer"", ""delivered_orders"": 15, ""average_review_score"": 4.67, ""on_time_delivery_rate"": 100.00, ""seller_performance_score"": 66.91}"
13,"Seller Performance vs Revenue Contribution",576,"{""seller"": ""994f04b3718c2bab35c2adfa8afecd2a"", ""sales_value"": 4044.45, ""seller_category"": ""Strong Performer"", ""delivered_orders"": 47, ""average_review_score"": 4.30, ""on_time_delivery_rate"": 91.49, ""seller_performance_score"": 66.83}"
13,"Seller Performance vs Revenue Contribution",577,"{""seller"": ""f7496d659ca9fdaf323c0aae84176632"", ""sales_value"": 5641.93, ""seller_category"": ""Strong Performer"", ""delivered_orders"": 25, ""average_review_score"": 4.56, ""on_time_delivery_rate"": 92.00, ""seller_performance_score"": 66.81}"
13,"Seller Performance vs Revenue Contribution",578,"{""seller"": ""575df70bde3f9f2b30bf8d2e9910d725"", ""sales_value"": 6163.42, ""seller_category"": ""Strong Performer"", ""delivered_orders"": 27, ""average_review_score"": 4.07, ""on_time_delivery_rate"": 92.59, ""seller_performance_score"": 66.80}"
13,"Seller Performance vs Revenue Contribution",579,"{""seller"": ""406822777a0b9eb5c50e442dd4cd3ec5"", ""sales_value"": 4449.21, ""seller_category"": ""Strong Performer"", ""delivered_orders"": 44, ""average_review_score"": 4.33, ""on_time_delivery_rate"": 86.36, ""seller_performance_score"": 66.70}"
13,"Seller Performance vs Revenue Contribution",580,"{""seller"": ""bbf9ad41dca6603e614efcdad7aab8c4"", ""sales_value"": 8622.26, ""seller_category"": ""Strong Performer"", ""delivered_orders"": 14, ""average_review_score"": 4.50, ""on_time_delivery_rate"": 100.00, ""seller_performance_score"": 66.64}"
13,"Seller Performance vs Revenue Contribution",581,"{""seller"": ""a3f0b55de503387383c7b1de3ad7f678"", ""sales_value"": 5577.74, ""seller_category"": ""Strong Performer"", ""delivered_orders"": 24, ""average_review_score"": 4.42, ""on_time_delivery_rate"": 95.83, ""seller_performance_score"": 66.60}"
13,"Seller Performance vs Revenue Contribution",582,"{""seller"": ""e06f09ec0a4aca210779cf1cfc63cf19"", ""sales_value"": 5901.41, ""seller_category"": ""Strong Performer"", ""delivered_orders"": 29, ""average_review_score"": 3.97, ""on_time_delivery_rate"": 93.10, ""seller_performance_score"": 66.55}"
13,"Seller Performance vs Revenue Contribution",583,"{""seller"": ""834f8533b2ecb6598dd004ff3de7203a"", ""sales_value"": 5250.66, ""seller_category"": ""Strong Performer"", ""delivered_orders"": 41, ""average_review_score"": 3.98, ""on_time_delivery_rate"": 85.37, ""seller_performance_score"": 66.46}"
13,"Seller Performance vs Revenue Contribution",584,"{""seller"": ""5b179e9e8cc7ab6fd113a46ca584da81"", ""sales_value"": 5839.14, ""seller_category"": ""Strong Performer"", ""delivered_orders"": 34, ""average_review_score"": 3.67, ""on_time_delivery_rate"": 91.18, ""seller_performance_score"": 66.39}"
13,"Seller Performance vs Revenue Contribution",585,"{""seller"": ""232a6014e7b10cba61c6c2b2ea6bb4b0"", ""sales_value"": 5017.04, ""seller_category"": ""Strong Performer"", ""delivered_orders"": 32, ""average_review_score"": 4.16, ""on_time_delivery_rate"": 93.75, ""seller_performance_score"": 66.36}"
13,"Seller Performance vs Revenue Contribution",586,"{""seller"": ""d71d863e5ef30d94e440c11be17dcd8f"", ""sales_value"": 9920.09, ""seller_category"": ""Strong Performer"", ""delivered_orders"": 23, ""average_review_score"": 3.33, ""on_time_delivery_rate"": 86.96, ""seller_performance_score"": 66.33}"
13,"Seller Performance vs Revenue Contribution",587,"{""seller"": ""1b938a7ec6ac5061a66a3766e0e75f90"", ""sales_value"": 4719.45, ""seller_category"": ""Strong Performer"", ""delivered_orders"": 29, ""average_review_score"": 4.41, ""on_time_delivery_rate"": 96.55, ""seller_performance_score"": 66.33}"
13,"Seller Performance vs Revenue Contribution",588,"{""seller"": ""f12ff17ad8bbf01ec5c33b17e506649b"", ""sales_value"": 6728.88, ""seller_category"": ""Strong Performer"", ""delivered_orders"": 28, ""average_review_score"": 3.86, ""on_time_delivery_rate"": 89.29, ""seller_performance_score"": 66.26}"
13,"Seller Performance vs Revenue Contribution",589,"{""seller"": ""1c5e4e49b9079480255b49d50aac1aa9"", ""sales_value"": 11062.72, ""seller_category"": ""Strong Performer"", ""delivered_orders"": 12, ""average_review_score"": 4.33, ""on_time_delivery_rate"": 100.00, ""seller_performance_score"": 66.21}"
13,"Seller Performance vs Revenue Contribution",590,"{""seller"": ""cd6efc47efaabf134f8bdb654e10b4f1"", ""sales_value"": 4757.16, ""seller_category"": ""Strong Performer"", ""delivered_orders"": 31, ""average_review_score"": 4.48, ""on_time_delivery_rate"": 90.32, ""seller_performance_score"": 66.13}"
13,"Seller Performance vs Revenue Contribution",591,"{""seller"": ""3f3486b61f45078d4f31ee5e43d8c5bb"", ""sales_value"": 4653.13, ""seller_category"": ""Strong Performer"", ""delivered_orders"": 39, ""average_review_score"": 4.33, ""on_time_delivery_rate"": 84.62, ""seller_performance_score"": 66.09}"
13,"Seller Performance vs Revenue Contribution",592,"{""seller"": ""96804ea39d96eb908e7c3afdb671bb9e"", ""sales_value"": 4268.00, ""seller_category"": ""Strong Performer"", ""delivered_orders"": 37, ""average_review_score"": 4.14, ""on_time_delivery_rate"": 97.30, ""seller_performance_score"": 66.07}"
13,"Seller Performance vs Revenue Contribution",593,"{""seller"": ""af4a0e4cfe1d9c26b6712b1be25a72e5"", ""sales_value"": 9351.60, ""seller_category"": ""Strong Performer"", ""delivered_orders"": 21, ""average_review_score"": 3.43, ""on_time_delivery_rate"": 90.48, ""seller_performance_score"": 66.06}"
13,"Seller Performance vs Revenue Contribution",594,"{""seller"": ""cb3dd9ce66268c7a3ca7241ac70ab58c"", ""sales_value"": 3608.67, ""seller_category"": ""Strong Performer"", ""delivered_orders"": 48, ""average_review_score"": 4.22, ""on_time_delivery_rate"": 93.75, ""seller_performance_score"": 66.01}"
13,"Seller Performance vs Revenue Contribution",595,"{""seller"": ""257e61d3251fb5efb9daadddbc2cf7ca"", ""sales_value"": 8806.18, ""seller_category"": ""Strong Performer"", ""delivered_orders"": 12, ""average_review_score"": 4.75, ""on_time_delivery_rate"": 100.00, ""seller_performance_score"": 65.98}"
13,"Seller Performance vs Revenue Contribution",596,"{""seller"": ""5882820ef11c4c068eea0677a7a879b4"", ""sales_value"": 10664.81, ""seller_category"": ""Strong Performer"", ""delivered_orders"": 14, ""average_review_score"": 4.15, ""on_time_delivery_rate"": 92.86, ""seller_performance_score"": 65.92}"
13,"Seller Performance vs Revenue Contribution",597,"{""seller"": ""6b3bd31ad8fcda4b2635ec9f3ff2ecdf"", ""sales_value"": 4801.87, ""seller_category"": ""Strong Performer"", ""delivered_orders"": 35, ""average_review_score"": 4.09, ""on_time_delivery_rate"": 91.43, ""seller_performance_score"": 65.89}"
13,"Seller Performance vs Revenue Contribution",598,"{""seller"": ""c510bc1718f0f2961eaa42a23330681a"", ""sales_value"": 10851.45, ""seller_category"": ""Strong Performer"", ""delivered_orders"": 12, ""average_review_score"": 4.25, ""on_time_delivery_rate"": 100.00, ""seller_performance_score"": 65.82}"
13,"Seller Performance vs Revenue Contribution",599,"{""seller"": ""33ac3e28642ab8bda860a2f693000e78"", ""sales_value"": 4151.12, ""seller_category"": ""Strong Performer"", ""delivered_orders"": 34, ""average_review_score"": 4.21, ""on_time_delivery_rate"": 100.00, ""seller_performance_score"": 65.81}"
13,"Seller Performance vs Revenue Contribution",600,"{""seller"": ""dbdd0ec73a4817971d962698f2fea022"", ""sales_value"": 8174.80, ""seller_category"": ""Strong Performer"", ""delivered_orders"": 16, ""average_review_score"": 4.38, ""on_time_delivery_rate"": 93.75, ""seller_performance_score"": 65.77}"
13,"Seller Performance vs Revenue Contribution",601,"{""seller"": ""d379f449f2a3b271bc01c0782020f705"", ""sales_value"": 5499.80, ""seller_category"": ""Strong Performer"", ""delivered_orders"": 28, ""average_review_score"": 3.89, ""on_time_delivery_rate"": 96.43, ""seller_performance_score"": 65.65}"
13,"Seller Performance vs Revenue Contribution",602,"{""seller"": ""99002261c568a84cce14d43fcffb43ea"", ""sales_value"": 5188.33, ""seller_category"": ""Strong Performer"", ""delivered_orders"": 36, ""average_review_score"": 3.72, ""on_time_delivery_rate"": 91.67, ""seller_performance_score"": 65.65}"
13,"Seller Performance vs Revenue Contribution",603,"{""seller"": ""6338ea67c41078a46ad99cc009654956"", ""sales_value"": 3210.39, ""seller_category"": ""Strong Performer"", ""delivered_orders"": 37, ""average_review_score"": 4.60, ""on_time_delivery_rate"": 100.00, ""seller_performance_score"": 65.64}"
13,"Seller Performance vs Revenue Contribution",604,"{""seller"": ""4559697a8f7e637227c2eeaed843baff"", ""sales_value"": 4189.52, ""seller_category"": ""Strong Performer"", ""delivered_orders"": 39, ""average_review_score"": 4.22, ""on_time_delivery_rate"": 92.31, ""seller_performance_score"": 65.59}"
13,"Seller Performance vs Revenue Contribution",605,"{""seller"": ""31561f325664a8a7aba4c8d0c3a9b3db"", ""sales_value"": 3329.36, ""seller_category"": ""Strong Performer"", ""delivered_orders"": 36, ""average_review_score"": 4.64, ""on_time_delivery_rate"": 97.22, ""seller_performance_score"": 65.50}"
13,"Seller Performance vs Revenue Contribution",606,"{""seller"": ""efcd8d2104f1a05d028af7bad20d974b"", ""sales_value"": 3225.10, ""seller_category"": ""Strong Performer"", ""delivered_orders"": 46, ""average_review_score"": 4.21, ""on_time_delivery_rate"": 97.83, ""seller_performance_score"": 65.49}"
13,"Seller Performance vs Revenue Contribution",607,"{""seller"": ""79ed755314cfe6df0daef2c6cd3022cd"", ""sales_value"": 4366.66, ""seller_category"": ""Strong Performer"", ""delivered_orders"": 23, ""average_review_score"": 4.73, ""on_time_delivery_rate"": 100.00, ""seller_performance_score"": 65.49}"
13,"Seller Performance vs Revenue Contribution",608,"{""seller"": ""b4a476fbd28de64b1e347abf9089366a"", ""sales_value"": 5275.11, ""seller_category"": ""Strong Performer"", ""delivered_orders"": 30, ""average_review_score"": 4.14, ""on_time_delivery_rate"": 90.00, ""seller_performance_score"": 65.46}"
13,"Seller Performance vs Revenue Contribution",609,"{""seller"": ""a6bd7d1ccdac48c6b33b28596b7eb122"", ""sales_value"": 14306.91, ""seller_category"": ""Strong Performer"", ""delivered_orders"": 15, ""average_review_score"": 3.50, ""on_time_delivery_rate"": 86.67, ""seller_performance_score"": 65.46}"
13,"Seller Performance vs Revenue Contribution",610,"{""seller"": ""aae3bfea055532c57fb453ed3ec80b30"", ""sales_value"": 3857.17, ""seller_category"": ""Strong Performer"", ""delivered_orders"": 48, ""average_review_score"": 3.60, ""on_time_delivery_rate"": 100.00, ""seller_performance_score"": 65.42}"
13,"Seller Performance vs Revenue Contribution",611,"{""seller"": ""20d83f3ef0e6925fd74bfd59170babf7"", ""sales_value"": 3557.21, ""seller_category"": ""Strong Performer"", ""delivered_orders"": 40, ""average_review_score"": 4.40, ""on_time_delivery_rate"": 95.00, ""seller_performance_score"": 65.42}"
13,"Seller Performance vs Revenue Contribution",612,"{""seller"": ""d51e0a403fe2e689ece6c73359d96e12"", ""sales_value"": 8027.57, ""seller_category"": ""Strong Performer"", ""delivered_orders"": 18, ""average_review_score"": 4.22, ""on_time_delivery_rate"": 88.89, ""seller_performance_score"": 65.41}"
13,"Seller Performance vs Revenue Contribution",613,"{""seller"": ""6481e96574816ead57975da2c0f6d80d"", ""sales_value"": 4340.86, ""seller_category"": ""Strong Performer"", ""delivered_orders"": 32, ""average_review_score"": 4.19, ""on_time_delivery_rate"": 96.88, ""seller_performance_score"": 65.38}"
13,"Seller Performance vs Revenue Contribution",614,"{""seller"": ""14d7985702e72162bbf13b6beb74ab2b"", ""sales_value"": 4441.00, ""seller_category"": ""Strong Performer"", ""delivered_orders"": 37, ""average_review_score"": 4.32, ""on_time_delivery_rate"": 86.49, ""seller_performance_score"": 65.37}"
13,"Seller Performance vs Revenue Contribution",615,"{""seller"": ""67883baaae6134ee81b271a542613728"", ""sales_value"": 8496.02, ""seller_category"": ""Strong Performer"", ""delivered_orders"": 19, ""average_review_score"": 4.11, ""on_time_delivery_rate"": 84.21, ""seller_performance_score"": 65.35}"
13,"Seller Performance vs Revenue Contribution",616,"{""seller"": ""6fc26fe110feebd80a433e1f012a84f9"", ""sales_value"": 5128.06, ""seller_category"": ""Strong Performer"", ""delivered_orders"": 35, ""average_review_score"": 3.91, ""on_time_delivery_rate"": 88.57, ""seller_performance_score"": 65.33}"
13,"Seller Performance vs Revenue Contribution",617,"{""seller"": ""55d3daac7c404d59e51c2aa2f4dc5a23"", ""sales_value"": 5790.48, ""seller_category"": ""Strong Performer"", ""delivered_orders"": 21, ""average_review_score"": 4.10, ""on_time_delivery_rate"": 100.00, ""seller_performance_score"": 65.29}"
13,"Seller Performance vs Revenue Contribution",618,"{""seller"": ""42fa4ee7240e9b8eb4576358ec142ba7"", ""sales_value"": 4364.47, ""seller_category"": ""Strong Performer"", ""delivered_orders"": 22, ""average_review_score"": 4.81, ""on_time_delivery_rate"": 100.00, ""seller_performance_score"": 65.24}"
13,"Seller Performance vs Revenue Contribution",619,"{""seller"": ""5a93f3ab0ef4c84ed5e1b5dbf23978bc"", ""sales_value"": 2952.22, ""seller_category"": ""Strong Performer"", ""delivered_orders"": 38, ""average_review_score"": 4.79, ""on_time_delivery_rate"": 97.37, ""seller_performance_score"": 65.22}"
13,"Seller Performance vs Revenue Contribution",620,"{""seller"": ""b17b679f4f5ce2e03ce6968c62648246"", ""sales_value"": 4404.36, ""seller_category"": ""Strong Performer"", ""delivered_orders"": 50, ""average_review_score"": 3.98, ""on_time_delivery_rate"": 82.00, ""seller_performance_score"": 65.19}"
13,"Seller Performance vs Revenue Contribution",621,"{""seller"": ""8931a84a914b3fe9b1ddaa4d704947ca"", ""sales_value"": 5092.89, ""seller_category"": ""Strong Performer"", ""delivered_orders"": 29, ""average_review_score"": 4.07, ""on_time_delivery_rate"": 93.10, ""seller_performance_score"": 65.15}"
13,"Seller Performance vs Revenue Contribution",622,"{""seller"": ""960945e1a9535cbc0cd6ddd35fbe7ae8"", ""sales_value"": 3861.53, ""seller_category"": ""Strong Performer"", ""delivered_orders"": 28, ""average_review_score"": 4.64, ""on_time_delivery_rate"": 100.00, ""seller_performance_score"": 65.15}"
13,"Seller Performance vs Revenue Contribution",623,"{""seller"": ""f00e21b1e91a79653163b7fd8f293ff1"", ""sales_value"": 4471.06, ""seller_category"": ""Strong Performer"", ""delivered_orders"": 31, ""average_review_score"": 4.10, ""on_time_delivery_rate"": 96.77, ""seller_performance_score"": 65.15}"
13,"Seller Performance vs Revenue Contribution",624,"{""seller"": ""33c51922b6e3c16b24a8f28e5833c99d"", ""sales_value"": 7025.88, ""seller_category"": ""Strong Performer"", ""delivered_orders"": 18, ""average_review_score"": 4.24, ""on_time_delivery_rate"": 94.44, ""seller_performance_score"": 65.05}"
13,"Seller Performance vs Revenue Contribution",625,"{""seller"": ""0ebd97a106433a45a4aebe57c1799778"", ""sales_value"": 3661.68, ""seller_category"": ""Strong Performer"", ""delivered_orders"": 31, ""average_review_score"": 4.48, ""on_time_delivery_rate"": 100.00, ""seller_performance_score"": 64.95}"
13,"Seller Performance vs Revenue Contribution",626,"{""seller"": ""432c37c9dfba871172ec162e20118b8c"", ""sales_value"": 3614.80, ""seller_category"": ""Strong Performer"", ""delivered_orders"": 44, ""average_review_score"": 4.25, ""on_time_delivery_rate"": 90.91, ""seller_performance_score"": 64.93}"
13,"Seller Performance vs Revenue Contribution",627,"{""seller"": ""ad781527c93d00d89a11eecd9dcad7c1"", ""sales_value"": 8213.12, ""seller_category"": ""Strong Performer"", ""delivered_orders"": 38, ""average_review_score"": 3.34, ""on_time_delivery_rate"": 68.42, ""seller_performance_score"": 64.93}"
13,"Seller Performance vs Revenue Contribution",628,"{""seller"": ""3361277dc30b7cccdb0c286b24219756"", ""sales_value"": 4540.90, ""seller_category"": ""Strong Performer"", ""delivered_orders"": 29, ""average_review_score"": 4.34, ""on_time_delivery_rate"": 93.10, ""seller_performance_score"": 64.89}"
13,"Seller Performance vs Revenue Contribution",629,"{""seller"": ""ec8879960bd2221d5c32f8e12f7da711"", ""sales_value"": 4756.26, ""seller_category"": ""Strong Performer"", ""delivered_orders"": 35, ""average_review_score"": 4.29, ""on_time_delivery_rate"": 82.86, ""seller_performance_score"": 64.84}"
13,"Seller Performance vs Revenue Contribution",630,"{""seller"": ""31da954dc0855f2495c6310f70a2f931"", ""sales_value"": 5032.71, ""seller_category"": ""Strong Performer"", ""delivered_orders"": 29, ""average_review_score"": 4.21, ""on_time_delivery_rate"": 89.66, ""seller_performance_score"": 64.81}"
13,"Seller Performance vs Revenue Contribution",631,"{""seller"": ""5cbbd5a299cab112b7bf23862255e43e"", ""sales_value"": 3385.21, ""seller_category"": ""Strong Performer"", ""delivered_orders"": 36, ""average_review_score"": 4.28, ""on_time_delivery_rate"": 100.00, ""seller_performance_score"": 64.75}"
13,"Seller Performance vs Revenue Contribution",632,"{""seller"": ""6a0cbc8af2e8abd1bdfb777943d174c6"", ""sales_value"": 4517.15, ""seller_category"": ""Strong Performer"", ""delivered_orders"": 34, ""average_review_score"": 4.03, ""on_time_delivery_rate"": 91.18, ""seller_performance_score"": 64.64}"
13,"Seller Performance vs Revenue Contribution",633,"{""seller"": ""4992e76a42cb3aad7a7047e0d3d7e729"", ""sales_value"": 3163.56, ""seller_category"": ""Strong Performer"", ""delivered_orders"": 56, ""average_review_score"": 3.96, ""on_time_delivery_rate"": 92.86, ""seller_performance_score"": 64.55}"
13,"Seller Performance vs Revenue Contribution",634,"{""seller"": ""f214d28e8d8e3ef068748498ccc2f813"", ""sales_value"": 2937.84, ""seller_category"": ""Strong Performer"", ""delivered_orders"": 52, ""average_review_score"": 4.27, ""on_time_delivery_rate"": 92.31, ""seller_performance_score"": 64.46}"
13,"Seller Performance vs Revenue Contribution",635,"{""seller"": ""7bac63f6603d382cc8d0832eb6c100a8"", ""sales_value"": 8114.60, ""seller_category"": ""Strong Performer"", ""delivered_orders"": 19, ""average_review_score"": 4.00, ""on_time_delivery_rate"": 84.21, ""seller_performance_score"": 64.39}"
13,"Seller Performance vs Revenue Contribution",636,"{""seller"": ""318f287a62ab7ac10b703ac37435a231"", ""sales_value"": 3529.52, ""seller_category"": ""Strong Performer"", ""delivered_orders"": 51, ""average_review_score"": 3.92, ""on_time_delivery_rate"": 90.20, ""seller_performance_score"": 64.35}"
13,"Seller Performance vs Revenue Contribution",637,"{""seller"": ""ccb83a794700270fde70898fe9ff368b"", ""sales_value"": 12785.73, ""seller_category"": ""Strong Performer"", ""delivered_orders"": 12, ""average_review_score"": 4.33, ""on_time_delivery_rate"": 83.33, ""seller_performance_score"": 64.29}"
13,"Seller Performance vs Revenue Contribution",638,"{""seller"": ""503c1de08ae81a2d86f17951b204db55"", ""sales_value"": 5321.90, ""seller_category"": ""Strong Performer"", ""delivered_orders"": 22, ""average_review_score"": 4.41, ""on_time_delivery_rate"": 90.91, ""seller_performance_score"": 64.20}"
13,"Seller Performance vs Revenue Contribution",639,"{""seller"": ""3c03b12bab54d8b37d79d914bfdb1aa0"", ""sales_value"": 4919.77, ""seller_category"": ""Strong Performer"", ""delivered_orders"": 37, ""average_review_score"": 3.83, ""on_time_delivery_rate"": 83.78, ""seller_performance_score"": 64.14}"
13,"Seller Performance vs Revenue Contribution",640,"{""seller"": ""5f5b43b2bffa8656e4bc6efeb13cc649"", ""sales_value"": 4232.65, ""seller_category"": ""Strong Performer"", ""delivered_orders"": 27, ""average_review_score"": 4.41, ""on_time_delivery_rate"": 96.30, ""seller_performance_score"": 64.12}"
13,"Seller Performance vs Revenue Contribution",641,"{""seller"": ""729b2d09b2a0bdab221076327f13d050"", ""sales_value"": 2739.91, ""seller_category"": ""Strong Performer"", ""delivered_orders"": 48, ""average_review_score"": 4.56, ""on_time_delivery_rate"": 91.67, ""seller_performance_score"": 64.08}"
13,"Seller Performance vs Revenue Contribution",642,"{""seller"": ""3c4e0452bff7a2a788179488d3d77032"", ""sales_value"": 4352.52, ""seller_category"": ""Strong Performer"", ""delivered_orders"": 32, ""average_review_score"": 3.84, ""on_time_delivery_rate"": 96.88, ""seller_performance_score"": 64.04}"
13,"Seller Performance vs Revenue Contribution",643,"{""seller"": ""c8b3445d737de6befde0c88ede534a5e"", ""sales_value"": 3800.79, ""seller_category"": ""Strong Performer"", ""delivered_orders"": 30, ""average_review_score"": 4.43, ""on_time_delivery_rate"": 96.67, ""seller_performance_score"": 64.04}"
13,"Seller Performance vs Revenue Contribution",644,"{""seller"": ""c9aafcd0621b2207c10e32c649cada4d"", ""sales_value"": 3488.55, ""seller_category"": ""Strong Performer"", ""delivered_orders"": 40, ""average_review_score"": 4.33, ""on_time_delivery_rate"": 90.00, ""seller_performance_score"": 64.01}"
13,"Seller Performance vs Revenue Contribution",645,"{""seller"": ""30829ded4523ab9224b93bc49a62c95f"", ""sales_value"": 7549.71, ""seller_category"": ""Strong Performer"", ""delivered_orders"": 18, ""average_review_score"": 3.78, ""on_time_delivery_rate"": 94.44, ""seller_performance_score"": 64.01}"
13,"Seller Performance vs Revenue Contribution",646,"{""seller"": ""ed4311e67debd72b8610a5347a743087"", ""sales_value"": 4342.81, ""seller_category"": ""Strong Performer"", ""delivered_orders"": 25, ""average_review_score"": 4.63, ""on_time_delivery_rate"": 92.00, ""seller_performance_score"": 63.96}"
13,"Seller Performance vs Revenue Contribution",647,"{""seller"": ""ef990a83bbea832f36ebe81376335aa8"", ""sales_value"": 5557.24, ""seller_category"": ""Strong Performer"", ""delivered_orders"": 43, ""average_review_score"": 3.63, ""on_time_delivery_rate"": 74.42, ""seller_performance_score"": 63.96}"
13,"Seller Performance vs Revenue Contribution",648,"{""seller"": ""99a54764c341d5dc80b4a8fac4eba3fb"", ""sales_value"": 4877.58, ""seller_category"": ""Strong Performer"", ""delivered_orders"": 44, ""average_review_score"": 3.67, ""on_time_delivery_rate"": 79.55, ""seller_performance_score"": 63.86}"
13,"Seller Performance vs Revenue Contribution",649,"{""seller"": ""c4d51195486dc781531876a7d00453d8"", ""sales_value"": 12038.35, ""seller_category"": ""Strong Performer"", ""delivered_orders"": 17, ""average_review_score"": 3.94, ""on_time_delivery_rate"": 70.59, ""seller_performance_score"": 63.86}"
13,"Seller Performance vs Revenue Contribution",650,"{""seller"": ""e883aa812c37a7413226856f4579fe91"", ""sales_value"": 4554.46, ""seller_category"": ""Strong Performer"", ""delivered_orders"": 26, ""average_review_score"": 4.15, ""on_time_delivery_rate"": 96.15, ""seller_performance_score"": 63.86}"
13,"Seller Performance vs Revenue Contribution",651,"{""seller"": ""66dc1b1632bd6a3e508510c5b3492107"", ""sales_value"": 4231.90, ""seller_category"": ""Strong Performer"", ""delivered_orders"": 36, ""average_review_score"": 3.64, ""on_time_delivery_rate"": 97.22, ""seller_performance_score"": 63.77}"
13,"Seller Performance vs Revenue Contribution",652,"{""seller"": ""6df688df543f90e9b38f4319e75a9d88"", ""sales_value"": 2661.20, ""seller_category"": ""Strong Performer"", ""delivered_orders"": 39, ""average_review_score"": 4.56, ""on_time_delivery_rate"": 100.00, ""seller_performance_score"": 63.75}"
13,"Seller Performance vs Revenue Contribution",653,"{""seller"": ""f08a5b9dd6767129688d001acafc21e5"", ""sales_value"": 14565.74, ""seller_category"": ""Strong Performer"", ""delivered_orders"": 11, ""average_review_score"": 4.27, ""on_time_delivery_rate"": 81.82, ""seller_performance_score"": 63.68}"
13,"Seller Performance vs Revenue Contribution",654,"{""seller"": ""989becdce12ebc39863c2bceab6f3ca1"", ""sales_value"": 7117.42, ""seller_category"": ""Strong Performer"", ""delivered_orders"": 15, ""average_review_score"": 4.80, ""on_time_delivery_rate"": 86.67, ""seller_performance_score"": 63.62}"
13,"Seller Performance vs Revenue Contribution",655,"{""seller"": ""e8f6dc8e6a1dcde89d20e3995c8d90b3"", ""sales_value"": 4165.54, ""seller_category"": ""Strong Performer"", ""delivered_orders"": 35, ""average_review_score"": 4.00, ""on_time_delivery_rate"": 91.43, ""seller_performance_score"": 63.54}"
13,"Seller Performance vs Revenue Contribution",656,"{""seller"": ""8b2492b7ff4468839593fafeed55bad9"", ""sales_value"": 4336.26, ""seller_category"": ""Strong Performer"", ""delivered_orders"": 29, ""average_review_score"": 4.17, ""on_time_delivery_rate"": 93.10, ""seller_performance_score"": 63.49}"
13,"Seller Performance vs Revenue Contribution",657,"{""seller"": ""a6fe7de3d16f6149ffe280349a8535a0"", ""sales_value"": 3574.44, ""seller_category"": ""Strong Performer"", ""delivered_orders"": 50, ""average_review_score"": 4.04, ""on_time_delivery_rate"": 84.00, ""seller_performance_score"": 63.43}"
13,"Seller Performance vs Revenue Contribution",658,"{""seller"": ""e48b04bf1aa1ef711caebeb7aede6180"", ""sales_value"": 3832.73, ""seller_category"": ""Strong Performer"", ""delivered_orders"": 25, ""average_review_score"": 4.48, ""on_time_delivery_rate"": 100.00, ""seller_performance_score"": 63.43}"
13,"Seller Performance vs Revenue Contribution",659,"{""seller"": ""2745f798279e0ed033addcc1474776d7"", ""sales_value"": 4364.99, ""seller_category"": ""Strong Performer"", ""delivered_orders"": 32, ""average_review_score"": 3.97, ""on_time_delivery_rate"": 90.63, ""seller_performance_score"": 63.37}"
13,"Seller Performance vs Revenue Contribution",660,"{""seller"": ""1771297ac436903d1dd6b0e9279aa505"", ""sales_value"": 3466.43, ""seller_category"": ""Strong Performer"", ""delivered_orders"": 28, ""average_review_score"": 4.63, ""on_time_delivery_rate"": 96.43, ""seller_performance_score"": 63.36}"
13,"Seller Performance vs Revenue Contribution",661,"{""seller"": ""15aac934c58d886785ac1b17953ea898"", ""sales_value"": 5019.60, ""seller_category"": ""Strong Performer"", ""delivered_orders"": 25, ""average_review_score"": 4.24, ""on_time_delivery_rate"": 88.00, ""seller_performance_score"": 63.35}"
13,"Seller Performance vs Revenue Contribution",662,"{""seller"": ""f4c4daa86e30c7e5a553a8d518ac03a5"", ""sales_value"": 6324.50, ""seller_category"": ""Strong Performer"", ""delivered_orders"": 18, ""average_review_score"": 4.00, ""on_time_delivery_rate"": 94.44, ""seller_performance_score"": 63.34}"
13,"Seller Performance vs Revenue Contribution",663,"{""seller"": ""38e679b9e0064cd94c6f035707344dae"", ""sales_value"": 4336.62, ""seller_category"": ""Strong Performer"", ""delivered_orders"": 27, ""average_review_score"": 4.12, ""on_time_delivery_rate"": 96.30, ""seller_performance_score"": 63.32}"
13,"Seller Performance vs Revenue Contribution",664,"{""seller"": ""1d4587203296c8f4ad134dc286fa6db0"", ""sales_value"": 2941.91, ""seller_category"": ""Strong Performer"", ""delivered_orders"": 40, ""average_review_score"": 4.35, ""on_time_delivery_rate"": 95.00, ""seller_performance_score"": 63.32}"
13,"Seller Performance vs Revenue Contribution",665,"{""seller"": ""b1fecf4da1fa2689bccffa0121953643"", ""sales_value"": 4066.72, ""seller_category"": ""Strong Performer"", ""delivered_orders"": 19, ""average_review_score"": 4.95, ""on_time_delivery_rate"": 100.00, ""seller_performance_score"": 63.30}"
13,"Seller Performance vs Revenue Contribution",666,"{""seller"": ""c731d18cea9bf687ffee82a241c25b11"", ""sales_value"": 4272.65, ""seller_category"": ""Strong Performer"", ""delivered_orders"": 24, ""average_review_score"": 4.22, ""on_time_delivery_rate"": 100.00, ""seller_performance_score"": 63.27}"
13,"Seller Performance vs Revenue Contribution",667,"{""seller"": ""2199e7fe213c16213bf5d6a7eadc9a5d"", ""sales_value"": 4309.10, ""seller_category"": ""Strong Performer"", ""delivered_orders"": 24, ""average_review_score"": 4.38, ""on_time_delivery_rate"": 95.83, ""seller_performance_score"": 63.27}"
13,"Seller Performance vs Revenue Contribution",668,"{""seller"": ""d5ba419e26d246a0719437cf37d9b46d"", ""sales_value"": 4415.80, ""seller_category"": ""Strong Performer"", ""delivered_orders"": 33, ""average_review_score"": 4.00, ""on_time_delivery_rate"": 87.88, ""seller_performance_score"": 63.26}"
13,"Seller Performance vs Revenue Contribution",669,"{""seller"": ""5d3bb11474a06bdc23fb9e89f1164ee0"", ""sales_value"": 4178.82, ""seller_category"": ""Strong Performer"", ""delivered_orders"": 31, ""average_review_score"": 3.90, ""on_time_delivery_rate"": 96.77, ""seller_performance_score"": 63.26}"
13,"Seller Performance vs Revenue Contribution",670,"{""seller"": ""1fe5540d7c1c37a595fefbacd5570d9e"", ""sales_value"": 5118.75, ""seller_category"": ""Strong Performer"", ""delivered_orders"": 20, ""average_review_score"": 4.30, ""on_time_delivery_rate"": 95.00, ""seller_performance_score"": 63.25}"
13,"Seller Performance vs Revenue Contribution",671,"{""seller"": ""eed78ac17f7f795a19a709745f00cd4e"", ""sales_value"": 5195.84, ""seller_category"": ""Strong Performer"", ""delivered_orders"": 22, ""average_review_score"": 3.77, ""on_time_delivery_rate"": 100.00, ""seller_performance_score"": 63.22}"
13,"Seller Performance vs Revenue Contribution",672,"{""seller"": ""8ed8ea9a57c862f2c18c2fe41f601d56"", ""sales_value"": 4562.97, ""seller_category"": ""Strong Performer"", ""delivered_orders"": 19, ""average_review_score"": 4.47, ""on_time_delivery_rate"": 100.00, ""seller_performance_score"": 63.08}"
13,"Seller Performance vs Revenue Contribution",673,"{""seller"": ""6ec1a01e866584bb679eb9b098345919"", ""sales_value"": 4794.76, ""seller_category"": ""Strong Performer"", ""delivered_orders"": 30, ""average_review_score"": 4.24, ""on_time_delivery_rate"": 80.00, ""seller_performance_score"": 62.88}"
13,"Seller Performance vs Revenue Contribution",674,"{""seller"": ""7f7b8245c336066a1f9933c359f11d77"", ""sales_value"": 2630.23, ""seller_category"": ""Strong Performer"", ""delivered_orders"": 38, ""average_review_score"": 4.55, ""on_time_delivery_rate"": 97.37, ""seller_performance_score"": 62.85}"
13,"Seller Performance vs Revenue Contribution",675,"{""seller"": ""238fac594e170b59c6d228f5a4f4f1d9"", ""sales_value"": 4545.52, ""seller_category"": ""Strong Performer"", ""delivered_orders"": 29, ""average_review_score"": 4.00, ""on_time_delivery_rate"": 89.66, ""seller_performance_score"": 62.85}"
13,"Seller Performance vs Revenue Contribution",676,"{""seller"": ""cd06602b43d8800bd0afad514919d35c"", ""sales_value"": 3287.85, ""seller_category"": ""Strong Performer"", ""delivered_orders"": 43, ""average_review_score"": 3.74, ""on_time_delivery_rate"": 95.35, ""seller_performance_score"": 62.78}"
13,"Seller Performance vs Revenue Contribution",677,"{""seller"": ""d9a84e1403de8da0c3aa531d6d108ba6"", ""sales_value"": 2109.15, ""seller_category"": ""Strong Performer"", ""delivered_orders"": 53, ""average_review_score"": 4.58, ""on_time_delivery_rate"": 94.34, ""seller_performance_score"": 62.76}"
13,"Seller Performance vs Revenue Contribution",678,"{""seller"": ""25cf099de44674fde97473224f9d59ab"", ""sales_value"": 2359.55, ""seller_category"": ""Strong Performer"", ""delivered_orders"": 50, ""average_review_score"": 4.33, ""on_time_delivery_rate"": 96.00, ""seller_performance_score"": 62.67}"
13,"Seller Performance vs Revenue Contribution",679,"{""seller"": ""ce69a8021d18961dd2a40269b7c2c293"", ""sales_value"": 5289.05, ""seller_category"": ""Strong Performer"", ""delivered_orders"": 19, ""average_review_score"": 4.47, ""on_time_delivery_rate"": 89.47, ""seller_performance_score"": 62.58}"
13,"Seller Performance vs Revenue Contribution",680,"{""seller"": ""276677b5d08786d5dce7c2149dcce48b"", ""sales_value"": 4189.45, ""seller_category"": ""Strong Performer"", ""delivered_orders"": 31, ""average_review_score"": 4.03, ""on_time_delivery_rate"": 90.32, ""seller_performance_score"": 62.51}"
13,"Seller Performance vs Revenue Contribution",681,"{""seller"": ""835f0f7810c76831d6c7d24c7a646d4d"", ""sales_value"": 5922.25, ""seller_category"": ""Strong Performer"", ""delivered_orders"": 42, ""average_review_score"": 3.36, ""on_time_delivery_rate"": 69.05, ""seller_performance_score"": 62.50}"
13,"Seller Performance vs Revenue Contribution",682,"{""seller"": ""271c58a1d139c45eaf3316107c6d3a3b"", ""sales_value"": 4232.55, ""seller_category"": ""Strong Performer"", ""delivered_orders"": 27, ""average_review_score"": 4.19, ""on_time_delivery_rate"": 92.59, ""seller_performance_score"": 62.47}"
13,"Seller Performance vs Revenue Contribution",683,"{""seller"": ""2e13c71026e1a39ba5cc1b86dcb679aa"", ""sales_value"": 4310.21, ""seller_category"": ""Strong Performer"", ""delivered_orders"": 24, ""average_review_score"": 4.38, ""on_time_delivery_rate"": 91.67, ""seller_performance_score"": 62.46}"
13,"Seller Performance vs Revenue Contribution",684,"{""seller"": ""87b740daf17b5d1be335a64164ec6842"", ""sales_value"": 13354.83, ""seller_category"": ""Strong Performer"", ""delivered_orders"": 11, ""average_review_score"": 3.73, ""on_time_delivery_rate"": 90.91, ""seller_performance_score"": 62.44}"
13,"Seller Performance vs Revenue Contribution",685,"{""seller"": ""f0837c8d71434931d9e38e7b79234797"", ""sales_value"": 4049.36, ""seller_category"": ""Strong Performer"", ""delivered_orders"": 22, ""average_review_score"": 4.61, ""on_time_delivery_rate"": 95.45, ""seller_performance_score"": 62.43}"
13,"Seller Performance vs Revenue Contribution",686,"{""seller"": ""c0563dd588b775f2e37747ef6ad6c92c"", ""sales_value"": 4094.68, ""seller_category"": ""Strong Performer"", ""delivered_orders"": 28, ""average_review_score"": 4.36, ""on_time_delivery_rate"": 89.29, ""seller_performance_score"": 62.37}"
13,"Seller Performance vs Revenue Contribution",687,"{""seller"": ""8090490573c6c0aa343a7231ebcb8c86"", ""sales_value"": 4298.03, ""seller_category"": ""Strong Performer"", ""delivered_orders"": 26, ""average_review_score"": 4.19, ""on_time_delivery_rate"": 92.31, ""seller_performance_score"": 62.31}"
13,"Seller Performance vs Revenue Contribution",688,"{""seller"": ""c013e57c075a06e5b5c48ee03c525719"", ""sales_value"": 2828.66, ""seller_category"": ""Strong Performer"", ""delivered_orders"": 42, ""average_review_score"": 4.24, ""on_time_delivery_rate"": 92.86, ""seller_performance_score"": 62.30}"
13,"Seller Performance vs Revenue Contribution",689,"{""seller"": ""b56906f7fd1696e043f1bcce164c487b"", ""sales_value"": 2995.42, ""seller_category"": ""Strong Performer"", ""delivered_orders"": 40, ""average_review_score"": 4.00, ""on_time_delivery_rate"": 95.00, ""seller_performance_score"": 62.18}"
13,"Seller Performance vs Revenue Contribution",690,"{""seller"": ""2d50d6282f8aa2257819a77bfaa0efe0"", ""sales_value"": 3762.65, ""seller_category"": ""Strong Performer"", ""delivered_orders"": 42, ""average_review_score"": 3.81, ""on_time_delivery_rate"": 85.71, ""seller_performance_score"": 62.07}"
13,"Seller Performance vs Revenue Contribution",691,"{""seller"": ""40db9e9aa57f7bb151bcda6b0f9bdbb7"", ""sales_value"": 23823.99, ""seller_category"": ""Strong Performer"", ""delivered_orders"": 12, ""average_review_score"": 2.36, ""on_time_delivery_rate"": 91.67, ""seller_performance_score"": 62.06}"
13,"Seller Performance vs Revenue Contribution",692,"{""seller"": ""602044f2c16190c2c6e45eb35c2e21cb"", ""sales_value"": 4468.93, ""seller_category"": ""Strong Performer"", ""delivered_orders"": 48, ""average_review_score"": 3.22, ""on_time_delivery_rate"": 81.25, ""seller_performance_score"": 62.05}"
13,"Seller Performance vs Revenue Contribution",693,"{""seller"": ""77e4abfd739aed9c46480f90f81c0eb4"", ""sales_value"": 4092.21, ""seller_category"": ""Strong Performer"", ""delivered_orders"": 18, ""average_review_score"": 4.78, ""on_time_delivery_rate"": 100.00, ""seller_performance_score"": 62.05}"
13,"Seller Performance vs Revenue Contribution",694,"{""seller"": ""403aa86912527d730337ffcb0fb096ab"", ""sales_value"": 9164.51, ""seller_category"": ""Strong Performer"", ""delivered_orders"": 11, ""average_review_score"": 4.00, ""on_time_delivery_rate"": 100.00, ""seller_performance_score"": 62.01}"
13,"Seller Performance vs Revenue Contribution",695,"{""seller"": ""54065e9aef7e9e9c2dc23b7594db021a"", ""sales_value"": 7321.78, ""seller_category"": ""Strong Performer"", ""delivered_orders"": 12, ""average_review_score"": 4.33, ""on_time_delivery_rate"": 100.00, ""seller_performance_score"": 61.88}"
13,"Seller Performance vs Revenue Contribution",696,"{""seller"": ""5160d23075764e18e07c1f4a87fad743"", ""sales_value"": 2837.64, ""seller_category"": ""Strong Performer"", ""delivered_orders"": 33, ""average_review_score"": 4.36, ""on_time_delivery_rate"": 96.97, ""seller_performance_score"": 61.81}"
13,"Seller Performance vs Revenue Contribution",697,"{""seller"": ""33576ec5412fb5905d876f12f33bfde6"", ""sales_value"": 3287.98, ""seller_category"": ""Strong Performer"", ""delivered_orders"": 31, ""average_review_score"": 4.09, ""on_time_delivery_rate"": 96.77, ""seller_performance_score"": 61.78}"
13,"Seller Performance vs Revenue Contribution",698,"{""seller"": ""e7d5b006eb624f13074497221eb37807"", ""sales_value"": 4220.42, ""seller_category"": ""Strong Performer"", ""delivered_orders"": 28, ""average_review_score"": 3.93, ""on_time_delivery_rate"": 92.86, ""seller_performance_score"": 61.71}"
13,"Seller Performance vs Revenue Contribution",699,"{""seller"": ""9b00ed88b7fdb95d6ff76e27c1b52d16"", ""sales_value"": 2135.68, ""seller_category"": ""Strong Performer"", ""delivered_orders"": 46, ""average_review_score"": 4.54, ""on_time_delivery_rate"": 93.48, ""seller_performance_score"": 61.58}"
13,"Seller Performance vs Revenue Contribution",700,"{""seller"": ""1ce3ae5a399804d1a87e706f8a813c3e"", ""sales_value"": 3416.69, ""seller_category"": ""Strong Performer"", ""delivered_orders"": 40, ""average_review_score"": 3.75, ""on_time_delivery_rate"": 90.00, ""seller_performance_score"": 61.57}"
13,"Seller Performance vs Revenue Contribution",701,"{""seller"": ""5c6d4016c2a288f074fa0848a2b653d2"", ""sales_value"": 3598.13, ""seller_category"": ""Strong Performer"", ""delivered_orders"": 31, ""average_review_score"": 4.16, ""on_time_delivery_rate"": 90.32, ""seller_performance_score"": 61.47}"
13,"Seller Performance vs Revenue Contribution",702,"{""seller"": ""6288c69c4ce638e59925e59193f98b16"", ""sales_value"": 4467.01, ""seller_category"": ""Strong Performer"", ""delivered_orders"": 20, ""average_review_score"": 4.25, ""on_time_delivery_rate"": 95.00, ""seller_performance_score"": 61.41}"
13,"Seller Performance vs Revenue Contribution",703,"{""seller"": ""974cf2cb8f4b7add98709c30df02fe10"", ""sales_value"": 3191.90, ""seller_category"": ""Strong Performer"", ""delivered_orders"": 30, ""average_review_score"": 4.17, ""on_time_delivery_rate"": 96.67, ""seller_performance_score"": 61.31}"
13,"Seller Performance vs Revenue Contribution",704,"{""seller"": ""0bb738e4d789e63e2267697c42d35a2d"", ""sales_value"": 2925.34, ""seller_category"": ""Strong Performer"", ""delivered_orders"": 29, ""average_review_score"": 4.66, ""on_time_delivery_rate"": 93.10, ""seller_performance_score"": 61.26}"
13,"Seller Performance vs Revenue Contribution",705,"{""seller"": ""dd533b429f380718b70ad9922c294bae"", ""sales_value"": 3336.18, ""seller_category"": ""Strong Performer"", ""delivered_orders"": 39, ""average_review_score"": 3.92, ""on_time_delivery_rate"": 87.18, ""seller_performance_score"": 61.22}"
13,"Seller Performance vs Revenue Contribution",706,"{""seller"": ""1fdc574883ef3b33ad41562d93f3a74a"", ""sales_value"": 4524.27, ""seller_category"": ""Strong Performer"", ""delivered_orders"": 18, ""average_review_score"": 4.44, ""on_time_delivery_rate"": 94.44, ""seller_performance_score"": 61.10}"
13,"Seller Performance vs Revenue Contribution",707,"{""seller"": ""512d298ac2a96d1931b6bd30aa21f61d"", ""sales_value"": 7723.87, ""seller_category"": ""Strong Performer"", ""delivered_orders"": 11, ""average_review_score"": 4.27, ""on_time_delivery_rate"": 100.00, ""seller_performance_score"": 61.01}"
13,"Seller Performance vs Revenue Contribution",708,"{""seller"": ""0ed6ce5d87fd9c69eaacaeb778d67235"", ""sales_value"": 2697.30, ""seller_category"": ""Strong Performer"", ""delivered_orders"": 42, ""average_review_score"": 4.39, ""on_time_delivery_rate"": 85.71, ""seller_performance_score"": 61.00}"
13,"Seller Performance vs Revenue Contribution",709,"{""seller"": ""e0878efa0e0b7e5313ac0b43bc04c081"", ""sales_value"": 5542.53, ""seller_category"": ""Strong Performer"", ""delivered_orders"": 26, ""average_review_score"": 3.63, ""on_time_delivery_rate"": 80.77, ""seller_performance_score"": 60.92}"
13,"Seller Performance vs Revenue Contribution",710,"{""seller"": ""c26a2be5b53b7db6b276280da212a779"", ""sales_value"": 8288.85, ""seller_category"": ""Strong Performer"", ""delivered_orders"": 13, ""average_review_score"": 3.38, ""on_time_delivery_rate"": 100.00, ""seller_performance_score"": 60.91}"
13,"Seller Performance vs Revenue Contribution",711,"{""seller"": ""054694fa03fe82cec4b7551487331d74"", ""sales_value"": 8946.34, ""seller_category"": ""Strong Performer"", ""delivered_orders"": 20, ""average_review_score"": 3.40, ""on_time_delivery_rate"": 70.00, ""seller_performance_score"": 60.87}"
13,"Seller Performance vs Revenue Contribution",712,"{""seller"": ""13d058e4eeac2ce8217660b2f8a05812"", ""sales_value"": 4647.37, ""seller_category"": ""Strong Performer"", ""delivered_orders"": 22, ""average_review_score"": 4.18, ""on_time_delivery_rate"": 86.36, ""seller_performance_score"": 60.86}"
13,"Seller Performance vs Revenue Contribution",713,"{""seller"": ""67bf6941ba2f1fa1d02c375766bc3e53"", ""sales_value"": 6319.94, ""seller_category"": ""Strong Performer"", ""delivered_orders"": 15, ""average_review_score"": 4.33, ""on_time_delivery_rate"": 86.67, ""seller_performance_score"": 60.85}"
13,"Seller Performance vs Revenue Contribution",714,"{""seller"": ""cac876b37d3abcd6bd76caca30277996"", ""sales_value"": 2958.79, ""seller_category"": ""Strong Performer"", ""delivered_orders"": 27, ""average_review_score"": 4.46, ""on_time_delivery_rate"": 96.30, ""seller_performance_score"": 60.78}"
13,"Seller Performance vs Revenue Contribution",715,"{""seller"": ""3586b8580d9c917874e053a1bb37b5ff"", ""sales_value"": 2352.35, ""seller_category"": ""Strong Performer"", ""delivered_orders"": 36, ""average_review_score"": 4.42, ""on_time_delivery_rate"": 97.22, ""seller_performance_score"": 60.77}"
13,"Seller Performance vs Revenue Contribution",716,"{""seller"": ""cfa5ab0e4d3fc212fd0b3410e7081c62"", ""sales_value"": 5796.29, ""seller_category"": ""Strong Performer"", ""delivered_orders"": 15, ""average_review_score"": 3.87, ""on_time_delivery_rate"": 100.00, ""seller_performance_score"": 60.60}"
13,"Seller Performance vs Revenue Contribution",717,"{""seller"": ""8476243f92442881ddd5b578975cf115"", ""sales_value"": 8113.03, ""seller_category"": ""Strong Performer"", ""delivered_orders"": 12, ""average_review_score"": 4.08, ""on_time_delivery_rate"": 91.67, ""seller_performance_score"": 60.57}"
13,"Seller Performance vs Revenue Contribution",718,"{""seller"": ""681fce914360217db47784ae28905a96"", ""sales_value"": 4571.80, ""seller_category"": ""Strong Performer"", ""delivered_orders"": 23, ""average_review_score"": 4.00, ""on_time_delivery_rate"": 86.96, ""seller_performance_score"": 60.56}"
13,"Seller Performance vs Revenue Contribution",719,"{""seller"": ""f4db9b37944bcb8873e6b456ee190bbf"", ""sales_value"": 3909.94, ""seller_category"": ""Strong Performer"", ""delivered_orders"": 21, ""average_review_score"": 4.57, ""on_time_delivery_rate"": 90.48, ""seller_performance_score"": 60.48}"
13,"Seller Performance vs Revenue Contribution",720,"{""seller"": ""0885aaf116795758dfeb5f1032487bcd"", ""sales_value"": 3072.14, ""seller_category"": ""Strong Performer"", ""delivered_orders"": 27, ""average_review_score"": 4.26, ""on_time_delivery_rate"": 96.30, ""seller_performance_score"": 60.36}"
13,"Seller Performance vs Revenue Contribution",721,"{""seller"": ""2addf05f476d0637864454e93ba673d5"", ""sales_value"": 4877.64, ""seller_category"": ""Strong Performer"", ""delivered_orders"": 12, ""average_review_score"": 5.00, ""on_time_delivery_rate"": 100.00, ""seller_performance_score"": 60.33}"
13,"Seller Performance vs Revenue Contribution",722,"{""seller"": ""b335c59ab742f751a85db9c411a86739"", ""sales_value"": 3039.04, ""seller_category"": ""Strong Performer"", ""delivered_orders"": 30, ""average_review_score"": 4.03, ""on_time_delivery_rate"": 96.67, ""seller_performance_score"": 60.29}"
13,"Seller Performance vs Revenue Contribution",723,"{""seller"": ""edf96ef93ed595084bbcbd9224bd2894"", ""sales_value"": 4365.78, ""seller_category"": ""Strong Performer"", ""delivered_orders"": 25, ""average_review_score"": 3.88, ""on_time_delivery_rate"": 88.00, ""seller_performance_score"": 60.29}"
13,"Seller Performance vs Revenue Contribution",724,"{""seller"": ""ade45994b717ccee333492330fbf037b"", ""sales_value"": 7479.63, ""seller_category"": ""Strong Performer"", ""delivered_orders"": 10, ""average_review_score"": 4.50, ""on_time_delivery_rate"": 100.00, ""seller_performance_score"": 60.27}"
13,"Seller Performance vs Revenue Contribution",725,"{""seller"": ""df560393f3a51e74553ab94004ba5c87"", ""sales_value"": 3999.89, ""seller_category"": ""Strong Performer"", ""delivered_orders"": 26, ""average_review_score"": 3.88, ""on_time_delivery_rate"": 92.31, ""seller_performance_score"": 60.18}"
13,"Seller Performance vs Revenue Contribution",726,"{""seller"": ""1a932caad4f9d804097d7f8e615baed1"", ""sales_value"": 5701.45, ""seller_category"": ""Average Performer"", ""delivered_orders"": 20, ""average_review_score"": 3.90, ""on_time_delivery_rate"": 80.00, ""seller_performance_score"": 59.98}"
13,"Seller Performance vs Revenue Contribution",727,"{""seller"": ""718539d38d07dd351c76db862760e2e2"", ""sales_value"": 1907.61, ""seller_category"": ""Average Performer"", ""delivered_orders"": 35, ""average_review_score"": 4.63, ""on_time_delivery_rate"": 100.00, ""seller_performance_score"": 59.93}"
13,"Seller Performance vs Revenue Contribution",728,"{""seller"": ""8d79c8a04e42d722a75097ce5cbcf2ef"", ""sales_value"": 3347.25, ""seller_category"": ""Average Performer"", ""delivered_orders"": 26, ""average_review_score"": 4.58, ""on_time_delivery_rate"": 84.62, ""seller_performance_score"": 59.88}"
13,"Seller Performance vs Revenue Contribution",729,"{""seller"": ""daeb5653dd96c1b11860f72209795012"", ""sales_value"": 2452.99, ""seller_category"": ""Average Performer"", ""delivered_orders"": 38, ""average_review_score"": 4.20, ""on_time_delivery_rate"": 92.11, ""seller_performance_score"": 59.85}"
13,"Seller Performance vs Revenue Contribution",730,"{""seller"": ""71039d19d4303bf9054d69e9a9236699"", ""sales_value"": 4158.65, ""seller_category"": ""Average Performer"", ""delivered_orders"": 35, ""average_review_score"": 3.80, ""on_time_delivery_rate"": 77.14, ""seller_performance_score"": 59.85}"
13,"Seller Performance vs Revenue Contribution",731,"{""seller"": ""b8555308bfdb4ca1ed54325a58da9a97"", ""sales_value"": 3630.03, ""seller_category"": ""Average Performer"", ""delivered_orders"": 26, ""average_review_score"": 4.00, ""on_time_delivery_rate"": 92.31, ""seller_performance_score"": 59.85}"
13,"Seller Performance vs Revenue Contribution",732,"{""seller"": ""d93919c944be9cff128f6c9cb899eacb"", ""sales_value"": 3624.01, ""seller_category"": ""Average Performer"", ""delivered_orders"": 33, ""average_review_score"": 4.00, ""on_time_delivery_rate"": 81.82, ""seller_performance_score"": 59.84}"
13,"Seller Performance vs Revenue Contribution",733,"{""seller"": ""014c0679dd340a0e338872e7ec85666a"", ""sales_value"": 7686.31, ""seller_category"": ""Average Performer"", ""delivered_orders"": 14, ""average_review_score"": 3.86, ""on_time_delivery_rate"": 85.71, ""seller_performance_score"": 59.71}"
13,"Seller Performance vs Revenue Contribution",734,"{""seller"": ""730937bf88cb151eb2eb849f642fc213"", ""sales_value"": 3277.17, ""seller_category"": ""Average Performer"", ""delivered_orders"": 22, ""average_review_score"": 4.41, ""on_time_delivery_rate"": 95.45, ""seller_performance_score"": 59.71}"
13,"Seller Performance vs Revenue Contribution",735,"{""seller"": ""c12b92bf1c350f3e6bf88d3596219c86"", ""sales_value"": 5252.84, ""seller_category"": ""Average Performer"", ""delivered_orders"": 17, ""average_review_score"": 3.88, ""on_time_delivery_rate"": 94.12, ""seller_performance_score"": 59.70}"
13,"Seller Performance vs Revenue Contribution",736,"{""seller"": ""ccf8813e5a7d6c84d865cd38bfc2b130"", ""sales_value"": 3051.29, ""seller_category"": ""Average Performer"", ""delivered_orders"": 26, ""average_review_score"": 4.38, ""on_time_delivery_rate"": 92.31, ""seller_performance_score"": 59.66}"
13,"Seller Performance vs Revenue Contribution",737,"{""seller"": ""a938325a4b357fd23a6a4d5bb126408e"", ""sales_value"": 3791.81, ""seller_category"": ""Average Performer"", ""delivered_orders"": 24, ""average_review_score"": 3.83, ""on_time_delivery_rate"": 95.83, ""seller_performance_score"": 59.60}"
13,"Seller Performance vs Revenue Contribution",738,"{""seller"": ""e81e1f9c3e762e620f3fb60a51499e16"", ""sales_value"": 4979.49, ""seller_category"": ""Average Performer"", ""delivered_orders"": 17, ""average_review_score"": 4.00, ""on_time_delivery_rate"": 94.12, ""seller_performance_score"": 59.54}"
13,"Seller Performance vs Revenue Contribution",739,"{""seller"": ""7ade73f1b9b4e965f9009a4c3a7e2c15"", ""sales_value"": 2274.75, ""seller_category"": ""Average Performer"", ""delivered_orders"": 26, ""average_review_score"": 4.77, ""on_time_delivery_rate"": 100.00, ""seller_performance_score"": 59.54}"
13,"Seller Performance vs Revenue Contribution",740,"{""seller"": ""bd697db56ff8e7c9cd1abeb7f72029b2"", ""sales_value"": 3198.93, ""seller_category"": ""Average Performer"", ""delivered_orders"": 21, ""average_review_score"": 4.33, ""on_time_delivery_rate"": 100.00, ""seller_performance_score"": 59.48}"
13,"Seller Performance vs Revenue Contribution",741,"{""seller"": ""f61c63d13f7cd800549d5acdd390ae72"", ""sales_value"": 3501.69, ""seller_category"": ""Average Performer"", ""delivered_orders"": 26, ""average_review_score"": 4.00, ""on_time_delivery_rate"": 92.31, ""seller_performance_score"": 59.48}"
13,"Seller Performance vs Revenue Contribution",742,"{""seller"": ""78c99c6dff4eeae5be99bf635ed21e3f"", ""sales_value"": 2695.77, ""seller_category"": ""Average Performer"", ""delivered_orders"": 31, ""average_review_score"": 4.42, ""on_time_delivery_rate"": 90.32, ""seller_performance_score"": 59.48}"
13,"Seller Performance vs Revenue Contribution",743,"{""seller"": ""0ffa40d54288e4f3499b8780dd0f144f"", ""sales_value"": 2746.47, ""seller_category"": ""Average Performer"", ""delivered_orders"": 33, ""average_review_score"": 4.48, ""on_time_delivery_rate"": 84.85, ""seller_performance_score"": 59.47}"
13,"Seller Performance vs Revenue Contribution",744,"{""seller"": ""75fbb52eda0cbc24f479d3b2fbfa8d3e"", ""sales_value"": 1994.45, ""seller_category"": ""Average Performer"", ""delivered_orders"": 38, ""average_review_score"": 4.45, ""on_time_delivery_rate"": 94.74, ""seller_performance_score"": 59.30}"
13,"Seller Performance vs Revenue Contribution",745,"{""seller"": ""23a0ffca143a15b9b5bbdb7d552f626a"", ""sales_value"": 4304.28, ""seller_category"": ""Average Performer"", ""delivered_orders"": 23, ""average_review_score"": 3.91, ""on_time_delivery_rate"": 86.96, ""seller_performance_score"": 59.25}"
13,"Seller Performance vs Revenue Contribution",746,"{""seller"": ""e63e8bfa530fb16910dd6956e592bb81"", ""sales_value"": 1928.21, ""seller_category"": ""Average Performer"", ""delivered_orders"": 41, ""average_review_score"": 4.33, ""on_time_delivery_rate"": 95.12, ""seller_performance_score"": 59.17}"
13,"Seller Performance vs Revenue Contribution",747,"{""seller"": ""b74d1c09cb380e1d03a6f859c6f4224b"", ""sales_value"": 2984.58, ""seller_category"": ""Average Performer"", ""delivered_orders"": 30, ""average_review_score"": 4.30, ""on_time_delivery_rate"": 86.67, ""seller_performance_score"": 59.16}"
13,"Seller Performance vs Revenue Contribution",748,"{""seller"": ""3c010235b7345c92f125d14ee232a76b"", ""sales_value"": 4005.32, ""seller_category"": ""Average Performer"", ""delivered_orders"": 15, ""average_review_score"": 4.67, ""on_time_delivery_rate"": 100.00, ""seller_performance_score"": 59.13}"
13,"Seller Performance vs Revenue Contribution",749,"{""seller"": ""60562ab00b8054280520d390c8c0045c"", ""sales_value"": 3247.09, ""seller_category"": ""Average Performer"", ""delivered_orders"": 17, ""average_review_score"": 4.76, ""on_time_delivery_rate"": 100.00, ""seller_performance_score"": 59.08}"
13,"Seller Performance vs Revenue Contribution",750,"{""seller"": ""5f3ae9136c875522250f8184f253413a"", ""sales_value"": 1739.77, ""seller_category"": ""Average Performer"", ""delivered_orders"": 42, ""average_review_score"": 4.64, ""on_time_delivery_rate"": 92.86, ""seller_performance_score"": 59.03}"
13,"Seller Performance vs Revenue Contribution",751,"{""seller"": ""86bb7c4b535e49a541baf3266b1c95b1"", ""sales_value"": 8487.22, ""seller_category"": ""Average Performer"", ""delivered_orders"": 16, ""average_review_score"": 3.20, ""on_time_delivery_rate"": 81.25, ""seller_performance_score"": 58.97}"
13,"Seller Performance vs Revenue Contribution",752,"{""seller"": ""138dbe45fc62f1e244378131a6801526"", ""sales_value"": 1814.80, ""seller_category"": ""Average Performer"", ""delivered_orders"": 49, ""average_review_score"": 4.08, ""on_time_delivery_rate"": 95.92, ""seller_performance_score"": 58.95}"
13,"Seller Performance vs Revenue Contribution",753,"{""seller"": ""b494891378bd8f4560abe576c52deacd"", ""sales_value"": 3134.98, ""seller_category"": ""Average Performer"", ""delivered_orders"": 19, ""average_review_score"": 4.74, ""on_time_delivery_rate"": 94.74, ""seller_performance_score"": 58.95}"
13,"Seller Performance vs Revenue Contribution",754,"{""seller"": ""070d165398b553f3b4b851c216b8a358"", ""sales_value"": 4301.11, ""seller_category"": ""Average Performer"", ""delivered_orders"": 31, ""average_review_score"": 3.37, ""on_time_delivery_rate"": 83.87, ""seller_performance_score"": 58.93}"
13,"Seller Performance vs Revenue Contribution",755,"{""seller"": ""3fd1e727ba94cfe122d165e176ce7967"", ""sales_value"": 3295.89, ""seller_category"": ""Average Performer"", ""delivered_orders"": 35, ""average_review_score"": 3.94, ""on_time_delivery_rate"": 80.00, ""seller_performance_score"": 58.84}"
13,"Seller Performance vs Revenue Contribution",756,"{""seller"": ""e38db885400cd35c71dfd162f2c1dbcf"", ""sales_value"": 2737.55, ""seller_category"": ""Average Performer"", ""delivered_orders"": 30, ""average_review_score"": 4.47, ""on_time_delivery_rate"": 86.67, ""seller_performance_score"": 58.81}"
13,"Seller Performance vs Revenue Contribution",757,"{""seller"": ""14a08204d03bb6b6bde8029f801ae0eb"", ""sales_value"": 2779.10, ""seller_category"": ""Average Performer"", ""delivered_orders"": 28, ""average_review_score"": 3.89, ""on_time_delivery_rate"": 100.00, ""seller_performance_score"": 58.78}"
13,"Seller Performance vs Revenue Contribution",758,"{""seller"": ""fcdd820084f17e9982427971e4e9d47f"", ""sales_value"": 5665.74, ""seller_category"": ""Average Performer"", ""delivered_orders"": 16, ""average_review_score"": 3.94, ""on_time_delivery_rate"": 87.50, ""seller_performance_score"": 58.75}"
13,"Seller Performance vs Revenue Contribution",759,"{""seller"": ""5bc24d989e71e93c33e50a7782431b0e"", ""sales_value"": 3736.53, ""seller_category"": ""Average Performer"", ""delivered_orders"": 17, ""average_review_score"": 4.35, ""on_time_delivery_rate"": 100.00, ""seller_performance_score"": 58.68}"
13,"Seller Performance vs Revenue Contribution",760,"{""seller"": ""95ec4458365c4d11f452ccf538377619"", ""sales_value"": 2303.43, ""seller_category"": ""Average Performer"", ""delivered_orders"": 27, ""average_review_score"": 4.62, ""on_time_delivery_rate"": 96.30, ""seller_performance_score"": 58.65}"
13,"Seller Performance vs Revenue Contribution",761,"{""seller"": ""b8630e1121437d41cb08e3c749c2c2e2"", ""sales_value"": 7334.10, ""seller_category"": ""Average Performer"", ""delivered_orders"": 12, ""average_review_score"": 4.33, ""on_time_delivery_rate"": 83.33, ""seller_performance_score"": 58.60}"
13,"Seller Performance vs Revenue Contribution",762,"{""seller"": ""8ab42aa58097fd4668d60cc648225d5f"", ""sales_value"": 3210.39, ""seller_category"": ""Average Performer"", ""delivered_orders"": 20, ""average_review_score"": 4.20, ""on_time_delivery_rate"": 100.00, ""seller_performance_score"": 58.59}"
13,"Seller Performance vs Revenue Contribution",763,"{""seller"": ""e9511df20ccd82658a30c37b7fb343af"", ""sales_value"": 2823.10, ""seller_category"": ""Average Performer"", ""delivered_orders"": 22, ""average_review_score"": 4.32, ""on_time_delivery_rate"": 100.00, ""seller_performance_score"": 58.53}"
13,"Seller Performance vs Revenue Contribution",764,"{""seller"": ""df56d7b40d437f88407c5f78b63bc328"", ""sales_value"": 3251.50, ""seller_category"": ""Average Performer"", ""delivered_orders"": 22, ""average_review_score"": 4.09, ""on_time_delivery_rate"": 95.45, ""seller_performance_score"": 58.38}"
13,"Seller Performance vs Revenue Contribution",765,"{""seller"": ""f41ce2e25237f9092cd8e6e7516c7a2f"", ""sales_value"": 2285.82, ""seller_category"": ""Average Performer"", ""delivered_orders"": 26, ""average_review_score"": 4.42, ""on_time_delivery_rate"": 100.00, ""seller_performance_score"": 58.24}"
13,"Seller Performance vs Revenue Contribution",766,"{""seller"": ""7f2617c58d5d06806987308b45654351"", ""sales_value"": 3983.27, ""seller_category"": ""Average Performer"", ""delivered_orders"": 22, ""average_review_score"": 3.82, ""on_time_delivery_rate"": 90.91, ""seller_performance_score"": 58.19}"
13,"Seller Performance vs Revenue Contribution",767,"{""seller"": ""52562a9f449c3dc3d53f5f5b9ed74903"", ""sales_value"": 3710.64, ""seller_category"": ""Average Performer"", ""delivered_orders"": 14, ""average_review_score"": 4.79, ""on_time_delivery_rate"": 100.00, ""seller_performance_score"": 58.13}"
13,"Seller Performance vs Revenue Contribution",768,"{""seller"": ""5debea795b07621e1f90532e18f96145"", ""sales_value"": 2388.13, ""seller_category"": ""Average Performer"", ""delivered_orders"": 25, ""average_review_score"": 4.36, ""on_time_delivery_rate"": 100.00, ""seller_performance_score"": 58.11}"
13,"Seller Performance vs Revenue Contribution",769,"{""seller"": ""f97e2b0650c2068227e1d366140eb62f"", ""sales_value"": 4665.98, ""seller_category"": ""Average Performer"", ""delivered_orders"": 16, ""average_review_score"": 4.00, ""on_time_delivery_rate"": 93.75, ""seller_performance_score"": 58.10}"
13,"Seller Performance vs Revenue Contribution",770,"{""seller"": ""822bad9bc42b51213ba522fe87b7ab5d"", ""sales_value"": 5687.34, ""seller_category"": ""Average Performer"", ""delivered_orders"": 18, ""average_review_score"": 4.11, ""on_time_delivery_rate"": 72.22, ""seller_performance_score"": 57.98}"
13,"Seller Performance vs Revenue Contribution",771,"{""seller"": ""31ae0774c17fabd06ff707cc5bde005f"", ""sales_value"": 7570.67, ""seller_category"": ""Average Performer"", ""delivered_orders"": 11, ""average_review_score"": 4.00, ""on_time_delivery_rate"": 90.91, ""seller_performance_score"": 57.90}"
13,"Seller Performance vs Revenue Contribution",772,"{""seller"": ""3b872fd4747f01cc56206f2934198618"", ""sales_value"": 3843.11, ""seller_category"": ""Average Performer"", ""delivered_orders"": 25, ""average_review_score"": 3.88, ""on_time_delivery_rate"": 84.00, ""seller_performance_score"": 57.88}"
13,"Seller Performance vs Revenue Contribution",773,"{""seller"": ""cea729054f157f5870bdd321a958d994"", ""sales_value"": 2831.62, ""seller_category"": ""Average Performer"", ""delivered_orders"": 24, ""average_review_score"": 4.13, ""on_time_delivery_rate"": 95.83, ""seller_performance_score"": 57.85}"
13,"Seller Performance vs Revenue Contribution",774,"{""seller"": ""244c2f1bff6afe1f2eaf9bfe9b2aed38"", ""sales_value"": 3794.87, ""seller_category"": ""Average Performer"", ""delivered_orders"": 23, ""average_review_score"": 3.68, ""on_time_delivery_rate"": 91.30, ""seller_performance_score"": 57.75}"
13,"Seller Performance vs Revenue Contribution",775,"{""seller"": ""323ce52b5b81df2cd804b017b7f09aa7"", ""sales_value"": 2767.65, ""seller_category"": ""Average Performer"", ""delivered_orders"": 29, ""average_review_score"": 4.43, ""on_time_delivery_rate"": 82.76, ""seller_performance_score"": 57.72}"
13,"Seller Performance vs Revenue Contribution",776,"{""seller"": ""a2b5b6105ea5942300631d2e76f4ffe0"", ""sales_value"": 4009.34, ""seller_category"": ""Average Performer"", ""delivered_orders"": 16, ""average_review_score"": 4.75, ""on_time_delivery_rate"": 87.50, ""seller_performance_score"": 57.70}"
13,"Seller Performance vs Revenue Contribution",777,"{""seller"": ""e89c4adbe7b1d0819dbb636e16461cf1"", ""sales_value"": 3636.15, ""seller_category"": ""Average Performer"", ""delivered_orders"": 24, ""average_review_score"": 3.83, ""on_time_delivery_rate"": 87.50, ""seller_performance_score"": 57.68}"
13,"Seller Performance vs Revenue Contribution",778,"{""seller"": ""6bb0724edf0b62fb91ac404873a97241"", ""sales_value"": 4416.52, ""seller_category"": ""Average Performer"", ""delivered_orders"": 17, ""average_review_score"": 4.47, ""on_time_delivery_rate"": 82.35, ""seller_performance_score"": 57.64}"
13,"Seller Performance vs Revenue Contribution",779,"{""seller"": ""1c40343cc5d18c2d8248ac2f3366de34"", ""sales_value"": 2839.42, ""seller_category"": ""Average Performer"", ""delivered_orders"": 21, ""average_review_score"": 4.62, ""on_time_delivery_rate"": 90.48, ""seller_performance_score"": 57.50}"
13,"Seller Performance vs Revenue Contribution",780,"{""seller"": ""013900e863eace745d3ec7614cab5b1a"", ""sales_value"": 2089.37, ""seller_category"": ""Average Performer"", ""delivered_orders"": 23, ""average_review_score"": 4.70, ""on_time_delivery_rate"": 100.00, ""seller_performance_score"": 57.44}"
13,"Seller Performance vs Revenue Contribution",781,"{""seller"": ""2a1348e9addc1af5aaa619b1a3679d6b"", ""sales_value"": 3424.77, ""seller_category"": ""Average Performer"", ""delivered_orders"": 48, ""average_review_score"": 3.17, ""on_time_delivery_rate"": 72.92, ""seller_performance_score"": 57.28}"
13,"Seller Performance vs Revenue Contribution",782,"{""seller"": ""977f9f63dd360c2a32ece2f93ad6d306"", ""sales_value"": 3621.92, ""seller_category"": ""Average Performer"", ""delivered_orders"": 23, ""average_review_score"": 3.87, ""on_time_delivery_rate"": 86.96, ""seller_performance_score"": 57.27}"
13,"Seller Performance vs Revenue Contribution",783,"{""seller"": ""54c04bdb5ec46762f8f08c7e8f86ed4a"", ""sales_value"": 3757.78, ""seller_category"": ""Average Performer"", ""delivered_orders"": 18, ""average_review_score"": 4.33, ""on_time_delivery_rate"": 88.89, ""seller_performance_score"": 57.20}"
13,"Seller Performance vs Revenue Contribution",784,"{""seller"": ""77a515caa36327151d1cc6c32a9f00e1"", ""sales_value"": 2613.58, ""seller_category"": ""Average Performer"", ""delivered_orders"": 26, ""average_review_score"": 4.42, ""on_time_delivery_rate"": 88.46, ""seller_performance_score"": 57.20}"
13,"Seller Performance vs Revenue Contribution",785,"{""seller"": ""888faa8bfb0b159c37de6d898b961c31"", ""sales_value"": 2945.00, ""seller_category"": ""Average Performer"", ""delivered_orders"": 19, ""average_review_score"": 4.21, ""on_time_delivery_rate"": 100.00, ""seller_performance_score"": 57.19}"
13,"Seller Performance vs Revenue Contribution",786,"{""seller"": ""d3f39f05462b79a4562d35893a28f159"", ""sales_value"": 2893.37, ""seller_category"": ""Average Performer"", ""delivered_orders"": 33, ""average_review_score"": 3.61, ""on_time_delivery_rate"": 87.88, ""seller_performance_score"": 57.16}"
13,"Seller Performance vs Revenue Contribution",787,"{""seller"": ""d25aa0aaacb370e912f8cf6efeba38b3"", ""sales_value"": 3373.13, ""seller_category"": ""Average Performer"", ""delivered_orders"": 17, ""average_review_score"": 4.47, ""on_time_delivery_rate"": 94.12, ""seller_performance_score"": 57.13}"
13,"Seller Performance vs Revenue Contribution",788,"{""seller"": ""b2a6d334e2833acea353624840e25a0e"", ""sales_value"": 2038.59, ""seller_category"": ""Average Performer"", ""delivered_orders"": 25, ""average_review_score"": 4.48, ""on_time_delivery_rate"": 100.00, ""seller_performance_score"": 57.03}"
13,"Seller Performance vs Revenue Contribution",789,"{""seller"": ""002100f778ceb8431b7a1020ff7ab48f"", ""sales_value"": 1995.16, ""seller_category"": ""Average Performer"", ""delivered_orders"": 50, ""average_review_score"": 3.96, ""on_time_delivery_rate"": 82.00, ""seller_performance_score"": 56.91}"
13,"Seller Performance vs Revenue Contribution",790,"{""seller"": ""3481aa57cd91f9f9d3fa1fa12d9a3bf7"", ""sales_value"": 2547.17, ""seller_category"": ""Average Performer"", ""delivered_orders"": 25, ""average_review_score"": 3.88, ""on_time_delivery_rate"": 100.00, ""seller_performance_score"": 56.89}"
13,"Seller Performance vs Revenue Contribution",791,"{""seller"": ""cfd7ddab722b902f7ac5b5f3ba6d723d"", ""sales_value"": 4058.11, ""seller_category"": ""Average Performer"", ""delivered_orders"": 12, ""average_review_score"": 4.75, ""on_time_delivery_rate"": 100.00, ""seller_performance_score"": 56.84}"
13,"Seller Performance vs Revenue Contribution",792,"{""seller"": ""671585f5a2af58b6e276bc01003c0d2b"", ""sales_value"": 1692.11, ""seller_category"": ""Average Performer"", ""delivered_orders"": 27, ""average_review_score"": 4.70, ""on_time_delivery_rate"": 100.00, ""seller_performance_score"": 56.77}"
13,"Seller Performance vs Revenue Contribution",793,"{""seller"": ""bf84056e679dbe9c69929847a40e338f"", ""sales_value"": 2356.58, ""seller_category"": ""Average Performer"", ""delivered_orders"": 35, ""average_review_score"": 3.77, ""on_time_delivery_rate"": 91.43, ""seller_performance_score"": 56.74}"
13,"Seller Performance vs Revenue Contribution",794,"{""seller"": ""55f7a3319d80f7fdf078b8f03e6725fe"", ""sales_value"": 3420.45, ""seller_category"": ""Average Performer"", ""delivered_orders"": 22, ""average_review_score"": 3.77, ""on_time_delivery_rate"": 90.91, ""seller_performance_score"": 56.73}"
13,"Seller Performance vs Revenue Contribution",795,"{""seller"": ""430315b7bb4b6e4b3c978f9dfa9b0558"", ""sales_value"": 3414.56, ""seller_category"": ""Average Performer"", ""delivered_orders"": 19, ""average_review_score"": 3.95, ""on_time_delivery_rate"": 94.74, ""seller_performance_score"": 56.66}"
13,"Seller Performance vs Revenue Contribution",796,"{""seller"": ""325f3178fb58e2a9778334621eecdbf9"", ""sales_value"": 1433.37, ""seller_category"": ""Average Performer"", ""delivered_orders"": 36, ""average_review_score"": 4.44, ""on_time_delivery_rate"": 100.00, ""seller_performance_score"": 56.65}"
13,"Seller Performance vs Revenue Contribution",797,"{""seller"": ""e9c6969d40e6a3d2d0f90013165c2b98"", ""sales_value"": 5481.98, ""seller_category"": ""Average Performer"", ""delivered_orders"": 10, ""average_review_score"": 4.40, ""on_time_delivery_rate"": 100.00, ""seller_performance_score"": 56.61}"
13,"Seller Performance vs Revenue Contribution",798,"{""seller"": ""ffdd9f82b9a447f6f8d4b91554cc7dd3"", ""sales_value"": 2828.66, ""seller_category"": ""Average Performer"", ""delivered_orders"": 18, ""average_review_score"": 4.33, ""on_time_delivery_rate"": 100.00, ""seller_performance_score"": 56.53}"
13,"Seller Performance vs Revenue Contribution",799,"{""seller"": ""d1ef48b38baca7e831711c4a0aeb398f"", ""sales_value"": 2091.77, ""seller_category"": ""Average Performer"", ""delivered_orders"": 28, ""average_review_score"": 4.57, ""on_time_delivery_rate"": 89.29, ""seller_performance_score"": 56.38}"
13,"Seller Performance vs Revenue Contribution",800,"{""seller"": ""ffc470761de7d0232558ba5e786e57b7"", ""sales_value"": 1950.22, ""seller_category"": ""Average Performer"", ""delivered_orders"": 27, ""average_review_score"": 4.44, ""on_time_delivery_rate"": 96.30, ""seller_performance_score"": 56.38}"
13,"Seller Performance vs Revenue Contribution",801,"{""seller"": ""3785b653b1b82de85ab47dd139938091"", ""sales_value"": 2033.27, ""seller_category"": ""Average Performer"", ""delivered_orders"": 21, ""average_review_score"": 4.73, ""on_time_delivery_rate"": 100.00, ""seller_performance_score"": 56.35}"
13,"Seller Performance vs Revenue Contribution",802,"{""seller"": ""d4e12e7884759a14fa0f5f896c791cae"", ""sales_value"": 1839.67, ""seller_category"": ""Average Performer"", ""delivered_orders"": 29, ""average_review_score"": 4.62, ""on_time_delivery_rate"": 93.10, ""seller_performance_score"": 56.34}"
13,"Seller Performance vs Revenue Contribution",803,"{""seller"": ""b83cedfb587e7911540e3f576d6917ce"", ""sales_value"": 2568.75, ""seller_category"": ""Average Performer"", ""delivered_orders"": 24, ""average_review_score"": 4.21, ""on_time_delivery_rate"": 91.67, ""seller_performance_score"": 56.33}"
13,"Seller Performance vs Revenue Contribution",804,"{""seller"": ""113e3a788b935f48aad63e1c41dac1bd"", ""sales_value"": 1533.95, ""seller_category"": ""Average Performer"", ""delivered_orders"": 39, ""average_review_score"": 4.32, ""on_time_delivery_rate"": 94.87, ""seller_performance_score"": 56.16}"
13,"Seller Performance vs Revenue Contribution",805,"{""seller"": ""bf100ecb7997df312b285358fb32f92c"", ""sales_value"": 2337.01, ""seller_category"": ""Average Performer"", ""delivered_orders"": 20, ""average_review_score"": 4.44, ""on_time_delivery_rate"": 100.00, ""seller_performance_score"": 56.14}"
13,"Seller Performance vs Revenue Contribution",806,"{""seller"": ""c8467937e403e76a8ee9f0ab13f6f5ef"", ""sales_value"": 2442.74, ""seller_category"": ""Average Performer"", ""delivered_orders"": 30, ""average_review_score"": 4.07, ""on_time_delivery_rate"": 86.67, ""seller_performance_score"": 56.13}"
13,"Seller Performance vs Revenue Contribution",807,"{""seller"": ""1dc2de47ee26a0a5b12dc14fd6dc0dea"", ""sales_value"": 2287.50, ""seller_category"": ""Average Performer"", ""delivered_orders"": 25, ""average_review_score"": 4.56, ""on_time_delivery_rate"": 88.00, ""seller_performance_score"": 56.11}"
13,"Seller Performance vs Revenue Contribution",808,"{""seller"": ""21e83881401b92b49fb09a16d3852291"", ""sales_value"": 3606.09, ""seller_category"": ""Average Performer"", ""delivered_orders"": 12, ""average_review_score"": 4.83, ""on_time_delivery_rate"": 100.00, ""seller_performance_score"": 56.07}"
13,"Seller Performance vs Revenue Contribution",809,"{""seller"": ""2a6fbeaa7ab9e5d59a35841a8da71ce4"", ""sales_value"": 2265.28, ""seller_category"": ""Average Performer"", ""delivered_orders"": 30, ""average_review_score"": 3.93, ""on_time_delivery_rate"": 93.33, ""seller_performance_score"": 56.05}"
13,"Seller Performance vs Revenue Contribution",810,"{""seller"": ""4b0fdb526525f9890eb145bf1534640e"", ""sales_value"": 2954.21, ""seller_category"": ""Average Performer"", ""delivered_orders"": 18, ""average_review_score"": 4.06, ""on_time_delivery_rate"": 100.00, ""seller_performance_score"": 56.04}"
13,"Seller Performance vs Revenue Contribution",811,"{""seller"": ""157c3e4b42f81ac4a44e8b1ca2fe9876"", ""sales_value"": 3131.82, ""seller_category"": ""Average Performer"", ""delivered_orders"": 23, ""average_review_score"": 3.70, ""on_time_delivery_rate"": 91.30, ""seller_performance_score"": 56.00}"
13,"Seller Performance vs Revenue Contribution",812,"{""seller"": ""45213867cefbf2cd4c6177e10216a951"", ""sales_value"": 5389.16, ""seller_category"": ""Average Performer"", ""delivered_orders"": 14, ""average_review_score"": 3.86, ""on_time_delivery_rate"": 85.71, ""seller_performance_score"": 55.97}"
13,"Seller Performance vs Revenue Contribution",813,"{""seller"": ""f615fe7efbef0f4f08fd3086bc7a3e60"", ""sales_value"": 2431.08, ""seller_category"": ""Average Performer"", ""delivered_orders"": 22, ""average_review_score"": 4.50, ""on_time_delivery_rate"": 90.91, ""seller_performance_score"": 55.96}"
13,"Seller Performance vs Revenue Contribution",814,"{""seller"": ""272f092de69afedd4d2969440b37f18f"", ""sales_value"": 2374.46, ""seller_category"": ""Average Performer"", ""delivered_orders"": 25, ""average_review_score"": 3.84, ""on_time_delivery_rate"": 100.00, ""seller_performance_score"": 55.94}"
13,"Seller Performance vs Revenue Contribution",815,"{""seller"": ""4305fe92735c8a43d154ff6dd2b8d927"", ""sales_value"": 2999.64, ""seller_category"": ""Average Performer"", ""delivered_orders"": 17, ""average_review_score"": 4.18, ""on_time_delivery_rate"": 100.00, ""seller_performance_score"": 55.91}"
13,"Seller Performance vs Revenue Contribution",816,"{""seller"": ""412a4720f3e9431b4afa1476a1acddbe"", ""sales_value"": 2569.16, ""seller_category"": ""Average Performer"", ""delivered_orders"": 21, ""average_review_score"": 4.24, ""on_time_delivery_rate"": 95.24, ""seller_performance_score"": 55.82}"
13,"Seller Performance vs Revenue Contribution",817,"{""seller"": ""2d2c62bef4c8ba0dd74e0e228e808539"", ""sales_value"": 4230.48, ""seller_category"": ""Average Performer"", ""delivered_orders"": 16, ""average_review_score"": 4.13, ""on_time_delivery_rate"": 87.50, ""seller_performance_score"": 55.79}"
13,"Seller Performance vs Revenue Contribution",818,"{""seller"": ""2156f2671501a81034d7d07f217609d0"", ""sales_value"": 3302.99, ""seller_category"": ""Average Performer"", ""delivered_orders"": 21, ""average_review_score"": 4.00, ""on_time_delivery_rate"": 85.71, ""seller_performance_score"": 55.74}"
13,"Seller Performance vs Revenue Contribution",819,"{""seller"": ""01fd077212124329bac32490e8ef80d9"", ""sales_value"": 1783.36, ""seller_category"": ""Average Performer"", ""delivered_orders"": 31, ""average_review_score"": 4.16, ""on_time_delivery_rate"": 96.77, ""seller_performance_score"": 55.52}"
13,"Seller Performance vs Revenue Contribution",820,"{""seller"": ""099095b050cfe8eb1ddff5317587e96e"", ""sales_value"": 5705.93, ""seller_category"": ""Average Performer"", ""delivered_orders"": 16, ""average_review_score"": 3.38, ""on_time_delivery_rate"": 81.25, ""seller_performance_score"": 55.45}"
13,"Seller Performance vs Revenue Contribution",821,"{""seller"": ""72bc2cce903c872fe376a8faaa81d237"", ""sales_value"": 2404.97, ""seller_category"": ""Average Performer"", ""delivered_orders"": 17, ""average_review_score"": 4.65, ""on_time_delivery_rate"": 100.00, ""seller_performance_score"": 55.36}"
13,"Seller Performance vs Revenue Contribution",822,"{""seller"": ""ede0c03645598cdfc63ca8237acbe73d"", ""sales_value"": 3060.45, ""seller_category"": ""Average Performer"", ""delivered_orders"": 43, ""average_review_score"": 3.57, ""on_time_delivery_rate"": 65.12, ""seller_performance_score"": 55.28}"
13,"Seller Performance vs Revenue Contribution",823,"{""seller"": ""dc8798cbf453b7e0f98745e396cc5616"", ""sales_value"": 2258.95, ""seller_category"": ""Average Performer"", ""delivered_orders"": 35, ""average_review_score"": 3.37, ""on_time_delivery_rate"": 94.29, ""seller_performance_score"": 55.26}"
13,"Seller Performance vs Revenue Contribution",824,"{""seller"": ""bc2ac6b95e1accce9858528ee566c17e"", ""sales_value"": 2279.56, ""seller_category"": ""Average Performer"", ""delivered_orders"": 18, ""average_review_score"": 4.56, ""on_time_delivery_rate"": 100.00, ""seller_performance_score"": 55.24}"
13,"Seller Performance vs Revenue Contribution",825,"{""seller"": ""6b333a05bf188ef3e1f1662a86bd9855"", ""sales_value"": 4554.88, ""seller_category"": ""Average Performer"", ""delivered_orders"": 12, ""average_review_score"": 4.33, ""on_time_delivery_rate"": 91.67, ""seller_performance_score"": 55.20}"
13,"Seller Performance vs Revenue Contribution",826,"{""seller"": ""1caf283236cd69af44cbc09a0a1e7d32"", ""sales_value"": 1530.25, ""seller_category"": ""Average Performer"", ""delivered_orders"": 33, ""average_review_score"": 4.61, ""on_time_delivery_rate"": 90.91, ""seller_performance_score"": 55.11}"
13,"Seller Performance vs Revenue Contribution",827,"{""seller"": ""42ef3192a9ff87a22d1867b74b3ee205"", ""sales_value"": 1655.97, ""seller_category"": ""Average Performer"", ""delivered_orders"": 23, ""average_review_score"": 4.65, ""on_time_delivery_rate"": 100.00, ""seller_performance_score"": 55.08}"
13,"Seller Performance vs Revenue Contribution",828,"{""seller"": ""a44fb5a447105f8469bdf16bf9159f25"", ""sales_value"": 4292.71, ""seller_category"": ""Average Performer"", ""delivered_orders"": 19, ""average_review_score"": 4.05, ""on_time_delivery_rate"": 73.68, ""seller_performance_score"": 55.08}"
13,"Seller Performance vs Revenue Contribution",829,"{""seller"": ""65b081a070633e057c462abdd6fb9dd8"", ""sales_value"": 2326.67, ""seller_category"": ""Average Performer"", ""delivered_orders"": 19, ""average_review_score"": 4.32, ""on_time_delivery_rate"": 100.00, ""seller_performance_score"": 55.03}"
13,"Seller Performance vs Revenue Contribution",830,"{""seller"": ""ffa6adafb71b807dc13159e26431354c"", ""sales_value"": 3017.38, ""seller_category"": ""Average Performer"", ""delivered_orders"": 17, ""average_review_score"": 3.94, ""on_time_delivery_rate"": 100.00, ""seller_performance_score"": 55.00}"
13,"Seller Performance vs Revenue Contribution",831,"{""seller"": ""cfe94489ddd337d1e29e12f2a7205d10"", ""sales_value"": 2672.82, ""seller_category"": ""Average Performer"", ""delivered_orders"": 20, ""average_review_score"": 4.30, ""on_time_delivery_rate"": 90.00, ""seller_performance_score"": 54.92}"
13,"Seller Performance vs Revenue Contribution",832,"{""seller"": ""6aa3928696eab49a19a466e665a649fd"", ""sales_value"": 2410.68, ""seller_category"": ""Average Performer"", ""delivered_orders"": 18, ""average_review_score"": 4.61, ""on_time_delivery_rate"": 94.44, ""seller_performance_score"": 54.92}"
13,"Seller Performance vs Revenue Contribution",833,"{""seller"": ""04aa0a1c5ce6b222003403a3e11c3cc0"", ""sales_value"": 6339.51, ""seller_category"": ""Average Performer"", ""delivered_orders"": 11, ""average_review_score"": 4.09, ""on_time_delivery_rate"": 81.82, ""seller_performance_score"": 54.86}"
13,"Seller Performance vs Revenue Contribution",834,"{""seller"": ""82bd0703a4aefd6b599e5bfdaed378fb"", ""sales_value"": 2772.41, ""seller_category"": ""Average Performer"", ""delivered_orders"": 20, ""average_review_score"": 3.90, ""on_time_delivery_rate"": 95.00, ""seller_performance_score"": 54.85}"
13,"Seller Performance vs Revenue Contribution",835,"{""seller"": ""7f152321c60a266edc53af1925ef96c1"", ""sales_value"": 4471.92, ""seller_category"": ""Average Performer"", ""delivered_orders"": 20, ""average_review_score"": 3.80, ""on_time_delivery_rate"": 70.00, ""seller_performance_score"": 54.75}"
13,"Seller Performance vs Revenue Contribution",836,"{""seller"": ""afa6714acee029b2dfdf357e5579cc03"", ""sales_value"": 3603.58, ""seller_category"": ""Average Performer"", ""delivered_orders"": 16, ""average_review_score"": 4.25, ""on_time_delivery_rate"": 87.50, ""seller_performance_score"": 54.68}"
13,"Seller Performance vs Revenue Contribution",837,"{""seller"": ""7238a95bb63ef7e498389fb863b834a1"", ""sales_value"": 2835.11, ""seller_category"": ""Average Performer"", ""delivered_orders"": 15, ""average_review_score"": 4.73, ""on_time_delivery_rate"": 93.33, ""seller_performance_score"": 54.64}"
13,"Seller Performance vs Revenue Contribution",838,"{""seller"": ""d06d019f72a04e5497a0b64190af170c"", ""sales_value"": 2641.44, ""seller_category"": ""Average Performer"", ""delivered_orders"": 17, ""average_review_score"": 4.53, ""on_time_delivery_rate"": 94.12, ""seller_performance_score"": 54.59}"
13,"Seller Performance vs Revenue Contribution",839,"{""seller"": ""7e26c750b4cb9f6766f58265ff9ebe95"", ""sales_value"": 1733.18, ""seller_category"": ""Average Performer"", ""delivered_orders"": 23, ""average_review_score"": 4.43, ""on_time_delivery_rate"": 100.00, ""seller_performance_score"": 54.58}"
13,"Seller Performance vs Revenue Contribution",840,"{""seller"": ""d8c7ba53e7e38711eaef8c2849d6d2e1"", ""sales_value"": 1788.34, ""seller_category"": ""Average Performer"", ""delivered_orders"": 22, ""average_review_score"": 4.50, ""on_time_delivery_rate"": 100.00, ""seller_performance_score"": 54.58}"
13,"Seller Performance vs Revenue Contribution",841,"{""seller"": ""c8417879a15366a17c30af34c798c332"", ""sales_value"": 2192.85, ""seller_category"": ""Average Performer"", ""delivered_orders"": 25, ""average_review_score"": 4.29, ""on_time_delivery_rate"": 88.00, ""seller_performance_score"": 54.50}"
13,"Seller Performance vs Revenue Contribution",842,"{""seller"": ""51702dc2a3e106c76dbff722b5bf0726"", ""sales_value"": 3287.04, ""seller_category"": ""Average Performer"", ""delivered_orders"": 13, ""average_review_score"": 4.31, ""on_time_delivery_rate"": 100.00, ""seller_performance_score"": 54.42}"
13,"Seller Performance vs Revenue Contribution",843,"{""seller"": ""93b9a99027bd8bd6af682aff18dd19bf"", ""sales_value"": 2366.79, ""seller_category"": ""Average Performer"", ""delivered_orders"": 19, ""average_review_score"": 4.11, ""on_time_delivery_rate"": 100.00, ""seller_performance_score"": 54.41}"
13,"Seller Performance vs Revenue Contribution",844,"{""seller"": ""968268a686aa05d1f529fb07dff08130"", ""sales_value"": 4880.84, ""seller_category"": ""Average Performer"", ""delivered_orders"": 12, ""average_review_score"": 3.50, ""on_time_delivery_rate"": 100.00, ""seller_performance_score"": 54.36}"
13,"Seller Performance vs Revenue Contribution",845,"{""seller"": ""de0c78824586e9a5f5f04fd84e25df39"", ""sales_value"": 2697.83, ""seller_category"": ""Average Performer"", ""delivered_orders"": 14, ""average_review_score"": 4.64, ""on_time_delivery_rate"": 100.00, ""seller_performance_score"": 54.31}"
13,"Seller Performance vs Revenue Contribution",846,"{""seller"": ""fb89df7f89fd1b8f03fa2acca1ba7364"", ""sales_value"": 2687.43, ""seller_category"": ""Average Performer"", ""delivered_orders"": 22, ""average_review_score"": 3.86, ""on_time_delivery_rate"": 90.91, ""seller_performance_score"": 54.30}"
13,"Seller Performance vs Revenue Contribution",847,"{""seller"": ""f76a3b1349b6df1ee875d1f3fa4340f0"", ""sales_value"": 4748.98, ""seller_category"": ""Average Performer"", ""delivered_orders"": 24, ""average_review_score"": 3.46, ""on_time_delivery_rate"": 62.50, ""seller_performance_score"": 54.26}"
13,"Seller Performance vs Revenue Contribution",848,"{""seller"": ""18e694e0e48ed6f7aa3f24aade5fd697"", ""sales_value"": 1205.77, ""seller_category"": ""Average Performer"", ""delivered_orders"": 31, ""average_review_score"": 4.68, ""on_time_delivery_rate"": 96.77, ""seller_performance_score"": 54.22}"
13,"Seller Performance vs Revenue Contribution",849,"{""seller"": ""850913d59ce317156b00f3705f1c3edb"", ""sales_value"": 2701.90, ""seller_category"": ""Average Performer"", ""delivered_orders"": 29, ""average_review_score"": 3.59, ""on_time_delivery_rate"": 82.76, ""seller_performance_score"": 54.13}"
13,"Seller Performance vs Revenue Contribution",850,"{""seller"": ""48efc9d94a9834137efd9ea76b065a38"", ""sales_value"": 666.00, ""seller_category"": ""Average Performer"", ""delivered_orders"": 33, ""average_review_score"": 5.00, ""on_time_delivery_rate"": 100.00, ""seller_performance_score"": 54.04}"
13,"Seller Performance vs Revenue Contribution",851,"{""seller"": ""8a2d12a90e92f012ce5226fc6592b653"", ""sales_value"": 1933.62, ""seller_category"": ""Average Performer"", ""delivered_orders"": 18, ""average_review_score"": 4.61, ""on_time_delivery_rate"": 100.00, ""seller_performance_score"": 53.91}"
13,"Seller Performance vs Revenue Contribution",852,"{""seller"": ""9df5750209b83567ec144eb299d7d634"", ""sales_value"": 5176.30, ""seller_category"": ""Average Performer"", ""delivered_orders"": 11, ""average_review_score"": 4.00, ""on_time_delivery_rate"": 90.91, ""seller_performance_score"": 53.80}"
13,"Seller Performance vs Revenue Contribution",853,"{""seller"": ""e5475dcab1e07b63d7f6e902d8f5eda8"", ""sales_value"": 2443.22, ""seller_category"": ""Average Performer"", ""delivered_orders"": 19, ""average_review_score"": 4.11, ""on_time_delivery_rate"": 94.74, ""seller_performance_score"": 53.79}"
13,"Seller Performance vs Revenue Contribution",854,"{""seller"": ""9803a40e82e45418ab7fb84091af5231"", ""sales_value"": 4791.38, ""seller_category"": ""Average Performer"", ""delivered_orders"": 11, ""average_review_score"": 3.73, ""on_time_delivery_rate"": 100.00, ""seller_performance_score"": 53.70}"
13,"Seller Performance vs Revenue Contribution",855,"{""seller"": ""4e06067cc08b3f41d837768d392c3ee3"", ""sales_value"": 1514.25, ""seller_category"": ""Average Performer"", ""delivered_orders"": 31, ""average_review_score"": 4.13, ""on_time_delivery_rate"": 96.77, ""seller_performance_score"": 53.69}"
13,"Seller Performance vs Revenue Contribution",856,"{""seller"": ""6a38087bc8ad4f89ff453561005f6dea"", ""sales_value"": 2381.35, ""seller_category"": ""Average Performer"", ""delivered_orders"": 15, ""average_review_score"": 4.60, ""on_time_delivery_rate"": 100.00, ""seller_performance_score"": 53.60}"
13,"Seller Performance vs Revenue Contribution",857,"{""seller"": ""c2d70ce2c5d0a2eb75e78668236e6dc8"", ""sales_value"": 2699.92, ""seller_category"": ""Average Performer"", ""delivered_orders"": 13, ""average_review_score"": 4.62, ""on_time_delivery_rate"": 100.00, ""seller_performance_score"": 53.50}"
13,"Seller Performance vs Revenue Contribution",858,"{""seller"": ""1987cd4be10fe09ee50454f9c354d1c6"", ""sales_value"": 3135.23, ""seller_category"": ""Average Performer"", ""delivered_orders"": 14, ""average_review_score"": 4.36, ""on_time_delivery_rate"": 92.86, ""seller_performance_score"": 53.46}"
13,"Seller Performance vs Revenue Contribution",859,"{""seller"": ""e24d3429d294b2eb200b064ebb035879"", ""sales_value"": 2250.70, ""seller_category"": ""Average Performer"", ""delivered_orders"": 19, ""average_review_score"": 4.26, ""on_time_delivery_rate"": 94.74, ""seller_performance_score"": 53.43}"
13,"Seller Performance vs Revenue Contribution",860,"{""seller"": ""1464afc72f696af775557a821c2e253f"", ""sales_value"": 1513.78, ""seller_category"": ""Average Performer"", ""delivered_orders"": 29, ""average_review_score"": 4.24, ""on_time_delivery_rate"": 96.55, ""seller_performance_score"": 53.42}"
13,"Seller Performance vs Revenue Contribution",861,"{""seller"": ""a5a1bfcf728ab0e19182959cf0771ee4"", ""sales_value"": 2160.85, ""seller_category"": ""Average Performer"", ""delivered_orders"": 21, ""average_review_score"": 4.33, ""on_time_delivery_rate"": 90.48, ""seller_performance_score"": 53.41}"
13,"Seller Performance vs Revenue Contribution",862,"{""seller"": ""04aba03279157f6d4e0fe8ccaf21963c"", ""sales_value"": 2735.23, ""seller_category"": ""Average Performer"", ""delivered_orders"": 15, ""average_review_score"": 4.53, ""on_time_delivery_rate"": 93.33, ""seller_performance_score"": 53.39}"
13,"Seller Performance vs Revenue Contribution",863,"{""seller"": ""e99e927c81e3f51739c94fcdfca9f10f"", ""sales_value"": 3236.93, ""seller_category"": ""Average Performer"", ""delivered_orders"": 21, ""average_review_score"": 3.71, ""on_time_delivery_rate"": 80.95, ""seller_performance_score"": 53.39}"
13,"Seller Performance vs Revenue Contribution",864,"{""seller"": ""bb5bd94c8f59cc050072d2930c869cac"", ""sales_value"": 2846.64, ""seller_category"": ""Average Performer"", ""delivered_orders"": 16, ""average_review_score"": 4.18, ""on_time_delivery_rate"": 93.75, ""seller_performance_score"": 53.35}"
13,"Seller Performance vs Revenue Contribution",865,"{""seller"": ""b19f3ca2ea475913750f25a5c37c8d8f"", ""sales_value"": 5176.65, ""seller_category"": ""Average Performer"", ""delivered_orders"": 19, ""average_review_score"": 3.26, ""on_time_delivery_rate"": 68.42, ""seller_performance_score"": 53.33}"
13,"Seller Performance vs Revenue Contribution",866,"{""seller"": ""845e8036c3f7bf62099352f5ed910240"", ""sales_value"": 2045.24, ""seller_category"": ""Average Performer"", ""delivered_orders"": 21, ""average_review_score"": 3.95, ""on_time_delivery_rate"": 100.00, ""seller_performance_score"": 53.31}"
13,"Seller Performance vs Revenue Contribution",867,"{""seller"": ""7ecd59e5e20407131822c1a68ac59c1f"", ""sales_value"": 2054.52, ""seller_category"": ""Average Performer"", ""delivered_orders"": 24, ""average_review_score"": 4.42, ""on_time_delivery_rate"": 83.33, ""seller_performance_score"": 53.27}"
13,"Seller Performance vs Revenue Contribution",868,"{""seller"": ""d97df38225e5abadaff1e72cb72b823c"", ""sales_value"": 2277.55, ""seller_category"": ""Average Performer"", ""delivered_orders"": 28, ""average_review_score"": 3.93, ""on_time_delivery_rate"": 82.14, ""seller_performance_score"": 53.25}"
13,"Seller Performance vs Revenue Contribution",869,"{""seller"": ""20cb7c2fde3e5bf10f0bbe7394e1c6a9"", ""sales_value"": 1625.15, ""seller_category"": ""Average Performer"", ""delivered_orders"": 31, ""average_review_score"": 4.10, ""on_time_delivery_rate"": 90.32, ""seller_performance_score"": 53.23}"
13,"Seller Performance vs Revenue Contribution",870,"{""seller"": ""2c4c47cb51acd5ea5db5e0ae0e26542a"", ""sales_value"": 2917.37, ""seller_category"": ""Average Performer"", ""delivered_orders"": 12, ""average_review_score"": 4.67, ""on_time_delivery_rate"": 100.00, ""seller_performance_score"": 53.22}"
13,"Seller Performance vs Revenue Contribution",871,"{""seller"": ""dfc475d54e1b6dbeeb7d7d9bdaa63827"", ""sales_value"": 2122.13, ""seller_category"": ""Average Performer"", ""delivered_orders"": 18, ""average_review_score"": 4.50, ""on_time_delivery_rate"": 94.44, ""seller_performance_score"": 53.17}"
13,"Seller Performance vs Revenue Contribution",872,"{""seller"": ""f593898ec748b7a8cb81fc04edafd98a"", ""sales_value"": 3272.35, ""seller_category"": ""Average Performer"", ""delivered_orders"": 19, ""average_review_score"": 3.68, ""on_time_delivery_rate"": 84.21, ""seller_performance_score"": 53.05}"
13,"Seller Performance vs Revenue Contribution",873,"{""seller"": ""5d9dc90a686a8fddacffab6bab5653a3"", ""sales_value"": 4131.27, ""seller_category"": ""Average Performer"", ""delivered_orders"": 12, ""average_review_score"": 4.17, ""on_time_delivery_rate"": 91.67, ""seller_performance_score"": 53.04}"
13,"Seller Performance vs Revenue Contribution",874,"{""seller"": ""198c7ea11960a9844b544d9bcdca860c"", ""sales_value"": 2225.38, ""seller_category"": ""Average Performer"", ""delivered_orders"": 25, ""average_review_score"": 3.88, ""on_time_delivery_rate"": 88.00, ""seller_performance_score"": 52.97}"
13,"Seller Performance vs Revenue Contribution",875,"{""seller"": ""4978a02ea9c8be7a9b5480680f40334e"", ""sales_value"": 2696.84, ""seller_category"": ""Average Performer"", ""delivered_orders"": 18, ""average_review_score"": 3.56, ""on_time_delivery_rate"": 100.00, ""seller_performance_score"": 52.91}"
13,"Seller Performance vs Revenue Contribution",876,"{""seller"": ""f125f3a310c2e5f822d116147de1e474"", ""sales_value"": 3049.29, ""seller_category"": ""Average Performer"", ""delivered_orders"": 16, ""average_review_score"": 4.19, ""on_time_delivery_rate"": 87.50, ""seller_performance_score"": 52.85}"
13,"Seller Performance vs Revenue Contribution",877,"{""seller"": ""f5f2ab9bdb6b30c14c61be68c5ed37da"", ""sales_value"": 2474.55, ""seller_category"": ""Average Performer"", ""delivered_orders"": 18, ""average_review_score"": 4.28, ""on_time_delivery_rate"": 88.89, ""seller_performance_score"": 52.84}"
13,"Seller Performance vs Revenue Contribution",878,"{""seller"": ""bf00385a5f7fc1ef39a13c2e9ee50a5f"", ""sales_value"": 1189.25, ""seller_category"": ""Average Performer"", ""delivered_orders"": 28, ""average_review_score"": 4.43, ""on_time_delivery_rate"": 100.00, ""seller_performance_score"": 52.83}"
13,"Seller Performance vs Revenue Contribution",879,"{""seller"": ""fe49ee029e61e789a1f3a5525f57ba8d"", ""sales_value"": 2691.15, ""seller_category"": ""Average Performer"", ""delivered_orders"": 16, ""average_review_score"": 4.25, ""on_time_delivery_rate"": 93.75, ""seller_performance_score"": 52.82}"
13,"Seller Performance vs Revenue Contribution",880,"{""seller"": ""1354d51653f645349064725ed204e85e"", ""sales_value"": 2694.72, ""seller_category"": ""Average Performer"", ""delivered_orders"": 18, ""average_review_score"": 3.79, ""on_time_delivery_rate"": 94.44, ""seller_performance_score"": 52.68}"
13,"Seller Performance vs Revenue Contribution",881,"{""seller"": ""87d30a6a0cbf89356e49324971ab1d24"", ""sales_value"": 2349.91, ""seller_category"": ""Average Performer"", ""delivered_orders"": 17, ""average_review_score"": 4.35, ""on_time_delivery_rate"": 94.12, ""seller_performance_score"": 52.67}"
13,"Seller Performance vs Revenue Contribution",882,"{""seller"": ""6b536a23086fba0d58c08d68814397f6"", ""sales_value"": 2356.54, ""seller_category"": ""Average Performer"", ""delivered_orders"": 18, ""average_review_score"": 4.11, ""on_time_delivery_rate"": 94.44, ""seller_performance_score"": 52.61}"
13,"Seller Performance vs Revenue Contribution",883,"{""seller"": ""df91910b6a03bb2e3358fa6a35e32f6f"", ""sales_value"": 2456.22, ""seller_category"": ""Average Performer"", ""delivered_orders"": 13, ""average_review_score"": 4.62, ""on_time_delivery_rate"": 100.00, ""seller_performance_score"": 52.59}"
13,"Seller Performance vs Revenue Contribution",884,"{""seller"": ""9dda5bbacd45e18d6485fee649205d09"", ""sales_value"": 2419.33, ""seller_category"": ""Average Performer"", ""delivered_orders"": 19, ""average_review_score"": 4.11, ""on_time_delivery_rate"": 89.47, ""seller_performance_score"": 52.57}"
13,"Seller Performance vs Revenue Contribution",885,"{""seller"": ""5b51032eddd242adc84c38acab88f23d"", ""sales_value"": 3548.95, ""seller_category"": ""Average Performer"", ""delivered_orders"": 12, ""average_review_score"": 4.00, ""on_time_delivery_rate"": 100.00, ""seller_performance_score"": 52.56}"
13,"Seller Performance vs Revenue Contribution",886,"{""seller"": ""07bf9669d84d1f11be443a9dd938f698"", ""sales_value"": 2422.22, ""seller_category"": ""Average Performer"", ""delivered_orders"": 18, ""average_review_score"": 3.72, ""on_time_delivery_rate"": 100.00, ""seller_performance_score"": 52.56}"
13,"Seller Performance vs Revenue Contribution",887,"{""seller"": ""f44b6f775a2b390380e0e30b5c9d3eee"", ""sales_value"": 3188.24, ""seller_category"": ""Average Performer"", ""delivered_orders"": 10, ""average_review_score"": 4.90, ""on_time_delivery_rate"": 100.00, ""seller_performance_score"": 52.53}"
13,"Seller Performance vs Revenue Contribution",888,"{""seller"": ""9c068d10aca38e85c50202e17b4a7e88"", ""sales_value"": 3108.83, ""seller_category"": ""Average Performer"", ""delivered_orders"": 17, ""average_review_score"": 4.13, ""on_time_delivery_rate"": 82.35, ""seller_performance_score"": 52.51}"
13,"Seller Performance vs Revenue Contribution",889,"{""seller"": ""3a734b715d333a2588a3d54a0c9b8746"", ""sales_value"": 2469.82, ""seller_category"": ""Average Performer"", ""delivered_orders"": 15, ""average_review_score"": 4.53, ""on_time_delivery_rate"": 93.33, ""seller_performance_score"": 52.48}"
13,"Seller Performance vs Revenue Contribution",890,"{""seller"": ""094ced053e257ae8cae57205592d6712"", ""sales_value"": 1978.23, ""seller_category"": ""Average Performer"", ""delivered_orders"": 19, ""average_review_score"": 4.05, ""on_time_delivery_rate"": 100.00, ""seller_performance_score"": 52.48}"
13,"Seller Performance vs Revenue Contribution",891,"{""seller"": ""06bb3a2fe5e7b7a845b13e8fb91bd944"", ""sales_value"": 1862.33, ""seller_category"": ""Average Performer"", ""delivered_orders"": 17, ""average_review_score"": 4.59, ""on_time_delivery_rate"": 100.00, ""seller_performance_score"": 52.46}"
13,"Seller Performance vs Revenue Contribution",892,"{""seller"": ""cf2384dd2f1dddea3f838efed0945e65"", ""sales_value"": 2534.94, ""seller_category"": ""Average Performer"", ""delivered_orders"": 16, ""average_review_score"": 3.94, ""on_time_delivery_rate"": 100.00, ""seller_performance_score"": 52.34}"
13,"Seller Performance vs Revenue Contribution",893,"{""seller"": ""a36b125ac6d5fdbc7f50de85c9157bdc"", ""sales_value"": 2167.54, ""seller_category"": ""Average Performer"", ""delivered_orders"": 23, ""average_review_score"": 3.96, ""on_time_delivery_rate"": 86.96, ""seller_performance_score"": 52.24}"
13,"Seller Performance vs Revenue Contribution",894,"{""seller"": ""7139dc5186aa238b006e066d8fbab2e4"", ""sales_value"": 2247.93, ""seller_category"": ""Average Performer"", ""delivered_orders"": 22, ""average_review_score"": 4.00, ""on_time_delivery_rate"": 86.36, ""seller_performance_score"": 52.15}"
13,"Seller Performance vs Revenue Contribution",895,"{""seller"": ""49e7217cfe4e427191c378ec626d8737"", ""sales_value"": 3220.89, ""seller_category"": ""Average Performer"", ""delivered_orders"": 12, ""average_review_score"": 4.08, ""on_time_delivery_rate"": 100.00, ""seller_performance_score"": 52.02}"
13,"Seller Performance vs Revenue Contribution",896,"{""seller"": ""2be17df1c49978426251562096c3cc09"", ""sales_value"": 2477.55, ""seller_category"": ""Average Performer"", ""delivered_orders"": 16, ""average_review_score"": 4.19, ""on_time_delivery_rate"": 93.75, ""seller_performance_score"": 51.95}"
13,"Seller Performance vs Revenue Contribution",897,"{""seller"": ""52f9db5cfb423382a2fa5c9e39303202"", ""sales_value"": 1564.53, ""seller_category"": ""Average Performer"", ""delivered_orders"": 21, ""average_review_score"": 4.29, ""on_time_delivery_rate"": 100.00, ""seller_performance_score"": 51.93}"
13,"Seller Performance vs Revenue Contribution",898,"{""seller"": ""820cc752a266cdc6c1a1e61dd4583330"", ""sales_value"": 3078.77, ""seller_category"": ""Average Performer"", ""delivered_orders"": 15, ""average_review_score"": 4.13, ""on_time_delivery_rate"": 86.67, ""seller_performance_score"": 51.90}"
13,"Seller Performance vs Revenue Contribution",899,"{""seller"": ""6426d21aca402a131fc0a5d0960a3c90"", ""sales_value"": 1593.82, ""seller_category"": ""Average Performer"", ""delivered_orders"": 23, ""average_review_score"": 4.17, ""on_time_delivery_rate"": 95.65, ""seller_performance_score"": 51.82}"
13,"Seller Performance vs Revenue Contribution",900,"{""seller"": ""d3674f271c91f824f82d24d92011f669"", ""sales_value"": 2101.82, ""seller_category"": ""Average Performer"", ""delivered_orders"": 20, ""average_review_score"": 4.10, ""on_time_delivery_rate"": 90.00, ""seller_performance_score"": 51.80}"
13,"Seller Performance vs Revenue Contribution",901,"{""seller"": ""57c764b4a836300be881e2ff86e449f9"", ""sales_value"": 1613.49, ""seller_category"": ""Average Performer"", ""delivered_orders"": 28, ""average_review_score"": 4.22, ""on_time_delivery_rate"": 85.71, ""seller_performance_score"": 51.78}"
13,"Seller Performance vs Revenue Contribution",902,"{""seller"": ""8f54d64f28a993550aa7943f12572959"", ""sales_value"": 3133.12, ""seller_category"": ""Average Performer"", ""delivered_orders"": 15, ""average_review_score"": 3.73, ""on_time_delivery_rate"": 93.33, ""seller_performance_score"": 51.77}"
13,"Seller Performance vs Revenue Contribution",903,"{""seller"": ""9a84ba99f5367fdbd4598363496f1ea2"", ""sales_value"": 2638.45, ""seller_category"": ""Average Performer"", ""delivered_orders"": 15, ""average_review_score"": 3.88, ""on_time_delivery_rate"": 100.00, ""seller_performance_score"": 51.66}"
13,"Seller Performance vs Revenue Contribution",904,"{""seller"": ""4677a5437afda5fa7140b927b07be1cc"", ""sales_value"": 3835.70, ""seller_category"": ""Average Performer"", ""delivered_orders"": 11, ""average_review_score"": 4.36, ""on_time_delivery_rate"": 90.91, ""seller_performance_score"": 51.63}"
13,"Seller Performance vs Revenue Contribution",905,"{""seller"": ""411f3b52d857390502ee4e4d5ceabc2d"", ""sales_value"": 2182.72, ""seller_category"": ""Average Performer"", ""delivered_orders"": 21, ""average_review_score"": 4.11, ""on_time_delivery_rate"": 85.71, ""seller_performance_score"": 51.60}"
13,"Seller Performance vs Revenue Contribution",906,"{""seller"": ""e7f3bf1ecd8526eb7f3b18059e6716e5"", ""sales_value"": 1642.81, ""seller_category"": ""Average Performer"", ""delivered_orders"": 17, ""average_review_score"": 4.65, ""on_time_delivery_rate"": 100.00, ""seller_performance_score"": 51.60}"
13,"Seller Performance vs Revenue Contribution",907,"{""seller"": ""c6381d2d013342748761e906d45aff76"", ""sales_value"": 2614.26, ""seller_category"": ""Average Performer"", ""delivered_orders"": 15, ""average_review_score"": 3.87, ""on_time_delivery_rate"": 100.00, ""seller_performance_score"": 51.57}"
13,"Seller Performance vs Revenue Contribution",908,"{""seller"": ""f63d8f293af3a6454377546bd9dd19ff"", ""sales_value"": 2246.95, ""seller_category"": ""Average Performer"", ""delivered_orders"": 17, ""average_review_score"": 4.47, ""on_time_delivery_rate"": 88.24, ""seller_performance_score"": 51.51}"
13,"Seller Performance vs Revenue Contribution",909,"{""seller"": ""41ab63a91b8b264e8c8780368bf1dd5b"", ""sales_value"": 2874.22, ""seller_category"": ""Average Performer"", ""delivered_orders"": 12, ""average_review_score"": 4.25, ""on_time_delivery_rate"": 100.00, ""seller_performance_score"": 51.50}"
13,"Seller Performance vs Revenue Contribution",910,"{""seller"": ""f1ed6bd0a9b11b581f16c851c6a5a527"", ""sales_value"": 1996.58, ""seller_category"": ""Average Performer"", ""delivered_orders"": 17, ""average_review_score"": 4.39, ""on_time_delivery_rate"": 94.12, ""seller_performance_score"": 51.45}"
13,"Seller Performance vs Revenue Contribution",911,"{""seller"": ""3ca08eeb8d5595949fed424bd3677742"", ""sales_value"": 2137.98, ""seller_category"": ""Average Performer"", ""delivered_orders"": 13, ""average_review_score"": 4.69, ""on_time_delivery_rate"": 100.00, ""seller_performance_score"": 51.40}"
13,"Seller Performance vs Revenue Contribution",912,"{""seller"": ""9bcdfa7b615b3abb9461d9e3ad9886ae"", ""sales_value"": 2523.79, ""seller_category"": ""Average Performer"", ""delivered_orders"": 14, ""average_review_score"": 4.43, ""on_time_delivery_rate"": 92.86, ""seller_performance_score"": 51.37}"
13,"Seller Performance vs Revenue Contribution",913,"{""seller"": ""d93844a9c55ba7ce353388bcf849ea56"", ""sales_value"": 3229.52, ""seller_category"": ""Average Performer"", ""delivered_orders"": 12, ""average_review_score"": 4.25, ""on_time_delivery_rate"": 91.67, ""seller_performance_score"": 51.08}"
13,"Seller Performance vs Revenue Contribution",914,"{""seller"": ""093805f8f2aeb63881444571e1f48f30"", ""sales_value"": 1559.73, ""seller_category"": ""Average Performer"", ""delivered_orders"": 22, ""average_review_score"": 4.18, ""on_time_delivery_rate"": 95.45, ""seller_performance_score"": 51.07}"
13,"Seller Performance vs Revenue Contribution",915,"{""seller"": ""218f991754f360af9c2daa5e0b8e990c"", ""sales_value"": 3819.54, ""seller_category"": ""Average Performer"", ""delivered_orders"": 14, ""average_review_score"": 3.64, ""on_time_delivery_rate"": 85.71, ""seller_performance_score"": 50.99}"
13,"Seller Performance vs Revenue Contribution",916,"{""seller"": ""10076e5788b8ee532724bcd460baf762"", ""sales_value"": 1198.78, ""seller_category"": ""Average Performer"", ""delivered_orders"": 23, ""average_review_score"": 4.57, ""on_time_delivery_rate"": 95.65, ""seller_performance_score"": 50.98}"
13,"Seller Performance vs Revenue Contribution",917,"{""seller"": ""bce6a5ecf98e99fd2a8868b15c51f04b"", ""sales_value"": 3706.50, ""seller_category"": ""Average Performer"", ""delivered_orders"": 14, ""average_review_score"": 4.07, ""on_time_delivery_rate"": 78.57, ""seller_performance_score"": 50.96}"
13,"Seller Performance vs Revenue Contribution",918,"{""seller"": ""0eaa7e33d73809f1f925f7d07c506cbd"", ""sales_value"": 1746.90, ""seller_category"": ""Average Performer"", ""delivered_orders"": 15, ""average_review_score"": 4.71, ""on_time_delivery_rate"": 100.00, ""seller_performance_score"": 50.95}"
13,"Seller Performance vs Revenue Contribution",919,"{""seller"": ""41c2bad7229b0c25e6becf179ebf63ff"", ""sales_value"": 971.92, ""seller_category"": ""Average Performer"", ""delivered_orders"": 20, ""average_review_score"": 4.95, ""on_time_delivery_rate"": 100.00, ""seller_performance_score"": 50.95}"
13,"Seller Performance vs Revenue Contribution",920,"{""seller"": ""8daab2245ebdc277c51098d01c5ad8ef"", ""sales_value"": 1888.64, ""seller_category"": ""Average Performer"", ""delivered_orders"": 16, ""average_review_score"": 4.63, ""on_time_delivery_rate"": 93.75, ""seller_performance_score"": 50.90}"
13,"Seller Performance vs Revenue Contribution",921,"{""seller"": ""542917da124346b47ea1ac79a93ce454"", ""sales_value"": 1667.08, ""seller_category"": ""Average Performer"", ""delivered_orders"": 20, ""average_review_score"": 4.19, ""on_time_delivery_rate"": 95.00, ""seller_performance_score"": 50.90}"
13,"Seller Performance vs Revenue Contribution",922,"{""seller"": ""2709af9587499e95e803a6498a5a56e9"", ""sales_value"": 1730.29, ""seller_category"": ""Average Performer"", ""delivered_orders"": 25, ""average_review_score"": 3.96, ""on_time_delivery_rate"": 88.00, ""seller_performance_score"": 50.87}"
13,"Seller Performance vs Revenue Contribution",923,"{""seller"": ""39d54ff918774174706fb065d7f9dc07"", ""sales_value"": 1902.72, ""seller_category"": ""Average Performer"", ""delivered_orders"": 22, ""average_review_score"": 4.05, ""on_time_delivery_rate"": 86.36, ""seller_performance_score"": 50.86}"
13,"Seller Performance vs Revenue Contribution",924,"{""seller"": ""30a81d8cf85fb2ada1b1b094c9583a95"", ""sales_value"": 1413.52, ""seller_category"": ""Average Performer"", ""delivered_orders"": 17, ""average_review_score"": 4.82, ""on_time_delivery_rate"": 100.00, ""seller_performance_score"": 50.86}"
13,"Seller Performance vs Revenue Contribution",925,"{""seller"": ""4ebdc7e6cd6102a022dadc49156d4ea8"", ""sales_value"": 1297.90, ""seller_category"": ""Average Performer"", ""delivered_orders"": 29, ""average_review_score"": 3.83, ""on_time_delivery_rate"": 96.55, ""seller_performance_score"": 50.74}"
13,"Seller Performance vs Revenue Contribution",926,"{""seller"": ""b1b3948701c5c72445495bd161b83a4c"", ""sales_value"": 21924.25, ""seller_category"": ""Average Performer"", ""delivered_orders"": 14, ""average_review_score"": 1.93, ""on_time_delivery_rate"": 35.71, ""seller_performance_score"": 50.74}"
13,"Seller Performance vs Revenue Contribution",927,"{""seller"": ""15cd6eefe58588619aaed41dfa6621b1"", ""sales_value"": 2188.86, ""seller_category"": ""Average Performer"", ""delivered_orders"": 16, ""average_review_score"": 4.25, ""on_time_delivery_rate"": 93.75, ""seller_performance_score"": 50.73}"
13,"Seller Performance vs Revenue Contribution",928,"{""seller"": ""0afccdb8a34ee5c79f7c06faf2b4d56e"", ""sales_value"": 1557.09, ""seller_category"": ""Average Performer"", ""delivered_orders"": 24, ""average_review_score"": 4.09, ""on_time_delivery_rate"": 91.67, ""seller_performance_score"": 50.73}"
13,"Seller Performance vs Revenue Contribution",929,"{""seller"": ""af3ef48d0e13835e529c29ac573c63e5"", ""sales_value"": 1873.13, ""seller_category"": ""Average Performer"", ""delivered_orders"": 21, ""average_review_score"": 3.76, ""on_time_delivery_rate"": 95.24, ""seller_performance_score"": 50.72}"
13,"Seller Performance vs Revenue Contribution",930,"{""seller"": ""6f229cc508fc6915ed5c499efd93baa4"", ""sales_value"": 2988.68, ""seller_category"": ""Average Performer"", ""delivered_orders"": 13, ""average_review_score"": 4.38, ""on_time_delivery_rate"": 84.62, ""seller_performance_score"": 50.66}"
13,"Seller Performance vs Revenue Contribution",931,"{""seller"": ""3771c85bac139d2344864ede5d9341e3"", ""sales_value"": 1842.26, ""seller_category"": ""Average Performer"", ""delivered_orders"": 26, ""average_review_score"": 3.85, ""on_time_delivery_rate"": 84.62, ""seller_performance_score"": 50.65}"
13,"Seller Performance vs Revenue Contribution",932,"{""seller"": ""f4a04f7be452aa3bb31760bf00055dd0"", ""sales_value"": 1553.95, ""seller_category"": ""Average Performer"", ""delivered_orders"": 18, ""average_review_score"": 4.67, ""on_time_delivery_rate"": 94.44, ""seller_performance_score"": 50.64}"
13,"Seller Performance vs Revenue Contribution",933,"{""seller"": ""c9a06ece156bb057372c68718ec8909b"", ""sales_value"": 4281.96, ""seller_category"": ""Average Performer"", ""delivered_orders"": 11, ""average_review_score"": 3.36, ""on_time_delivery_rate"": 100.00, ""seller_performance_score"": 50.61}"
13,"Seller Performance vs Revenue Contribution",934,"{""seller"": ""5b33b527da3c5b969cc99dc435cad09a"", ""sales_value"": 2238.34, ""seller_category"": ""Average Performer"", ""delivered_orders"": 16, ""average_review_score"": 4.13, ""on_time_delivery_rate"": 93.75, ""seller_performance_score"": 50.45}"
13,"Seller Performance vs Revenue Contribution",935,"{""seller"": ""7c5b05cbdb5542049f38d90d7815b97d"", ""sales_value"": 1292.89, ""seller_category"": ""Average Performer"", ""delivered_orders"": 21, ""average_review_score"": 4.52, ""on_time_delivery_rate"": 95.24, ""seller_performance_score"": 50.32}"
13,"Seller Performance vs Revenue Contribution",936,"{""seller"": ""a1474fd46fd3430168f7ec202da39408"", ""sales_value"": 3413.52, ""seller_category"": ""Average Performer"", ""delivered_orders"": 12, ""average_review_score"": 4.33, ""on_time_delivery_rate"": 83.33, ""seller_performance_score"": 50.28}"
13,"Seller Performance vs Revenue Contribution",937,"{""seller"": ""47efca563408aae19bb7206c2d969ea9"", ""sales_value"": 2791.55, ""seller_category"": ""Average Performer"", ""delivered_orders"": 11, ""average_review_score"": 4.36, ""on_time_delivery_rate"": 100.00, ""seller_performance_score"": 50.25}"
13,"Seller Performance vs Revenue Contribution",938,"{""seller"": ""ec80e49e69745ab6c14f984bf2149423"", ""sales_value"": 3897.31, ""seller_category"": ""Average Performer"", ""delivered_orders"": 12, ""average_review_score"": 4.00, ""on_time_delivery_rate"": 83.33, ""seller_performance_score"": 50.16}"
13,"Seller Performance vs Revenue Contribution",939,"{""seller"": ""d354c38a7182125a748cb10474fe963b"", ""sales_value"": 1793.71, ""seller_category"": ""Average Performer"", ""delivered_orders"": 17, ""average_review_score"": 4.38, ""on_time_delivery_rate"": 94.12, ""seller_performance_score"": 50.09}"
13,"Seller Performance vs Revenue Contribution",940,"{""seller"": ""8fdca8e349553f99bc738833a62c8802"", ""sales_value"": 1370.22, ""seller_category"": ""Average Performer"", ""delivered_orders"": 22, ""average_review_score"": 4.19, ""on_time_delivery_rate"": 95.45, ""seller_performance_score"": 50.06}"
13,"Seller Performance vs Revenue Contribution",941,"{""seller"": ""9906e7aa42a3c067b7c9a564d01c4320"", ""sales_value"": 3115.60, ""seller_category"": ""Average Performer"", ""delivered_orders"": 12, ""average_review_score"": 4.50, ""on_time_delivery_rate"": 83.33, ""seller_performance_score"": 50.01}"
13,"Seller Performance vs Revenue Contribution",942,"{""seller"": ""a369d693961cb93b61ca2cc518872a85"", ""sales_value"": 3213.79, ""seller_category"": ""Average Performer"", ""delivered_orders"": 11, ""average_review_score"": 3.91, ""on_time_delivery_rate"": 100.00, ""seller_performance_score"": 49.96}"
13,"Seller Performance vs Revenue Contribution",943,"{""seller"": ""53d00c40e32aeb924a84ce72b1af869d"", ""sales_value"": 2462.07, ""seller_category"": ""Average Performer"", ""delivered_orders"": 17, ""average_review_score"": 4.35, ""on_time_delivery_rate"": 76.47, ""seller_performance_score"": 49.82}"
13,"Seller Performance vs Revenue Contribution",944,"{""seller"": ""c3e1abd72a42fe690fcd89cf5720fe29"", ""sales_value"": 1967.58, ""seller_category"": ""Average Performer"", ""delivered_orders"": 13, ""average_review_score"": 4.46, ""on_time_delivery_rate"": 100.00, ""seller_performance_score"": 49.69}"
13,"Seller Performance vs Revenue Contribution",945,"{""seller"": ""2e3be8a987a30d7544dbbda6861cc14e"", ""sales_value"": 2750.91, ""seller_category"": ""Average Performer"", ""delivered_orders"": 14, ""average_review_score"": 3.79, ""on_time_delivery_rate"": 92.86, ""seller_performance_score"": 49.68}"
13,"Seller Performance vs Revenue Contribution",946,"{""seller"": ""c35672b10ad50968f567ea3f4b91e877"", ""sales_value"": 1515.35, ""seller_category"": ""Average Performer"", ""delivered_orders"": 18, ""average_review_score"": 4.50, ""on_time_delivery_rate"": 94.44, ""seller_performance_score"": 49.67}"
13,"Seller Performance vs Revenue Contribution",947,"{""seller"": ""62c50c1af4dfdc4149d25c5222043d39"", ""sales_value"": 2607.78, ""seller_category"": ""Average Performer"", ""delivered_orders"": 12, ""average_review_score"": 4.08, ""on_time_delivery_rate"": 100.00, ""seller_performance_score"": 49.62}"
13,"Seller Performance vs Revenue Contribution",948,"{""seller"": ""8603f0038fe0e52fedd3382d266723de"", ""sales_value"": 2845.12, ""seller_category"": ""Average Performer"", ""delivered_orders"": 10, ""average_review_score"": 4.40, ""on_time_delivery_rate"": 100.00, ""seller_performance_score"": 49.40}"
13,"Seller Performance vs Revenue Contribution",949,"{""seller"": ""392e0502231ae2f8b29994ef6398cd77"", ""sales_value"": 1882.79, ""seller_category"": ""Average Performer"", ""delivered_orders"": 17, ""average_review_score"": 4.35, ""on_time_delivery_rate"": 88.24, ""seller_performance_score"": 49.40}"
13,"Seller Performance vs Revenue Contribution",950,"{""seller"": ""4200ddf1967c5e41e48db62bc6d4b5ac"", ""sales_value"": 1222.73, ""seller_category"": ""Average Performer"", ""delivered_orders"": 22, ""average_review_score"": 4.26, ""on_time_delivery_rate"": 95.45, ""seller_performance_score"": 49.36}"
13,"Seller Performance vs Revenue Contribution",951,"{""seller"": ""6a8a889bde935bafa76d7848782dfaf9"", ""sales_value"": 1228.62, ""seller_category"": ""Average Performer"", ""delivered_orders"": 26, ""average_review_score"": 4.04, ""on_time_delivery_rate"": 92.31, ""seller_performance_score"": 49.36}"
13,"Seller Performance vs Revenue Contribution",952,"{""seller"": ""d6ab728cf30867cf3f1a2e216ae2f9b7"", ""sales_value"": 2233.82, ""seller_category"": ""Average Performer"", ""delivered_orders"": 12, ""average_review_score"": 4.42, ""on_time_delivery_rate"": 100.00, ""seller_performance_score"": 49.36}"
13,"Seller Performance vs Revenue Contribution",953,"{""seller"": ""916748bc99315c2d202898ae58b1617e"", ""sales_value"": 746.51, ""seller_category"": ""Average Performer"", ""delivered_orders"": 25, ""average_review_score"": 4.28, ""on_time_delivery_rate"": 100.00, ""seller_performance_score"": 49.13}"
13,"Seller Performance vs Revenue Contribution",954,"{""seller"": ""655220df33262c7e0c4949a147366f94"", ""sales_value"": 2926.53, ""seller_category"": ""Average Performer"", ""delivered_orders"": 13, ""average_review_score"": 4.08, ""on_time_delivery_rate"": 84.62, ""seller_performance_score"": 49.12}"
13,"Seller Performance vs Revenue Contribution",955,"{""seller"": ""54583ab379489add547fe47b628db589"", ""sales_value"": 2391.08, ""seller_category"": ""Average Performer"", ""delivered_orders"": 10, ""average_review_score"": 4.80, ""on_time_delivery_rate"": 100.00, ""seller_performance_score"": 49.10}"
13,"Seller Performance vs Revenue Contribution",956,"{""seller"": ""df0f42bc4c2142eacf0eaf2cffd0cfbb"", ""sales_value"": 1946.45, ""seller_category"": ""Average Performer"", ""delivered_orders"": 14, ""average_review_score"": 4.14, ""on_time_delivery_rate"": 100.00, ""seller_performance_score"": 49.05}"
13,"Seller Performance vs Revenue Contribution",957,"{""seller"": ""02d35243ea2e497335cd0f076b45675d"", ""sales_value"": 6399.95, ""seller_category"": ""Average Performer"", ""delivered_orders"": 14, ""average_review_score"": 2.64, ""on_time_delivery_rate"": 64.29, ""seller_performance_score"": 49.01}"
13,"Seller Performance vs Revenue Contribution",958,"{""seller"": ""2d518637f53161b973e01f56ea4bb88e"", ""sales_value"": 1539.70, ""seller_category"": ""Average Performer"", ""delivered_orders"": 13, ""average_review_score"": 4.92, ""on_time_delivery_rate"": 100.00, ""seller_performance_score"": 48.93}"
13,"Seller Performance vs Revenue Contribution",959,"{""seller"": ""4c8b8048e33af2bf94f2eb547746a916"", ""sales_value"": 2267.88, ""seller_category"": ""Average Performer"", ""delivered_orders"": 19, ""average_review_score"": 3.37, ""on_time_delivery_rate"": 89.47, ""seller_performance_score"": 48.91}"
13,"Seller Performance vs Revenue Contribution",960,"{""seller"": ""e2c92f9c1c7746d899d18f2e158bbff7"", ""sales_value"": 1956.30, ""seller_category"": ""Average Performer"", ""delivered_orders"": 12, ""average_review_score"": 4.58, ""on_time_delivery_rate"": 100.00, ""seller_performance_score"": 48.87}"
13,"Seller Performance vs Revenue Contribution",961,"{""seller"": ""6bbcb8924baf70b7fe2fe2097e8cd407"", ""sales_value"": 2646.83, ""seller_category"": ""Average Performer"", ""delivered_orders"": 10, ""average_review_score"": 4.50, ""on_time_delivery_rate"": 100.00, ""seller_performance_score"": 48.86}"
13,"Seller Performance vs Revenue Contribution",962,"{""seller"": ""0d33a55da925bbf1ff02af5f6059fc7f"", ""sales_value"": 932.91, ""seller_category"": ""Average Performer"", ""delivered_orders"": 22, ""average_review_score"": 4.48, ""on_time_delivery_rate"": 95.45, ""seller_performance_score"": 48.83}"
13,"Seller Performance vs Revenue Contribution",963,"{""seller"": ""da7039f29f90ce5b4846ffc0fcc93beb"", ""sales_value"": 1503.55, ""seller_category"": ""Average Performer"", ""delivered_orders"": 17, ""average_review_score"": 4.53, ""on_time_delivery_rate"": 94.12, ""seller_performance_score"": 48.82}"
13,"Seller Performance vs Revenue Contribution",964,"{""seller"": ""25e47381a6c510ddeb36084e33b89f0c"", ""sales_value"": 1571.71, ""seller_category"": ""Average Performer"", ""delivered_orders"": 16, ""average_review_score"": 4.25, ""on_time_delivery_rate"": 100.00, ""seller_performance_score"": 48.75}"
13,"Seller Performance vs Revenue Contribution",965,"{""seller"": ""8f78f0903005064036736c7173a5c2ed"", ""sales_value"": 2745.95, ""seller_category"": ""Average Performer"", ""delivered_orders"": 13, ""average_review_score"": 3.77, ""on_time_delivery_rate"": 92.31, ""seller_performance_score"": 48.72}"
13,"Seller Performance vs Revenue Contribution",966,"{""seller"": ""a425f92c199eb576938df686728acd20"", ""sales_value"": 1399.69, ""seller_category"": ""Average Performer"", ""delivered_orders"": 16, ""average_review_score"": 4.50, ""on_time_delivery_rate"": 100.00, ""seller_performance_score"": 48.70}"
13,"Seller Performance vs Revenue Contribution",967,"{""seller"": ""d4f117125b59ce73c3302f88ee40c458"", ""sales_value"": 998.61, ""seller_category"": ""Average Performer"", ""delivered_orders"": 17, ""average_review_score"": 4.82, ""on_time_delivery_rate"": 100.00, ""seller_performance_score"": 48.65}"
13,"Seller Performance vs Revenue Contribution",968,"{""seller"": ""b1aaae6b66ad3c40f54b389d7ea4bee0"", ""sales_value"": 1569.24, ""seller_category"": ""Average Performer"", ""delivered_orders"": 15, ""average_review_score"": 4.40, ""on_time_delivery_rate"": 100.00, ""seller_performance_score"": 48.61}"
13,"Seller Performance vs Revenue Contribution",969,"{""seller"": ""808d4348b916efa08e766ebad39f61eb"", ""sales_value"": 981.54, ""seller_category"": ""Average Performer"", ""delivered_orders"": 20, ""average_review_score"": 4.60, ""on_time_delivery_rate"": 95.00, ""seller_performance_score"": 48.58}"
13,"Seller Performance vs Revenue Contribution",970,"{""seller"": ""d17f467e4bf608a510c20d82f4ba3b6b"", ""sales_value"": 3471.31, ""seller_category"": ""Average Performer"", ""delivered_orders"": 11, ""average_review_score"": 4.27, ""on_time_delivery_rate"": 81.82, ""seller_performance_score"": 48.57}"
13,"Seller Performance vs Revenue Contribution",971,"{""seller"": ""bb7a14e229b1c95156719c3d9552eeee"", ""sales_value"": 3047.61, ""seller_category"": ""Average Performer"", ""delivered_orders"": 10, ""average_review_score"": 4.50, ""on_time_delivery_rate"": 90.00, ""seller_performance_score"": 48.51}"
13,"Seller Performance vs Revenue Contribution",972,"{""seller"": ""e84ad2127668df3aafc6b73531a0beb8"", ""sales_value"": 1273.73, ""seller_category"": ""Average Performer"", ""delivered_orders"": 19, ""average_review_score"": 4.37, ""on_time_delivery_rate"": 94.74, ""seller_performance_score"": 48.50}"
13,"Seller Performance vs Revenue Contribution",973,"{""seller"": ""88cf19ec1fc2c58f161aee259d57142c"", ""sales_value"": 1607.68, ""seller_category"": ""Average Performer"", ""delivered_orders"": 14, ""average_review_score"": 4.47, ""on_time_delivery_rate"": 100.00, ""seller_performance_score"": 48.45}"
13,"Seller Performance vs Revenue Contribution",974,"{""seller"": ""f3c38ab652836d21de61fb8314b69182"", ""sales_value"": 1828.59, ""seller_category"": ""Average Performer"", ""delivered_orders"": 15, ""average_review_score"": 4.27, ""on_time_delivery_rate"": 93.33, ""seller_performance_score"": 48.22}"
13,"Seller Performance vs Revenue Contribution",975,"{""seller"": ""373ee4a3a775a733770ca3f790b8b9ac"", ""sales_value"": 2431.81, ""seller_category"": ""Average Performer"", ""delivered_orders"": 13, ""average_review_score"": 3.93, ""on_time_delivery_rate"": 92.31, ""seller_performance_score"": 48.17}"
13,"Seller Performance vs Revenue Contribution",976,"{""seller"": ""3935fe5fe0f82787a9dcb8deb62be09d"", ""sales_value"": 2101.35, ""seller_category"": ""Average Performer"", ""delivered_orders"": 16, ""average_review_score"": 4.00, ""on_time_delivery_rate"": 87.50, ""seller_performance_score"": 48.14}"
13,"Seller Performance vs Revenue Contribution",977,"{""seller"": ""5b85809efd0d0e4dea1a9544e1280ed9"", ""sales_value"": 2097.36, ""seller_category"": ""Average Performer"", ""delivered_orders"": 12, ""average_review_score"": 4.25, ""on_time_delivery_rate"": 100.00, ""seller_performance_score"": 48.13}"
13,"Seller Performance vs Revenue Contribution",978,"{""seller"": ""17908cf9b444ee34047cadd5c0f4a516"", ""sales_value"": 2495.41, ""seller_category"": ""Average Performer"", ""delivered_orders"": 11, ""average_review_score"": 4.55, ""on_time_delivery_rate"": 90.91, ""seller_performance_score"": 48.06}"
13,"Seller Performance vs Revenue Contribution",979,"{""seller"": ""7a425d299613df3e613bcf9d2eaf5c49"", ""sales_value"": 1505.47, ""seller_category"": ""Average Performer"", ""delivered_orders"": 18, ""average_review_score"": 4.11, ""on_time_delivery_rate"": 94.44, ""seller_performance_score"": 48.03}"
13,"Seller Performance vs Revenue Contribution",980,"{""seller"": ""51e4e89242cbb846c2deff3dc015650e"", ""sales_value"": 1175.75, ""seller_category"": ""Average Performer"", ""delivered_orders"": 16, ""average_review_score"": 4.63, ""on_time_delivery_rate"": 100.00, ""seller_performance_score"": 47.90}"
13,"Seller Performance vs Revenue Contribution",981,"{""seller"": ""ffeee66ac5d5a62fe688b9d26f83f534"", ""sales_value"": 2259.55, ""seller_category"": ""Average Performer"", ""delivered_orders"": 14, ""average_review_score"": 4.21, ""on_time_delivery_rate"": 85.71, ""seller_performance_score"": 47.87}"
13,"Seller Performance vs Revenue Contribution",982,"{""seller"": ""7ff588a03c2aeae4fbd23f9ae64b760d"", ""sales_value"": 1403.38, ""seller_category"": ""Average Performer"", ""delivered_orders"": 14, ""average_review_score"": 4.64, ""on_time_delivery_rate"": 100.00, ""seller_performance_score"": 47.83}"
13,"Seller Performance vs Revenue Contribution",983,"{""seller"": ""cda598c48d7c614bc1cad7d8ff6f0010"", ""sales_value"": 1420.20, ""seller_category"": ""Average Performer"", ""delivered_orders"": 17, ""average_review_score"": 4.06, ""on_time_delivery_rate"": 100.00, ""seller_performance_score"": 47.83}"
13,"Seller Performance vs Revenue Contribution",984,"{""seller"": ""26785a546900236d66f2e4197c211158"", ""sales_value"": 1244.65, ""seller_category"": ""Average Performer"", ""delivered_orders"": 15, ""average_review_score"": 4.67, ""on_time_delivery_rate"": 100.00, ""seller_performance_score"": 47.79}"
13,"Seller Performance vs Revenue Contribution",985,"{""seller"": ""6b15924333bd1a741595fe981ea04822"", ""sales_value"": 854.46, ""seller_category"": ""Average Performer"", ""delivered_orders"": 21, ""average_review_score"": 4.67, ""on_time_delivery_rate"": 90.48, ""seller_performance_score"": 47.78}"
13,"Seller Performance vs Revenue Contribution",986,"{""seller"": ""41da412d33e8da4f22baf55cb1bde82c"", ""sales_value"": 1237.06, ""seller_category"": ""Average Performer"", ""delivered_orders"": 15, ""average_review_score"": 4.67, ""on_time_delivery_rate"": 100.00, ""seller_performance_score"": 47.76}"
13,"Seller Performance vs Revenue Contribution",987,"{""seller"": ""2a61c271b1ac763450d846849783e922"", ""sales_value"": 1969.04, ""seller_category"": ""Average Performer"", ""delivered_orders"": 17, ""average_review_score"": 4.12, ""on_time_delivery_rate"": 82.35, ""seller_performance_score"": 47.76}"
13,"Seller Performance vs Revenue Contribution",988,"{""seller"": ""2e1a7d075abe038c1b2743005fe42ff1"", ""sales_value"": 1711.69, ""seller_category"": ""Average Performer"", ""delivered_orders"": 18, ""average_review_score"": 4.22, ""on_time_delivery_rate"": 83.33, ""seller_performance_score"": 47.75}"
13,"Seller Performance vs Revenue Contribution",989,"{""seller"": ""4736e9d642ef4257cd7622516931eb51"", ""sales_value"": 1449.77, ""seller_category"": ""Average Performer"", ""delivered_orders"": 16, ""average_review_score"": 4.18, ""on_time_delivery_rate"": 100.00, ""seller_performance_score"": 47.69}"
13,"Seller Performance vs Revenue Contribution",990,"{""seller"": ""3d5d0dc7073a299e31fa718ce1bc00b6"", ""sales_value"": 1027.12, ""seller_category"": ""Average Performer"", ""delivered_orders"": 21, ""average_review_score"": 4.43, ""on_time_delivery_rate"": 90.48, ""seller_performance_score"": 47.68}"
13,"Seller Performance vs Revenue Contribution",991,"{""seller"": ""e6a69c4a27dfdd98ffe5aa757ad744bc"", ""sales_value"": 784.34, ""seller_category"": ""Average Performer"", ""delivered_orders"": 21, ""average_review_score"": 4.29, ""on_time_delivery_rate"": 100.00, ""seller_performance_score"": 47.68}"
13,"Seller Performance vs Revenue Contribution",992,"{""seller"": ""02c988090b766852e088c69d7fb3b551"", ""sales_value"": 1770.94, ""seller_category"": ""Average Performer"", ""delivered_orders"": 12, ""average_review_score"": 4.58, ""on_time_delivery_rate"": 100.00, ""seller_performance_score"": 47.68}"
13,"Seller Performance vs Revenue Contribution",993,"{""seller"": ""d9442042130b7fe579d1295f9f4a248f"", ""sales_value"": 1111.04, ""seller_category"": ""Average Performer"", ""delivered_orders"": 19, ""average_review_score"": 4.37, ""on_time_delivery_rate"": 94.74, ""seller_performance_score"": 47.65}"
13,"Seller Performance vs Revenue Contribution",994,"{""seller"": ""d66c11a9572221d92fbb8c4897db5f9b"", ""sales_value"": 1164.38, ""seller_category"": ""Average Performer"", ""delivered_orders"": 16, ""average_review_score"": 4.56, ""on_time_delivery_rate"": 100.00, ""seller_performance_score"": 47.62}"
13,"Seller Performance vs Revenue Contribution",995,"{""seller"": ""52f0fe436a347ddad7ed5f9aa4e27eaa"", ""sales_value"": 1888.83, ""seller_category"": ""Average Performer"", ""delivered_orders"": 19, ""average_review_score"": 3.74, ""on_time_delivery_rate"": 84.21, ""seller_performance_score"": 47.61}"
13,"Seller Performance vs Revenue Contribution",996,"{""seller"": ""3092c0b297aacfb4bb6e056ebe13b9b8"", ""sales_value"": 1498.28, ""seller_category"": ""Average Performer"", ""delivered_orders"": 16, ""average_review_score"": 4.13, ""on_time_delivery_rate"": 100.00, ""seller_performance_score"": 47.57}"
13,"Seller Performance vs Revenue Contribution",997,"{""seller"": ""db46ca7bce82b11f7e247539271fc390"", ""sales_value"": 1149.86, ""seller_category"": ""Average Performer"", ""delivered_orders"": 16, ""average_review_score"": 4.56, ""on_time_delivery_rate"": 100.00, ""seller_performance_score"": 47.57}"
13,"Seller Performance vs Revenue Contribution",998,"{""seller"": ""33cbbec1e7e1044aaf11d152172c776f"", ""sales_value"": 1129.50, ""seller_category"": ""Average Performer"", ""delivered_orders"": 15, ""average_review_score"": 4.73, ""on_time_delivery_rate"": 100.00, ""seller_performance_score"": 47.40}"
13,"Seller Performance vs Revenue Contribution",999,"{""seller"": ""f918546be4bec7104d117789ba758b2b"", ""sales_value"": 1830.15, ""seller_category"": ""Average Performer"", ""delivered_orders"": 20, ""average_review_score"": 3.85, ""on_time_delivery_rate"": 80.00, ""seller_performance_score"": 47.36}"
13,"Seller Performance vs Revenue Contribution",1000,"{""seller"": ""9f50216bfd01913736a55a11b55ea842"", ""sales_value"": 1671.10, ""seller_category"": ""Average Performer"", ""delivered_orders"": 17, ""average_review_score"": 4.41, ""on_time_delivery_rate"": 82.35, ""seller_performance_score"": 47.35}"
13,"Seller Performance vs Revenue Contribution",1001,"{""seller"": ""165b1235e9e9942cb5fae67103576fb0"", ""sales_value"": 2489.80, ""seller_category"": ""Average Performer"", ""delivered_orders"": 11, ""average_review_score"": 4.36, ""on_time_delivery_rate"": 90.91, ""seller_performance_score"": 47.30}"
13,"Seller Performance vs Revenue Contribution",1002,"{""seller"": ""e256a62e0ac58c0edfba09966142d561"", ""sales_value"": 1809.55, ""seller_category"": ""Average Performer"", ""delivered_orders"": 12, ""average_review_score"": 4.42, ""on_time_delivery_rate"": 100.00, ""seller_performance_score"": 47.27}"
13,"Seller Performance vs Revenue Contribution",1003,"{""seller"": ""5abb8ea023c77787f2c15da891c8d384"", ""sales_value"": 2987.20, ""seller_category"": ""Average Performer"", ""delivered_orders"": 13, ""average_review_score"": 3.92, ""on_time_delivery_rate"": 76.92, ""seller_performance_score"": 47.25}"
13,"Seller Performance vs Revenue Contribution",1004,"{""seller"": ""0ac4201fda2c68ebc0e47cb9423cf3c9"", ""sales_value"": 1910.87, ""seller_category"": ""Average Performer"", ""delivered_orders"": 13, ""average_review_score"": 4.29, ""on_time_delivery_rate"": 92.31, ""seller_performance_score"": 47.25}"
13,"Seller Performance vs Revenue Contribution",1005,"{""seller"": ""acadd4d36859671cb635527c6c977533"", ""sales_value"": 2646.94, ""seller_category"": ""Average Performer"", ""delivered_orders"": 12, ""average_review_score"": 4.25, ""on_time_delivery_rate"": 83.33, ""seller_performance_score"": 47.15}"
13,"Seller Performance vs Revenue Contribution",1006,"{""seller"": ""b6e1504972665f739dec4facb9943775"", ""sales_value"": 1710.37, ""seller_category"": ""Average Performer"", ""delivered_orders"": 14, ""average_review_score"": 4.36, ""on_time_delivery_rate"": 92.86, ""seller_performance_score"": 47.15}"
13,"Seller Performance vs Revenue Contribution",1007,"{""seller"": ""1b1ae47a313a825a7ccceb8e2e30fa9d"", ""sales_value"": 2413.37, ""seller_category"": ""Average Performer"", ""delivered_orders"": 10, ""average_review_score"": 4.22, ""on_time_delivery_rate"": 100.00, ""seller_performance_score"": 46.91}"
13,"Seller Performance vs Revenue Contribution",1008,"{""seller"": ""5a425cc503b39b262a847fd6212bf53b"", ""sales_value"": 1591.88, ""seller_category"": ""Average Performer"", ""delivered_orders"": 14, ""average_review_score"": 4.46, ""on_time_delivery_rate"": 92.86, ""seller_performance_score"": 46.81}"
13,"Seller Performance vs Revenue Contribution",1009,"{""seller"": ""28f10b1c5e5abb9d4857745bede6147c"", ""sales_value"": 1185.42, ""seller_category"": ""Average Performer"", ""delivered_orders"": 28, ""average_review_score"": 4.00, ""on_time_delivery_rate"": 78.57, ""seller_performance_score"": 46.80}"
13,"Seller Performance vs Revenue Contribution",1010,"{""seller"": ""bc302730ea8cf49b5c74f579febb5bbf"", ""sales_value"": 2930.17, ""seller_category"": ""Average Performer"", ""delivered_orders"": 11, ""average_review_score"": 3.82, ""on_time_delivery_rate"": 90.91, ""seller_performance_score"": 46.76}"
13,"Seller Performance vs Revenue Contribution",1011,"{""seller"": ""82cb9f452fe8334df74b22d37824b431"", ""sales_value"": 1155.26, ""seller_category"": ""Average Performer"", ""delivered_orders"": 14, ""average_review_score"": 4.71, ""on_time_delivery_rate"": 100.00, ""seller_performance_score"": 46.73}"
13,"Seller Performance vs Revenue Contribution",1012,"{""seller"": ""b33aaadd1a8891d2dfef0c4c3bdf0371"", ""sales_value"": 1863.04, ""seller_category"": ""Average Performer"", ""delivered_orders"": 16, ""average_review_score"": 3.94, ""on_time_delivery_rate"": 87.50, ""seller_performance_score"": 46.67}"
13,"Seller Performance vs Revenue Contribution",1013,"{""seller"": ""fdaaf5bfda82b7b80535610c831b8d09"", ""sales_value"": 2848.32, ""seller_category"": ""Average Performer"", ""delivered_orders"": 10, ""average_review_score"": 4.20, ""on_time_delivery_rate"": 90.00, ""seller_performance_score"": 46.66}"
13,"Seller Performance vs Revenue Contribution",1014,"{""seller"": ""e21a1e8be4715b0fcfd5385643bc49c4"", ""sales_value"": 1128.21, ""seller_category"": ""Average Performer"", ""delivered_orders"": 20, ""average_review_score"": 3.70, ""on_time_delivery_rate"": 100.00, ""seller_performance_score"": 46.66}"
13,"Seller Performance vs Revenue Contribution",1015,"{""seller"": ""77fccaae319668a8ab6cd0fd16aec48c"", ""sales_value"": 1888.44, ""seller_category"": ""Average Performer"", ""delivered_orders"": 11, ""average_review_score"": 4.45, ""on_time_delivery_rate"": 100.00, ""seller_performance_score"": 46.63}"
13,"Seller Performance vs Revenue Contribution",1016,"{""seller"": ""4e5725ba188db8252977a4f0227bd462"", ""sales_value"": 2229.36, ""seller_category"": ""Average Performer"", ""delivered_orders"": 21, ""average_review_score"": 3.52, ""on_time_delivery_rate"": 71.43, ""seller_performance_score"": 46.62}"
13,"Seller Performance vs Revenue Contribution",1017,"{""seller"": ""128f9bfbe4c7d5185033914b1de3d39a"", ""sales_value"": 1519.37, ""seller_category"": ""Average Performer"", ""delivered_orders"": 13, ""average_review_score"": 4.77, ""on_time_delivery_rate"": 92.31, ""seller_performance_score"": 46.60}"
13,"Seller Performance vs Revenue Contribution",1018,"{""seller"": ""1b7e5006cb25dd23ce8686691013b121"", ""sales_value"": 2785.96, ""seller_category"": ""Average Performer"", ""delivered_orders"": 11, ""average_review_score"": 4.36, ""on_time_delivery_rate"": 81.82, ""seller_performance_score"": 46.59}"
13,"Seller Performance vs Revenue Contribution",1019,"{""seller"": ""b9ca8e8baa5d4aa038394a700f63e69f"", ""sales_value"": 1677.95, ""seller_category"": ""Average Performer"", ""delivered_orders"": 14, ""average_review_score"": 4.21, ""on_time_delivery_rate"": 92.86, ""seller_performance_score"": 46.50}"
13,"Seller Performance vs Revenue Contribution",1020,"{""seller"": ""55bb6fe5bebe5012e2d7d9928e1128ff"", ""sales_value"": 2393.02, ""seller_category"": ""Average Performer"", ""delivered_orders"": 15, ""average_review_score"": 3.47, ""on_time_delivery_rate"": 86.67, ""seller_performance_score"": 46.49}"
13,"Seller Performance vs Revenue Contribution",1021,"{""seller"": ""c794dab4928dd97beb41d05514441e86"", ""sales_value"": 1544.59, ""seller_category"": ""Average Performer"", ""delivered_orders"": 16, ""average_review_score"": 4.38, ""on_time_delivery_rate"": 87.50, ""seller_performance_score"": 46.47}"
13,"Seller Performance vs Revenue Contribution",1022,"{""seller"": ""723cd880edaacdb998898b67c8f9da30"", ""sales_value"": 2549.63, ""seller_category"": ""Average Performer"", ""delivered_orders"": 11, ""average_review_score"": 4.09, ""on_time_delivery_rate"": 90.91, ""seller_performance_score"": 46.41}"
13,"Seller Performance vs Revenue Contribution",1023,"{""seller"": ""eb4df17aed01d918c65f0f8d650900c0"", ""sales_value"": 3925.46, ""seller_category"": ""Average Performer"", ""delivered_orders"": 11, ""average_review_score"": 3.91, ""on_time_delivery_rate"": 72.73, ""seller_performance_score"": 46.40}"
13,"Seller Performance vs Revenue Contribution",1024,"{""seller"": ""638cba8be1fb599bbb76fd6948351eb3"", ""sales_value"": 803.67, ""seller_category"": ""Average Performer"", ""delivered_orders"": 16, ""average_review_score"": 4.71, ""on_time_delivery_rate"": 100.00, ""seller_performance_score"": 46.39}"
13,"Seller Performance vs Revenue Contribution",1025,"{""seller"": ""5c853bb56f70f4d14218944bae111d7a"", ""sales_value"": 514.19, ""seller_category"": ""Average Performer"", ""delivered_orders"": 23, ""average_review_score"": 4.00, ""on_time_delivery_rate"": 100.00, ""seller_performance_score"": 46.39}"
13,"Seller Performance vs Revenue Contribution",1026,"{""seller"": ""1660ad786c27fd935378b6192a90b417"", ""sales_value"": 1818.28, ""seller_category"": ""Average Performer"", ""delivered_orders"": 12, ""average_review_score"": 4.58, ""on_time_delivery_rate"": 91.67, ""seller_performance_score"": 46.36}"
13,"Seller Performance vs Revenue Contribution",1027,"{""seller"": ""9d681c7e12db302cb261e721040dde65"", ""sales_value"": 1058.68, ""seller_category"": ""Average Performer"", ""delivered_orders"": 13, ""average_review_score"": 4.92, ""on_time_delivery_rate"": 100.00, ""seller_performance_score"": 46.35}"
13,"Seller Performance vs Revenue Contribution",1028,"{""seller"": ""ca4b77513ac2040591b0d8fae6958380"", ""sales_value"": 1973.62, ""seller_category"": ""Average Performer"", ""delivered_orders"": 14, ""average_review_score"": 4.50, ""on_time_delivery_rate"": 78.57, ""seller_performance_score"": 46.34}"
13,"Seller Performance vs Revenue Contribution",1029,"{""seller"": ""817f85dbb65aa3e70831d90fe75cdf89"", ""sales_value"": 1783.89, ""seller_category"": ""Average Performer"", ""delivered_orders"": 11, ""average_review_score"": 4.55, ""on_time_delivery_rate"": 100.00, ""seller_performance_score"": 46.31}"
13,"Seller Performance vs Revenue Contribution",1030,"{""seller"": ""659e8466eb3ff1b0e8740d74fb7bbedd"", ""sales_value"": 1880.00, ""seller_category"": ""Average Performer"", ""delivered_orders"": 11, ""average_review_score"": 4.36, ""on_time_delivery_rate"": 100.00, ""seller_performance_score"": 46.21}"
13,"Seller Performance vs Revenue Contribution",1031,"{""seller"": ""8602a61d680a10a82cceeeda0d99ea3d"", ""sales_value"": 1079.90, ""seller_category"": ""Average Performer"", ""delivered_orders"": 17, ""average_review_score"": 4.41, ""on_time_delivery_rate"": 94.12, ""seller_performance_score"": 46.17}"
13,"Seller Performance vs Revenue Contribution",1032,"{""seller"": ""c679fb69a36e1d8349e8c50a217b4d58"", ""sales_value"": 2213.89, ""seller_category"": ""Average Performer"", ""delivered_orders"": 14, ""average_review_score"": 3.85, ""on_time_delivery_rate"": 85.71, ""seller_performance_score"": 46.11}"
13,"Seller Performance vs Revenue Contribution",1033,"{""seller"": ""83645b1645cdee8953ee54c29ceed564"", ""sales_value"": 1245.10, ""seller_category"": ""Average Performer"", ""delivered_orders"": 14, ""average_review_score"": 4.43, ""on_time_delivery_rate"": 100.00, ""seller_performance_score"": 46.09}"
13,"Seller Performance vs Revenue Contribution",1034,"{""seller"": ""1b8b75e227c9a9c100d0c210fb6176ce"", ""sales_value"": 1648.49, ""seller_category"": ""Average Performer"", ""delivered_orders"": 15, ""average_review_score"": 3.93, ""on_time_delivery_rate"": 93.33, ""seller_performance_score"": 46.04}"
13,"Seller Performance vs Revenue Contribution",1035,"{""seller"": ""2646baaf662d4d92ac48f047e35db92d"", ""sales_value"": 1549.39, ""seller_category"": ""Average Performer"", ""delivered_orders"": 15, ""average_review_score"": 4.47, ""on_time_delivery_rate"": 86.67, ""seller_performance_score"": 46.02}"
13,"Seller Performance vs Revenue Contribution",1036,"{""seller"": ""ef2fbc2b607d8492bcffe657a4645434"", ""sales_value"": 1274.51, ""seller_category"": ""Average Performer"", ""delivered_orders"": 19, ""average_review_score"": 4.00, ""on_time_delivery_rate"": 89.47, ""seller_performance_score"": 46.00}"
13,"Seller Performance vs Revenue Contribution",1037,"{""seller"": ""0887a9f087bcd5d9f6642b52f897fc6c"", ""sales_value"": 1862.35, ""seller_category"": ""Average Performer"", ""delivered_orders"": 12, ""average_review_score"": 4.42, ""on_time_delivery_rate"": 91.67, ""seller_performance_score"": 45.92}"
13,"Seller Performance vs Revenue Contribution",1038,"{""seller"": ""985c92cc412091f8529c12d7f23d3fef"", ""sales_value"": 1606.63, ""seller_category"": ""Average Performer"", ""delivered_orders"": 12, ""average_review_score"": 4.75, ""on_time_delivery_rate"": 91.67, ""seller_performance_score"": 45.89}"
13,"Seller Performance vs Revenue Contribution",1039,"{""seller"": ""04e38a233f726ef161074ab1c9b0399a"", ""sales_value"": 1347.27, ""seller_category"": ""Average Performer"", ""delivered_orders"": 19, ""average_review_score"": 4.11, ""on_time_delivery_rate"": 84.21, ""seller_performance_score"": 45.88}"
13,"Seller Performance vs Revenue Contribution",1040,"{""seller"": ""3d2531eccfbde1d7c8db7a3a12fb267a"", ""sales_value"": 2212.60, ""seller_category"": ""Average Performer"", ""delivered_orders"": 10, ""average_review_score"": 4.22, ""on_time_delivery_rate"": 100.00, ""seller_performance_score"": 45.86}"
13,"Seller Performance vs Revenue Contribution",1041,"{""seller"": ""1dfe5347016252a7884b694d4f10f5c4"", ""sales_value"": 2052.54, ""seller_category"": ""Average Performer"", ""delivered_orders"": 20, ""average_review_score"": 3.40, ""on_time_delivery_rate"": 75.00, ""seller_performance_score"": 45.75}"
13,"Seller Performance vs Revenue Contribution",1042,"{""seller"": ""1690cada046eb7e92c12f98b1f8a8167"", ""sales_value"": 1992.91, ""seller_category"": ""Average Performer"", ""delivered_orders"": 10, ""average_review_score"": 4.90, ""on_time_delivery_rate"": 90.00, ""seller_performance_score"": 45.72}"
13,"Seller Performance vs Revenue Contribution",1043,"{""seller"": ""13074f016982ff2bd6c58ced8682f000"", ""sales_value"": 2752.66, ""seller_category"": ""Average Performer"", ""delivered_orders"": 13, ""average_review_score"": 4.15, ""on_time_delivery_rate"": 69.23, ""seller_performance_score"": 45.72}"
13,"Seller Performance vs Revenue Contribution",1044,"{""seller"": ""334cab711dee080b079fa5779b584783"", ""sales_value"": 1421.37, ""seller_category"": ""Average Performer"", ""delivered_orders"": 11, ""average_review_score"": 4.91, ""on_time_delivery_rate"": 100.00, ""seller_performance_score"": 45.70}"
13,"Seller Performance vs Revenue Contribution",1045,"{""seller"": ""7a2d2949aea47fab95fd98d6c9f618b1"", ""sales_value"": 1850.23, ""seller_category"": ""Average Performer"", ""delivered_orders"": 11, ""average_review_score"": 4.27, ""on_time_delivery_rate"": 100.00, ""seller_performance_score"": 45.62}"
13,"Seller Performance vs Revenue Contribution",1046,"{""seller"": ""980640c45d7a4635885491d077167e4d"", ""sales_value"": 1246.66, ""seller_category"": ""Average Performer"", ""delivered_orders"": 14, ""average_review_score"": 4.64, ""on_time_delivery_rate"": 92.86, ""seller_performance_score"": 45.58}"
13,"Seller Performance vs Revenue Contribution",1047,"{""seller"": ""c4fb51fb1c5b7c07bc5e67be6e7e8f6e"", ""sales_value"": 2126.61, ""seller_category"": ""Average Performer"", ""delivered_orders"": 15, ""average_review_score"": 3.53, ""on_time_delivery_rate"": 86.67, ""seller_performance_score"": 45.54}"
13,"Seller Performance vs Revenue Contribution",1048,"{""seller"": ""1430239a858e7682bbc43b20758af153"", ""sales_value"": 888.64, ""seller_category"": ""Average Performer"", ""delivered_orders"": 17, ""average_review_score"": 4.18, ""on_time_delivery_rate"": 100.00, ""seller_performance_score"": 45.53}"
13,"Seller Performance vs Revenue Contribution",1049,"{""seller"": ""5b664594895aefb418afaee6d40a9a23"", ""sales_value"": 1235.18, ""seller_category"": ""Average Performer"", ""delivered_orders"": 16, ""average_review_score"": 3.94, ""on_time_delivery_rate"": 100.00, ""seller_performance_score"": 45.52}"
13,"Seller Performance vs Revenue Contribution",1050,"{""seller"": ""788e857f317e53de488d393e65a80f45"", ""sales_value"": 1394.95, ""seller_category"": ""Average Performer"", ""delivered_orders"": 11, ""average_review_score"": 4.91, ""on_time_delivery_rate"": 100.00, ""seller_performance_score"": 45.50}"
13,"Seller Performance vs Revenue Contribution",1051,"{""seller"": ""49067458c68f7701fd334ce326accbe0"", ""sales_value"": 1621.50, ""seller_category"": ""Average Performer"", ""delivered_orders"": 17, ""average_review_score"": 3.44, ""on_time_delivery_rate"": 94.12, ""seller_performance_score"": 45.47}"
13,"Seller Performance vs Revenue Contribution",1052,"{""seller"": ""863d2ebcd347ce4922de7a0f9a5581d6"", ""sales_value"": 1605.58, ""seller_category"": ""Average Performer"", ""delivered_orders"": 17, ""average_review_score"": 4.06, ""on_time_delivery_rate"": 82.35, ""seller_performance_score"": 45.46}"
13,"Seller Performance vs Revenue Contribution",1053,"{""seller"": ""bc47d5d1490df2b36add65d733eafaba"", ""sales_value"": 1301.86, ""seller_category"": ""Average Performer"", ""delivered_orders"": 21, ""average_review_score"": 3.52, ""on_time_delivery_rate"": 90.48, ""seller_performance_score"": 45.45}"
13,"Seller Performance vs Revenue Contribution",1054,"{""seller"": ""5bc55dbe2f12b6af6d83ed46023e0dc8"", ""sales_value"": 3409.38, ""seller_category"": ""Average Performer"", ""delivered_orders"": 17, ""average_review_score"": 2.41, ""on_time_delivery_rate"": 76.47, ""seller_performance_score"": 45.42}"
13,"Seller Performance vs Revenue Contribution",1055,"{""seller"": ""343e716476e3748b069f980efbaa294e"", ""sales_value"": 1234.70, ""seller_category"": ""Average Performer"", ""delivered_orders"": 17, ""average_review_score"": 4.31, ""on_time_delivery_rate"": 88.24, ""seller_performance_score"": 45.39}"
13,"Seller Performance vs Revenue Contribution",1056,"{""seller"": ""4a1f694197d05fe70026b016a7316b41"", ""sales_value"": 1278.75, ""seller_category"": ""Average Performer"", ""delivered_orders"": 14, ""average_review_score"": 4.57, ""on_time_delivery_rate"": 92.86, ""seller_performance_score"": 45.38}"
13,"Seller Performance vs Revenue Contribution",1057,"{""seller"": ""f08c008c8a8d31417763738a1788a2a8"", ""sales_value"": 1604.00, ""seller_category"": ""Average Performer"", ""delivered_orders"": 20, ""average_review_score"": 3.42, ""on_time_delivery_rate"": 85.00, ""seller_performance_score"": 45.37}"
13,"Seller Performance vs Revenue Contribution",1058,"{""seller"": ""3dbbce181edfaa4a597ec858c382d2ec"", ""sales_value"": 1288.57, ""seller_category"": ""Average Performer"", ""delivered_orders"": 17, ""average_review_score"": 4.24, ""on_time_delivery_rate"": 88.24, ""seller_performance_score"": 45.36}"
13,"Seller Performance vs Revenue Contribution",1059,"{""seller"": ""3a1a1fec38dd360f15fc912e821e169d"", ""sales_value"": 2378.63, ""seller_category"": ""Average Performer"", ""delivered_orders"": 15, ""average_review_score"": 3.87, ""on_time_delivery_rate"": 73.33, ""seller_performance_score"": 45.31}"
13,"Seller Performance vs Revenue Contribution",1060,"{""seller"": ""8ca1551acf9832a4cf467bbbac15851f"", ""sales_value"": 2442.94, ""seller_category"": ""Average Performer"", ""delivered_orders"": 11, ""average_review_score"": 3.91, ""on_time_delivery_rate"": 90.91, ""seller_performance_score"": 45.26}"
13,"Seller Performance vs Revenue Contribution",1061,"{""seller"": ""8ff1a9df749e454105c55cda13e79143"", ""sales_value"": 1677.81, ""seller_category"": ""Average Performer"", ""delivered_orders"": 13, ""average_review_score"": 3.73, ""on_time_delivery_rate"": 100.00, ""seller_performance_score"": 45.22}"
13,"Seller Performance vs Revenue Contribution",1062,"{""seller"": ""76ea5315acb3f5f7ade3cd261faf922a"", ""sales_value"": 1311.08, ""seller_category"": ""Average Performer"", ""delivered_orders"": 15, ""average_review_score"": 4.27, ""on_time_delivery_rate"": 93.33, ""seller_performance_score"": 45.22}"
13,"Seller Performance vs Revenue Contribution",1063,"{""seller"": ""8bdd8e3fd58bafa48af76b2c5fd71974"", ""sales_value"": 2314.22, ""seller_category"": ""Average Performer"", ""delivered_orders"": 10, ""average_review_score"": 4.90, ""on_time_delivery_rate"": 80.00, ""seller_performance_score"": 45.14}"
13,"Seller Performance vs Revenue Contribution",1064,"{""seller"": ""d4ffeb15b67e81ff9af2b4252d99fb7e"", ""sales_value"": 1724.81, ""seller_category"": ""Average Performer"", ""delivered_orders"": 11, ""average_review_score"": 4.30, ""on_time_delivery_rate"": 100.00, ""seller_performance_score"": 45.07}"
13,"Seller Performance vs Revenue Contribution",1065,"{""seller"": ""bb135baca94c82fcb731335ad5b04a03"", ""sales_value"": 1522.68, ""seller_category"": ""Average Performer"", ""delivered_orders"": 18, ""average_review_score"": 3.06, ""on_time_delivery_rate"": 100.00, ""seller_performance_score"": 45.06}"
13,"Seller Performance vs Revenue Contribution",1066,"{""seller"": ""0725b8c0f3f906e58f70cbe76b7c748c"", ""sales_value"": 2865.47, ""seller_category"": ""Average Performer"", ""delivered_orders"": 16, ""average_review_score"": 3.65, ""on_time_delivery_rate"": 62.50, ""seller_performance_score"": 45.03}"
13,"Seller Performance vs Revenue Contribution",1067,"{""seller"": ""c5f7feb04a6a1fb3596322bfc3cf1917"", ""sales_value"": 2058.46, ""seller_category"": ""Needs Improvement"", ""delivered_orders"": 11, ""average_review_score"": 4.27, ""on_time_delivery_rate"": 90.91, ""seller_performance_score"": 44.96}"
13,"Seller Performance vs Revenue Contribution",1068,"{""seller"": ""97512d3fc193b2d1dfcdba0f9d1f0f8a"", ""sales_value"": 1800.42, ""seller_category"": ""Needs Improvement"", ""delivered_orders"": 12, ""average_review_score"": 4.25, ""on_time_delivery_rate"": 91.67, ""seller_performance_score"": 44.91}"
13,"Seller Performance vs Revenue Contribution",1069,"{""seller"": ""7fc87cc3e89b3d1d5cabdca32f8485aa"", ""sales_value"": 2835.82, ""seller_category"": ""Needs Improvement"", ""delivered_orders"": 14, ""average_review_score"": 3.57, ""on_time_delivery_rate"": 71.43, ""seller_performance_score"": 44.87}"
13,"Seller Performance vs Revenue Contribution",1070,"{""seller"": ""d1c7fa84e48cfa21a0e595167c1c500e"", ""sales_value"": 1477.38, ""seller_category"": ""Needs Improvement"", ""delivered_orders"": 12, ""average_review_score"": 4.33, ""on_time_delivery_rate"": 100.00, ""seller_performance_score"": 44.87}"
13,"Seller Performance vs Revenue Contribution",1071,"{""seller"": ""141440cad9341e553f8401c574a2aa38"", ""sales_value"": 1579.00, ""seller_category"": ""Needs Improvement"", ""delivered_orders"": 11, ""average_review_score"": 4.45, ""on_time_delivery_rate"": 100.00, ""seller_performance_score"": 44.84}"
13,"Seller Performance vs Revenue Contribution",1072,"{""seller"": ""cbf09e831b0c11f6f23ffb51004db972"", ""sales_value"": 1815.40, ""seller_category"": ""Needs Improvement"", ""delivered_orders"": 10, ""average_review_score"": 4.40, ""on_time_delivery_rate"": 100.00, ""seller_performance_score"": 44.67}"
13,"Seller Performance vs Revenue Contribution",1073,"{""seller"": ""1dcfa3835714681d4ba4a93bc1e0fd41"", ""sales_value"": 1483.48, ""seller_category"": ""Needs Improvement"", ""delivered_orders"": 12, ""average_review_score"": 4.27, ""on_time_delivery_rate"": 100.00, ""seller_performance_score"": 44.66}"
13,"Seller Performance vs Revenue Contribution",1074,"{""seller"": ""ba5daa4041e1f15cdf34b76e3e18a450"", ""sales_value"": 959.35, ""seller_category"": ""Needs Improvement"", ""delivered_orders"": 15, ""average_review_score"": 4.27, ""on_time_delivery_rate"": 100.00, ""seller_performance_score"": 44.63}"
13,"Seller Performance vs Revenue Contribution",1075,"{""seller"": ""abc015ebac1d283a323ca9db35ede4b9"", ""sales_value"": 1329.65, ""seller_category"": ""Needs Improvement"", ""delivered_orders"": 12, ""average_review_score"": 4.42, ""on_time_delivery_rate"": 100.00, ""seller_performance_score"": 44.50}"
13,"Seller Performance vs Revenue Contribution",1076,"{""seller"": ""41b86b552e54e3a7009596125aa8b167"", ""sales_value"": 1829.91, ""seller_category"": ""Needs Improvement"", ""delivered_orders"": 10, ""average_review_score"": 4.30, ""on_time_delivery_rate"": 100.00, ""seller_performance_score"": 44.36}"
13,"Seller Performance vs Revenue Contribution",1077,"{""seller"": ""d2e753bb80b7d4faa77483ed00edc8ca"", ""sales_value"": 1774.94, ""seller_category"": ""Needs Improvement"", ""delivered_orders"": 14, ""average_review_score"": 3.60, ""on_time_delivery_rate"": 92.86, ""seller_performance_score"": 44.35}"
13,"Seller Performance vs Revenue Contribution",1078,"{""seller"": ""cb41bfbcbda0aea354a834ab222f9a59"", ""sales_value"": 4650.66, ""seller_category"": ""Needs Improvement"", ""delivered_orders"": 11, ""average_review_score"": 3.27, ""on_time_delivery_rate"": 63.64, ""seller_performance_score"": 44.30}"
13,"Seller Performance vs Revenue Contribution",1079,"{""seller"": ""9d7a1d34a5052409006425275ba1c2b4"", ""sales_value"": 1331.87, ""seller_category"": ""Needs Improvement"", ""delivered_orders"": 13, ""average_review_score"": 4.38, ""on_time_delivery_rate"": 92.31, ""seller_performance_score"": 44.16}"
13,"Seller Performance vs Revenue Contribution",1080,"{""seller"": ""eb5b6204dde3a6e03b5f1bb8479f055b"", ""sales_value"": 727.33, ""seller_category"": ""Needs Improvement"", ""delivered_orders"": 19, ""average_review_score"": 3.95, ""on_time_delivery_rate"": 94.74, ""seller_performance_score"": 44.07}"
13,"Seller Performance vs Revenue Contribution",1081,"{""seller"": ""da6a60cc8cc724fe51be021ff8be779c"", ""sales_value"": 984.58, ""seller_category"": ""Needs Improvement"", ""delivered_orders"": 12, ""average_review_score"": 4.75, ""on_time_delivery_rate"": 100.00, ""seller_performance_score"": 44.05}"
13,"Seller Performance vs Revenue Contribution",1082,"{""seller"": ""c5f7e746b7e6d07def6c0dae9903279b"", ""sales_value"": 1658.92, ""seller_category"": ""Needs Improvement"", ""delivered_orders"": 10, ""average_review_score"": 4.40, ""on_time_delivery_rate"": 100.00, ""seller_performance_score"": 43.94}"
13,"Seller Performance vs Revenue Contribution",1083,"{""seller"": ""f5b44895715ddfe3087dc414f30268f3"", ""sales_value"": 654.44, ""seller_category"": ""Needs Improvement"", ""delivered_orders"": 19, ""average_review_score"": 4.00, ""on_time_delivery_rate"": 94.74, ""seller_performance_score"": 43.89}"
13,"Seller Performance vs Revenue Contribution",1084,"{""seller"": ""0417b067eeab773d2f7061a726dc477f"", ""sales_value"": 2501.75, ""seller_category"": ""Needs Improvement"", ""delivered_orders"": 13, ""average_review_score"": 3.92, ""on_time_delivery_rate"": 69.23, ""seller_performance_score"": 43.87}"
13,"Seller Performance vs Revenue Contribution",1085,"{""seller"": ""6ddc28b61be28373b4503a1f61cf98a9"", ""sales_value"": 1900.09, ""seller_category"": ""Needs Improvement"", ""delivered_orders"": 11, ""average_review_score"": 4.18, ""on_time_delivery_rate"": 90.91, ""seller_performance_score"": 43.86}"
13,"Seller Performance vs Revenue Contribution",1086,"{""seller"": ""01bcc9d254a0143f0ce9791b960b2a47"", ""sales_value"": 1644.69, ""seller_category"": ""Needs Improvement"", ""delivered_orders"": 10, ""average_review_score"": 4.40, ""on_time_delivery_rate"": 100.00, ""seller_performance_score"": 43.85}"
13,"Seller Performance vs Revenue Contribution",1087,"{""seller"": ""596849622429351f47b32e6cae1055ff"", ""sales_value"": 1222.90, ""seller_category"": ""Needs Improvement"", ""delivered_orders"": 13, ""average_review_score"": 4.08, ""on_time_delivery_rate"": 100.00, ""seller_performance_score"": 43.76}"
13,"Seller Performance vs Revenue Contribution",1088,"{""seller"": ""81336a0f57a33776419727a300249e90"", ""sales_value"": 1629.70, ""seller_category"": ""Needs Improvement"", ""delivered_orders"": 15, ""average_review_score"": 4.07, ""on_time_delivery_rate"": 80.00, ""seller_performance_score"": 43.76}"
13,"Seller Performance vs Revenue Contribution",1089,"{""seller"": ""caa9bc43a9fe8cf9c564ddd8a03cc4a6"", ""sales_value"": 1037.74, ""seller_category"": ""Needs Improvement"", ""delivered_orders"": 13, ""average_review_score"": 4.67, ""on_time_delivery_rate"": 92.31, ""seller_performance_score"": 43.73}"
13,"Seller Performance vs Revenue Contribution",1090,"{""seller"": ""431050a06a317f2b38168dec3dcd2b46"", ""sales_value"": 1576.15, ""seller_category"": ""Needs Improvement"", ""delivered_orders"": 10, ""average_review_score"": 4.50, ""on_time_delivery_rate"": 100.00, ""seller_performance_score"": 43.72}"
13,"Seller Performance vs Revenue Contribution",1091,"{""seller"": ""7357b52d27cbaa90f81a96cbc1279396"", ""sales_value"": 1545.83, ""seller_category"": ""Needs Improvement"", ""delivered_orders"": 12, ""average_review_score"": 4.33, ""on_time_delivery_rate"": 91.67, ""seller_performance_score"": 43.69}"
13,"Seller Performance vs Revenue Contribution",1092,"{""seller"": ""6d988d6174a2c27441597174f8905515"", ""sales_value"": 737.20, ""seller_category"": ""Needs Improvement"", ""delivered_orders"": 19, ""average_review_score"": 4.11, ""on_time_delivery_rate"": 89.47, ""seller_performance_score"": 43.68}"
13,"Seller Performance vs Revenue Contribution",1093,"{""seller"": ""8629c241b3622ac12cd4118afdc8d394"", ""sales_value"": 1502.02, ""seller_category"": ""Needs Improvement"", ""delivered_orders"": 13, ""average_review_score"": 4.08, ""on_time_delivery_rate"": 92.31, ""seller_performance_score"": 43.67}"
13,"Seller Performance vs Revenue Contribution",1094,"{""seller"": ""5f26c1408a65b42a7224cd463bdf3292"", ""sales_value"": 1357.09, ""seller_category"": ""Needs Improvement"", ""delivered_orders"": 10, ""average_review_score"": 4.80, ""on_time_delivery_rate"": 100.00, ""seller_performance_score"": 43.67}"
13,"Seller Performance vs Revenue Contribution",1095,"{""seller"": ""d4910f1cdcfdabd48d6b316e395d4a23"", ""sales_value"": 1361.92, ""seller_category"": ""Needs Improvement"", ""delivered_orders"": 11, ""average_review_score"": 4.91, ""on_time_delivery_rate"": 90.91, ""seller_performance_score"": 43.57}"
13,"Seller Performance vs Revenue Contribution",1096,"{""seller"": ""a23266650e7c84bb93fbbba502137478"", ""sales_value"": 1791.44, ""seller_category"": ""Needs Improvement"", ""delivered_orders"": 11, ""average_review_score"": 3.82, ""on_time_delivery_rate"": 100.00, ""seller_performance_score"": 43.46}"
13,"Seller Performance vs Revenue Contribution",1097,"{""seller"": ""a066df7361163e7ddc5d7452dd17448b"", ""sales_value"": 1344.62, ""seller_category"": ""Needs Improvement"", ""delivered_orders"": 15, ""average_review_score"": 4.40, ""on_time_delivery_rate"": 80.00, ""seller_performance_score"": 43.34}"
13,"Seller Performance vs Revenue Contribution",1098,"{""seller"": ""082e0bf4cb865a6533b1e8e498cc0255"", ""sales_value"": 3064.33, ""seller_category"": ""Needs Improvement"", ""delivered_orders"": 11, ""average_review_score"": 3.27, ""on_time_delivery_rate"": 81.82, ""seller_performance_score"": 43.33}"
13,"Seller Performance vs Revenue Contribution",1099,"{""seller"": ""179d859f51292aac5c10806a356f7af9"", ""sales_value"": 800.27, ""seller_category"": ""Needs Improvement"", ""delivered_orders"": 18, ""average_review_score"": 4.39, ""on_time_delivery_rate"": 83.33, ""seller_performance_score"": 43.29}"
13,"Seller Performance vs Revenue Contribution",1100,"{""seller"": ""4ba52dfeba874da5b9ee7b17c7494f04"", ""sales_value"": 1667.91, ""seller_category"": ""Needs Improvement"", ""delivered_orders"": 11, ""average_review_score"": 4.36, ""on_time_delivery_rate"": 90.91, ""seller_performance_score"": 43.28}"
13,"Seller Performance vs Revenue Contribution",1101,"{""seller"": ""921323538c9f1c4e816f2720eac02bea"", ""sales_value"": 1642.20, ""seller_category"": ""Needs Improvement"", ""delivered_orders"": 15, ""average_review_score"": 3.93, ""on_time_delivery_rate"": 80.00, ""seller_performance_score"": 43.26}"
13,"Seller Performance vs Revenue Contribution",1102,"{""seller"": ""c84592044b180dec206770c38603814b"", ""sales_value"": 700.97, ""seller_category"": ""Needs Improvement"", ""delivered_orders"": 14, ""average_review_score"": 4.43, ""on_time_delivery_rate"": 100.00, ""seller_performance_score"": 43.24}"
13,"Seller Performance vs Revenue Contribution",1103,"{""seller"": ""c273175f7c6c80fb02f051e2fc6d0d72"", ""sales_value"": 1443.45, ""seller_category"": ""Needs Improvement"", ""delivered_orders"": 14, ""average_review_score"": 3.79, ""on_time_delivery_rate"": 92.86, ""seller_performance_score"": 43.20}"
13,"Seller Performance vs Revenue Contribution",1104,"{""seller"": ""768a86e36ad6aae3d03ee3c6433d61df"", ""sales_value"": 767.70, ""seller_category"": ""Needs Improvement"", ""delivered_orders"": 17, ""average_review_score"": 4.65, ""on_time_delivery_rate"": 82.35, ""seller_performance_score"": 43.14}"
13,"Seller Performance vs Revenue Contribution",1105,"{""seller"": ""f0e103c63864d5405b958d984b6e94c9"", ""sales_value"": 1101.41, ""seller_category"": ""Needs Improvement"", ""delivered_orders"": 11, ""average_review_score"": 4.73, ""on_time_delivery_rate"": 100.00, ""seller_performance_score"": 43.10}"
13,"Seller Performance vs Revenue Contribution",1106,"{""seller"": ""5075aaa8404020ae6aa8bf4792099b41"", ""sales_value"": 1872.15, ""seller_category"": ""Needs Improvement"", ""delivered_orders"": 10, ""average_review_score"": 3.90, ""on_time_delivery_rate"": 100.00, ""seller_performance_score"": 43.04}"
13,"Seller Performance vs Revenue Contribution",1107,"{""seller"": ""b9a03475e6447e631b6799ec8274800f"", ""sales_value"": 1644.08, ""seller_category"": ""Needs Improvement"", ""delivered_orders"": 10, ""average_review_score"": 4.20, ""on_time_delivery_rate"": 100.00, ""seller_performance_score"": 43.02}"
13,"Seller Performance vs Revenue Contribution",1108,"{""seller"": ""08d2d642cf72b622b14dde1d2f5eb2f5"", ""sales_value"": 1215.16, ""seller_category"": ""Needs Improvement"", ""delivered_orders"": 16, ""average_review_score"": 4.29, ""on_time_delivery_rate"": 81.25, ""seller_performance_score"": 43.00}"
13,"Seller Performance vs Revenue Contribution",1109,"{""seller"": ""5a05a16bb50629ee31afab8a6d4c2674"", ""sales_value"": 1075.48, ""seller_category"": ""Needs Improvement"", ""delivered_orders"": 14, ""average_review_score"": 4.21, ""on_time_delivery_rate"": 92.86, ""seller_performance_score"": 42.87}"
13,"Seller Performance vs Revenue Contribution",1110,"{""seller"": ""5b07547f10dd980738a1a27f685af669"", ""sales_value"": 1320.07, ""seller_category"": ""Needs Improvement"", ""delivered_orders"": 13, ""average_review_score"": 4.46, ""on_time_delivery_rate"": 84.62, ""seller_performance_score"": 42.82}"
13,"Seller Performance vs Revenue Contribution",1111,"{""seller"": ""058cb5aeb36d7c0fcae20fc85d5e0a59"", ""sales_value"": 1983.82, ""seller_category"": ""Needs Improvement"", ""delivered_orders"": 11, ""average_review_score"": 3.82, ""on_time_delivery_rate"": 90.91, ""seller_performance_score"": 42.80}"
13,"Seller Performance vs Revenue Contribution",1112,"{""seller"": ""ea00f977a203ff88adf7057cb7806998"", ""sales_value"": 558.02, ""seller_category"": ""Needs Improvement"", ""delivered_orders"": 18, ""average_review_score"": 4.28, ""on_time_delivery_rate"": 88.89, ""seller_performance_score"": 42.80}"
13,"Seller Performance vs Revenue Contribution",1113,"{""seller"": ""a2deecd5398f5df4987110c80a1972a3"", ""sales_value"": 845.80, ""seller_category"": ""Needs Improvement"", ""delivered_orders"": 13, ""average_review_score"": 4.29, ""on_time_delivery_rate"": 100.00, ""seller_performance_score"": 42.76}"
13,"Seller Performance vs Revenue Contribution",1114,"{""seller"": ""d101c6da914ae3d53f7bee42283f2fe2"", ""sales_value"": 1557.55, ""seller_category"": ""Needs Improvement"", ""delivered_orders"": 13, ""average_review_score"": 3.71, ""on_time_delivery_rate"": 92.31, ""seller_performance_score"": 42.72}"
13,"Seller Performance vs Revenue Contribution",1115,"{""seller"": ""ec4608a1f76453166bb312b2968aeaf4"", ""sales_value"": 1863.36, ""seller_category"": ""Needs Improvement"", ""delivered_orders"": 17, ""average_review_score"": 3.29, ""on_time_delivery_rate"": 76.47, ""seller_performance_score"": 42.67}"
13,"Seller Performance vs Revenue Contribution",1116,"{""seller"": ""e601b04acf48b4576e73ddca9481f0dc"", ""sales_value"": 702.94, ""seller_category"": ""Needs Improvement"", ""delivered_orders"": 15, ""average_review_score"": 4.07, ""on_time_delivery_rate"": 100.00, ""seller_performance_score"": 42.58}"
13,"Seller Performance vs Revenue Contribution",1117,"{""seller"": ""3f8034bfc6b8b4135534975d49f04c63"", ""sales_value"": 1522.93, ""seller_category"": ""Needs Improvement"", ""delivered_orders"": 11, ""average_review_score"": 4.00, ""on_time_delivery_rate"": 100.00, ""seller_performance_score"": 42.52}"
13,"Seller Performance vs Revenue Contribution",1118,"{""seller"": ""d1b9d4be4b6f9ebd85f8acd6745ba612"", ""sales_value"": 1348.53, ""seller_category"": ""Needs Improvement"", ""delivered_orders"": 11, ""average_review_score"": 4.18, ""on_time_delivery_rate"": 100.00, ""seller_performance_score"": 42.42}"
13,"Seller Performance vs Revenue Contribution",1119,"{""seller"": ""5a413ade68e8f8d93071a7f52a64cb9e"", ""sales_value"": 932.67, ""seller_category"": ""Needs Improvement"", ""delivered_orders"": 14, ""average_review_score"": 4.64, ""on_time_delivery_rate"": 85.71, ""seller_performance_score"": 42.42}"
13,"Seller Performance vs Revenue Contribution",1120,"{""seller"": ""adcf50477d6a1f5d91bb9d54c4903cb5"", ""sales_value"": 1597.63, ""seller_category"": ""Needs Improvement"", ""delivered_orders"": 16, ""average_review_score"": 3.56, ""on_time_delivery_rate"": 81.25, ""seller_performance_score"": 42.42}"
13,"Seller Performance vs Revenue Contribution",1121,"{""seller"": ""b5e3e38609125694d2ea2417522a60b7"", ""sales_value"": 1296.18, ""seller_category"": ""Needs Improvement"", ""delivered_orders"": 16, ""average_review_score"": 4.31, ""on_time_delivery_rate"": 75.00, ""seller_performance_score"": 42.36}"
13,"Seller Performance vs Revenue Contribution",1122,"{""seller"": ""6e864f5c4669eff3d98140a07cc50202"", ""sales_value"": 932.36, ""seller_category"": ""Needs Improvement"", ""delivered_orders"": 13, ""average_review_score"": 4.46, ""on_time_delivery_rate"": 92.31, ""seller_performance_score"": 42.26}"
13,"Seller Performance vs Revenue Contribution",1123,"{""seller"": ""2f74af7a0ee5636f12c2336f9fffed47"", ""sales_value"": 724.47, ""seller_category"": ""Needs Improvement"", ""delivered_orders"": 13, ""average_review_score"": 4.31, ""on_time_delivery_rate"": 100.00, ""seller_performance_score"": 42.19}"
13,"Seller Performance vs Revenue Contribution",1124,"{""seller"": ""e48cc16ab70bfa09e1401740dce0b3d7"", ""sales_value"": 1411.13, ""seller_category"": ""Needs Improvement"", ""delivered_orders"": 14, ""average_review_score"": 3.57, ""on_time_delivery_rate"": 92.86, ""seller_performance_score"": 42.17}"
13,"Seller Performance vs Revenue Contribution",1125,"{""seller"": ""768de2a4fc06aacecb9a586ccc30746a"", ""sales_value"": 663.71, ""seller_category"": ""Needs Improvement"", ""delivered_orders"": 13, ""average_review_score"": 4.38, ""on_time_delivery_rate"": 100.00, ""seller_performance_score"": 42.16}"
13,"Seller Performance vs Revenue Contribution",1126,"{""seller"": ""26d6bbee02420494d471c9f6436929c0"", ""sales_value"": 681.70, ""seller_category"": ""Needs Improvement"", ""delivered_orders"": 12, ""average_review_score"": 4.67, ""on_time_delivery_rate"": 100.00, ""seller_performance_score"": 42.13}"
13,"Seller Performance vs Revenue Contribution",1127,"{""seller"": ""ffad1e7127fb622cb64a900751590acd"", ""sales_value"": 1090.83, ""seller_category"": ""Needs Improvement"", ""delivered_orders"": 10, ""average_review_score"": 4.80, ""on_time_delivery_rate"": 100.00, ""seller_performance_score"": 42.11}"
13,"Seller Performance vs Revenue Contribution",1128,"{""seller"": ""63a79f5a7eb5cb48a7e5787b141c7993"", ""sales_value"": 1015.93, ""seller_category"": ""Needs Improvement"", ""delivered_orders"": 11, ""average_review_score"": 4.55, ""on_time_delivery_rate"": 100.00, ""seller_performance_score"": 42.09}"
13,"Seller Performance vs Revenue Contribution",1129,"{""seller"": ""36890be00bbfc1cdb9a4a38a6af05a69"", ""sales_value"": 1600.88, ""seller_category"": ""Needs Improvement"", ""delivered_orders"": 13, ""average_review_score"": 4.23, ""on_time_delivery_rate"": 76.92, ""seller_performance_score"": 42.05}"
13,"Seller Performance vs Revenue Contribution",1130,"{""seller"": ""670a9dda115b5a88b18cfadee8de2332"", ""sales_value"": 1101.99, ""seller_category"": ""Needs Improvement"", ""delivered_orders"": 11, ""average_review_score"": 4.45, ""on_time_delivery_rate"": 100.00, ""seller_performance_score"": 42.04}"
13,"Seller Performance vs Revenue Contribution",1131,"{""seller"": ""2059c39f76271d4ca3f15b5ffaccc8b8"", ""sales_value"": 791.29, ""seller_category"": ""Needs Improvement"", ""delivered_orders"": 12, ""average_review_score"": 4.50, ""on_time_delivery_rate"": 100.00, ""seller_performance_score"": 42.03}"
13,"Seller Performance vs Revenue Contribution",1132,"{""seller"": ""5ab05b6d86d417796c69ffd6774ec832"", ""sales_value"": 2142.85, ""seller_category"": ""Needs Improvement"", ""delivered_orders"": 10, ""average_review_score"": 3.80, ""on_time_delivery_rate"": 90.00, ""seller_performance_score"": 42.00}"
13,"Seller Performance vs Revenue Contribution",1133,"{""seller"": ""5b2e94f2c22b39ccc24d34ad0f669672"", ""sales_value"": 1340.14, ""seller_category"": ""Needs Improvement"", ""delivered_orders"": 10, ""average_review_score"": 4.90, ""on_time_delivery_rate"": 90.00, ""seller_performance_score"": 41.96}"
13,"Seller Performance vs Revenue Contribution",1134,"{""seller"": ""cac63f48c38cd7d002a7e846dcd99a23"", ""sales_value"": 1014.62, ""seller_category"": ""Needs Improvement"", ""delivered_orders"": 10, ""average_review_score"": 4.82, ""on_time_delivery_rate"": 100.00, ""seller_performance_score"": 41.90}"
13,"Seller Performance vs Revenue Contribution",1135,"{""seller"": ""0ff83046c3fa22efee8ecf291888b191"", ""sales_value"": 1023.38, ""seller_category"": ""Needs Improvement"", ""delivered_orders"": 10, ""average_review_score"": 4.80, ""on_time_delivery_rate"": 100.00, ""seller_performance_score"": 41.89}"
13,"Seller Performance vs Revenue Contribution",1136,"{""seller"": ""8e2b3afb420011ef0c88c9d5f11ea526"", ""sales_value"": 1532.43, ""seller_category"": ""Needs Improvement"", ""delivered_orders"": 11, ""average_review_score"": 4.27, ""on_time_delivery_rate"": 90.91, ""seller_performance_score"": 41.85}"
13,"Seller Performance vs Revenue Contribution",1137,"{""seller"": ""e3a386fc36e22064434e1fa256f6a9fa"", ""sales_value"": 1047.15, ""seller_category"": ""Needs Improvement"", ""delivered_orders"": 16, ""average_review_score"": 4.19, ""on_time_delivery_rate"": 81.25, ""seller_performance_score"": 41.84}"
13,"Seller Performance vs Revenue Contribution",1138,"{""seller"": ""226b05fe067266c59c15dae208213d06"", ""sales_value"": 1245.58, ""seller_category"": ""Needs Improvement"", ""delivered_orders"": 10, ""average_review_score"": 4.50, ""on_time_delivery_rate"": 100.00, ""seller_performance_score"": 41.82}"
13,"Seller Performance vs Revenue Contribution",1139,"{""seller"": ""4324dd16853115efb0fd9d0d131ba6f4"", ""sales_value"": 1379.47, ""seller_category"": ""Needs Improvement"", ""delivered_orders"": 12, ""average_review_score"": 4.08, ""on_time_delivery_rate"": 91.67, ""seller_performance_score"": 41.81}"
13,"Seller Performance vs Revenue Contribution",1140,"{""seller"": ""b64d51f0435e884e8de603b1655155ae"", ""sales_value"": 773.54, ""seller_category"": ""Needs Improvement"", ""delivered_orders"": 17, ""average_review_score"": 4.29, ""on_time_delivery_rate"": 82.35, ""seller_performance_score"": 41.79}"
13,"Seller Performance vs Revenue Contribution",1141,"{""seller"": ""6d22a1fcebb6dd08c9cd90b92a93e8d0"", ""sales_value"": 946.43, ""seller_category"": ""Needs Improvement"", ""delivered_orders"": 12, ""average_review_score"": 4.25, ""on_time_delivery_rate"": 100.00, ""seller_performance_score"": 41.77}"
13,"Seller Performance vs Revenue Contribution",1142,"{""seller"": ""c89cf7c468a48af70aada384e722f9e2"", ""sales_value"": 971.01, ""seller_category"": ""Needs Improvement"", ""delivered_orders"": 14, ""average_review_score"": 4.00, ""on_time_delivery_rate"": 92.86, ""seller_performance_score"": 41.51}"
13,"Seller Performance vs Revenue Contribution",1143,"{""seller"": ""f9903dd0f812c7e771fcad47b6fff231"", ""sales_value"": 2101.48, ""seller_category"": ""Needs Improvement"", ""delivered_orders"": 10, ""average_review_score"": 3.20, ""on_time_delivery_rate"": 100.00, ""seller_performance_score"": 41.40}"
13,"Seller Performance vs Revenue Contribution",1144,"{""seller"": ""ce616e1913288884e7742faac9d981db"", ""sales_value"": 593.45, ""seller_category"": ""Needs Improvement"", ""delivered_orders"": 14, ""average_review_score"": 4.43, ""on_time_delivery_rate"": 92.86, ""seller_performance_score"": 41.33}"
13,"Seller Performance vs Revenue Contribution",1145,"{""seller"": ""562f8cfc51f265411f487d07e9c40e7f"", ""sales_value"": 966.25, ""seller_category"": ""Needs Improvement"", ""delivered_orders"": 13, ""average_review_score"": 4.54, ""on_time_delivery_rate"": 84.62, ""seller_performance_score"": 41.26}"
13,"Seller Performance vs Revenue Contribution",1146,"{""seller"": ""6f83d9e4da896daae20b9b6b2d3ff8d2"", ""sales_value"": 985.04, ""seller_category"": ""Needs Improvement"", ""delivered_orders"": 11, ""average_review_score"": 4.36, ""on_time_delivery_rate"": 100.00, ""seller_performance_score"": 41.20}"
13,"Seller Performance vs Revenue Contribution",1147,"{""seller"": ""e1dc0754bada9ee4cfe9713f22f61292"", ""sales_value"": 1149.78, ""seller_category"": ""Needs Improvement"", ""delivered_orders"": 12, ""average_review_score"": 3.83, ""on_time_delivery_rate"": 100.00, ""seller_performance_score"": 41.15}"
13,"Seller Performance vs Revenue Contribution",1148,"{""seller"": ""aac51c486b672a9850d59f3e84b1cf88"", ""sales_value"": 859.57, ""seller_category"": ""Needs Improvement"", ""delivered_orders"": 10, ""average_review_score"": 4.80, ""on_time_delivery_rate"": 100.00, ""seller_performance_score"": 41.10}"
13,"Seller Performance vs Revenue Contribution",1149,"{""seller"": ""7586919161935337bf6b6d7ff5779648"", ""sales_value"": 1994.93, ""seller_category"": ""Needs Improvement"", ""delivered_orders"": 11, ""average_review_score"": 3.82, ""on_time_delivery_rate"": 81.82, ""seller_performance_score"": 41.09}"
13,"Seller Performance vs Revenue Contribution",1150,"{""seller"": ""e627629ba868740e287800f1a9be81c2"", ""sales_value"": 446.66, ""seller_category"": ""Needs Improvement"", ""delivered_orders"": 11, ""average_review_score"": 4.91, ""on_time_delivery_rate"": 100.00, ""seller_performance_score"": 41.00}"
13,"Seller Performance vs Revenue Contribution",1151,"{""seller"": ""fe701d88b67eaca109dffd464d1be9f9"", ""sales_value"": 1578.02, ""seller_category"": ""Needs Improvement"", ""delivered_orders"": 10, ""average_review_score"": 4.30, ""on_time_delivery_rate"": 90.00, ""seller_performance_score"": 40.94}"
13,"Seller Performance vs Revenue Contribution",1152,"{""seller"": ""08084d990eb3f53af056ccbc1730c8a7"", ""sales_value"": 606.79, ""seller_category"": ""Needs Improvement"", ""delivered_orders"": 12, ""average_review_score"": 4.45, ""on_time_delivery_rate"": 100.00, ""seller_performance_score"": 40.91}"
13,"Seller Performance vs Revenue Contribution",1153,"{""seller"": ""b080809eaacb49e5ca07290981472431"", ""sales_value"": 567.40, ""seller_category"": ""Needs Improvement"", ""delivered_orders"": 11, ""average_review_score"": 4.82, ""on_time_delivery_rate"": 100.00, ""seller_performance_score"": 40.89}"
13,"Seller Performance vs Revenue Contribution",1154,"{""seller"": ""0a85ebe4e328db81ac9109781205e2f7"", ""sales_value"": 805.65, ""seller_category"": ""Needs Improvement"", ""delivered_orders"": 12, ""average_review_score"": 4.58, ""on_time_delivery_rate"": 91.67, ""seller_performance_score"": 40.78}"
13,"Seller Performance vs Revenue Contribution",1155,"{""seller"": ""3969863bb8af7f72580b3b1ffd3a17b3"", ""sales_value"": 850.02, ""seller_category"": ""Needs Improvement"", ""delivered_orders"": 12, ""average_review_score"": 4.08, ""on_time_delivery_rate"": 100.00, ""seller_performance_score"": 40.73}"
13,"Seller Performance vs Revenue Contribution",1156,"{""seller"": ""d32e3909cfb714fb2a6cb092c85b9c5f"", ""sales_value"": 3078.90, ""seller_category"": ""Needs Improvement"", ""delivered_orders"": 10, ""average_review_score"": 3.50, ""on_time_delivery_rate"": 70.00, ""seller_performance_score"": 40.70}"
13,"Seller Performance vs Revenue Contribution",1157,"{""seller"": ""89f69225956f951295ca4c7fb1266553"", ""sales_value"": 1318.71, ""seller_category"": ""Needs Improvement"", ""delivered_orders"": 11, ""average_review_score"": 4.27, ""on_time_delivery_rate"": 90.91, ""seller_performance_score"": 40.69}"
13,"Seller Performance vs Revenue Contribution",1158,"{""seller"": ""2d42ebcda99fd55f6f4bc2f1ca035d50"", ""sales_value"": 1203.97, ""seller_category"": ""Needs Improvement"", ""delivered_orders"": 10, ""average_review_score"": 4.30, ""on_time_delivery_rate"": 100.00, ""seller_performance_score"": 40.65}"
13,"Seller Performance vs Revenue Contribution",1159,"{""seller"": ""89a51f50b8095ea78d5768f34c13a76f"", ""sales_value"": 854.26, ""seller_category"": ""Needs Improvement"", ""delivered_orders"": 10, ""average_review_score"": 4.70, ""on_time_delivery_rate"": 100.00, ""seller_performance_score"": 40.64}"
13,"Seller Performance vs Revenue Contribution",1160,"{""seller"": ""66fd84ee7528c0c0de85d0f44a73d5ab"", ""sales_value"": 1891.30, ""seller_category"": ""Needs Improvement"", ""delivered_orders"": 11, ""average_review_score"": 3.36, ""on_time_delivery_rate"": 90.91, ""seller_performance_score"": 40.53}"
13,"Seller Performance vs Revenue Contribution",1161,"{""seller"": ""91f0eec23d4a61d7d7caeefa3f0ad1ca"", ""sales_value"": 2545.26, ""seller_category"": ""Needs Improvement"", ""delivered_orders"": 11, ""average_review_score"": 3.55, ""on_time_delivery_rate"": 72.73, ""seller_performance_score"": 40.53}"
13,"Seller Performance vs Revenue Contribution",1162,"{""seller"": ""59cea8e446d3834393058e7e0666b6fb"", ""sales_value"": 901.14, ""seller_category"": ""Needs Improvement"", ""delivered_orders"": 10, ""average_review_score"": 4.60, ""on_time_delivery_rate"": 100.00, ""seller_performance_score"": 40.47}"
13,"Seller Performance vs Revenue Contribution",1163,"{""seller"": ""6806dad1da97bfb5a9038eac6881f706"", ""sales_value"": 1783.26, ""seller_category"": ""Needs Improvement"", ""delivered_orders"": 10, ""average_review_score"": 3.91, ""on_time_delivery_rate"": 90.00, ""seller_performance_score"": 40.46}"
13,"Seller Performance vs Revenue Contribution",1164,"{""seller"": ""4de6e4ba574aa9dfdc824bc44dc47fdd"", ""sales_value"": 704.42, ""seller_category"": ""Needs Improvement"", ""delivered_orders"": 14, ""average_review_score"": 4.07, ""on_time_delivery_rate"": 92.86, ""seller_performance_score"": 40.44}"
13,"Seller Performance vs Revenue Contribution",1165,"{""seller"": ""fb3cfbc8a86f5d7fbb4d36b8df63f60d"", ""sales_value"": 1225.06, ""seller_category"": ""Needs Improvement"", ""delivered_orders"": 10, ""average_review_score"": 4.20, ""on_time_delivery_rate"": 100.00, ""seller_performance_score"": 40.42}"
13,"Seller Performance vs Revenue Contribution",1166,"{""seller"": ""1d29dfba02015238dfbe2449a5eaa361"", ""sales_value"": 789.92, ""seller_category"": ""Needs Improvement"", ""delivered_orders"": 12, ""average_review_score"": 4.50, ""on_time_delivery_rate"": 91.67, ""seller_performance_score"": 40.33}"
13,"Seller Performance vs Revenue Contribution",1167,"{""seller"": ""9c690ceacd5c66731bf443ea810195cb"", ""sales_value"": 1121.02, ""seller_category"": ""Needs Improvement"", ""delivered_orders"": 10, ""average_review_score"": 4.30, ""on_time_delivery_rate"": 100.00, ""seller_performance_score"": 40.26}"
13,"Seller Performance vs Revenue Contribution",1168,"{""seller"": ""87d3c3aeb3ead335511b3ce315eb341e"", ""sales_value"": 963.06, ""seller_category"": ""Needs Improvement"", ""delivered_orders"": 15, ""average_review_score"": 3.50, ""on_time_delivery_rate"": 93.33, ""seller_performance_score"": 40.26}"
13,"Seller Performance vs Revenue Contribution",1169,"{""seller"": ""1cbd32d00d01bb8087a5eb088612fd9c"", ""sales_value"": 1289.53, ""seller_category"": ""Needs Improvement"", ""delivered_orders"": 11, ""average_review_score"": 4.18, ""on_time_delivery_rate"": 90.91, ""seller_performance_score"": 40.15}"
13,"Seller Performance vs Revenue Contribution",1170,"{""seller"": ""bc07d855eac23aab5ac8a120f21d16b2"", ""sales_value"": 1407.36, ""seller_category"": ""Needs Improvement"", ""delivered_orders"": 11, ""average_review_score"": 4.45, ""on_time_delivery_rate"": 81.82, ""seller_performance_score"": 40.13}"
13,"Seller Performance vs Revenue Contribution",1171,"{""seller"": ""70849ca4f400aaabb62cb7462a6f1428"", ""sales_value"": 1143.24, ""seller_category"": ""Needs Improvement"", ""delivered_orders"": 12, ""average_review_score"": 4.42, ""on_time_delivery_rate"": 83.33, ""seller_performance_score"": 40.09}"
13,"Seller Performance vs Revenue Contribution",1172,"{""seller"": ""5b0cc932433fa5184b5b94bfe6bcc256"", ""sales_value"": 1994.09, ""seller_category"": ""Needs Improvement"", ""delivered_orders"": 12, ""average_review_score"": 3.58, ""on_time_delivery_rate"": 75.00, ""seller_performance_score"": 40.07}"
13,"Seller Performance vs Revenue Contribution",1173,"{""seller"": ""7c1fea10b5b006671d608b1d7c446ec4"", ""sales_value"": 647.75, ""seller_category"": ""Needs Improvement"", ""delivered_orders"": 14, ""average_review_score"": 4.00, ""on_time_delivery_rate"": 92.86, ""seller_performance_score"": 39.84}"
13,"Seller Performance vs Revenue Contribution",1174,"{""seller"": ""5b581417df4480f632484ba681e53944"", ""sales_value"": 2214.01, ""seller_category"": ""Needs Improvement"", ""delivered_orders"": 11, ""average_review_score"": 3.73, ""on_time_delivery_rate"": 72.73, ""seller_performance_score"": 39.73}"
13,"Seller Performance vs Revenue Contribution",1175,"{""seller"": ""cb5df0dcb9e280b1780e9d589889f2c7"", ""sales_value"": 2068.80, ""seller_category"": ""Needs Improvement"", ""delivered_orders"": 11, ""average_review_score"": 3.40, ""on_time_delivery_rate"": 81.82, ""seller_performance_score"": 39.68}"
13,"Seller Performance vs Revenue Contribution",1176,"{""seller"": ""d4e4b5192cba4e0e66eb12a9d347239d"", ""sales_value"": 625.40, ""seller_category"": ""Needs Improvement"", ""delivered_orders"": 11, ""average_review_score"": 4.45, ""on_time_delivery_rate"": 100.00, ""seller_performance_score"": 39.67}"
13,"Seller Performance vs Revenue Contribution",1177,"{""seller"": ""2f4b0d3b9634b647d4edee577d7ebb7e"", ""sales_value"": 422.31, ""seller_category"": ""Needs Improvement"", ""delivered_orders"": 10, ""average_review_score"": 4.90, ""on_time_delivery_rate"": 100.00, ""seller_performance_score"": 39.63}"
13,"Seller Performance vs Revenue Contribution",1178,"{""seller"": ""f435898e493ba0356019a0b1cb8b55b1"", ""sales_value"": 880.68, ""seller_category"": ""Needs Improvement"", ""delivered_orders"": 10, ""average_review_score"": 4.40, ""on_time_delivery_rate"": 100.00, ""seller_performance_score"": 39.58}"
13,"Seller Performance vs Revenue Contribution",1179,"{""seller"": ""cd3d09fbe6e3e9ff0c0ac0c300e93ae7"", ""sales_value"": 880.23, ""seller_category"": ""Needs Improvement"", ""delivered_orders"": 12, ""average_review_score"": 4.17, ""on_time_delivery_rate"": 91.67, ""seller_performance_score"": 39.54}"
13,"Seller Performance vs Revenue Contribution",1180,"{""seller"": ""2953ce3a88f5e3c3b696d77fc9e4c8eb"", ""sales_value"": 631.32, ""seller_category"": ""Needs Improvement"", ""delivered_orders"": 14, ""average_review_score"": 4.64, ""on_time_delivery_rate"": 78.57, ""seller_performance_score"": 39.52}"
13,"Seller Performance vs Revenue Contribution",1181,"{""seller"": ""00720abe85ba0859807595bbf045a33b"", ""sales_value"": 1323.48, ""seller_category"": ""Needs Improvement"", ""delivered_orders"": 13, ""average_review_score"": 3.62, ""on_time_delivery_rate"": 84.62, ""seller_performance_score"": 39.46}"
13,"Seller Performance vs Revenue Contribution",1182,"{""seller"": ""5011f0d93373a4c5753adf58ca77af8d"", ""sales_value"": 1223.19, ""seller_category"": ""Needs Improvement"", ""delivered_orders"": 11, ""average_review_score"": 4.09, ""on_time_delivery_rate"": 90.91, ""seller_performance_score"": 39.39}"
13,"Seller Performance vs Revenue Contribution",1183,"{""seller"": ""f5f1f2c5f923f36ad79ea1d07185ddc9"", ""sales_value"": 1691.50, ""seller_category"": ""Needs Improvement"", ""delivered_orders"": 10, ""average_review_score"": 3.70, ""on_time_delivery_rate"": 90.00, ""seller_performance_score"": 39.31}"
13,"Seller Performance vs Revenue Contribution",1184,"{""seller"": ""5f7300535881cef3b625fd683cf7d145"", ""sales_value"": 836.83, ""seller_category"": ""Needs Improvement"", ""delivered_orders"": 10, ""average_review_score"": 4.40, ""on_time_delivery_rate"": 100.00, ""seller_performance_score"": 39.27}"
13,"Seller Performance vs Revenue Contribution",1185,"{""seller"": ""5f67c6082caacb26e431a7b17940cece"", ""sales_value"": 1871.03, ""seller_category"": ""Needs Improvement"", ""delivered_orders"": 13, ""average_review_score"": 3.54, ""on_time_delivery_rate"": 69.23, ""seller_performance_score"": 39.27}"
13,"Seller Performance vs Revenue Contribution",1186,"{""seller"": ""9d5604a1f112324ad6b2aa552122e0fb"", ""sales_value"": 761.98, ""seller_category"": ""Needs Improvement"", ""delivered_orders"": 13, ""average_review_score"": 3.54, ""on_time_delivery_rate"": 100.00, ""seller_performance_score"": 39.26}"
13,"Seller Performance vs Revenue Contribution",1187,"{""seller"": ""02dcd3e8e25bee036e32512bcf175493"", ""sales_value"": 1623.49, ""seller_category"": ""Needs Improvement"", ""delivered_orders"": 13, ""average_review_score"": 3.86, ""on_time_delivery_rate"": 69.23, ""seller_performance_score"": 39.22}"
13,"Seller Performance vs Revenue Contribution",1188,"{""seller"": ""a13580f0e8f782b7a543885a0ef99f08"", ""sales_value"": 1563.68, ""seller_category"": ""Needs Improvement"", ""delivered_orders"": 10, ""average_review_score"": 4.40, ""on_time_delivery_rate"": 80.00, ""seller_performance_score"": 39.20}"
13,"Seller Performance vs Revenue Contribution",1189,"{""seller"": ""ff4e2d38692ce827b1a4f4b8196e680d"", ""sales_value"": 669.18, ""seller_category"": ""Needs Improvement"", ""delivered_orders"": 11, ""average_review_score"": 4.27, ""on_time_delivery_rate"": 100.00, ""seller_performance_score"": 39.19}"
13,"Seller Performance vs Revenue Contribution",1190,"{""seller"": ""ed8cb7b190ceb6067227478e48cf8dde"", ""sales_value"": 816.21, ""seller_category"": ""Needs Improvement"", ""delivered_orders"": 15, ""average_review_score"": 3.40, ""on_time_delivery_rate"": 93.33, ""seller_performance_score"": 39.18}"
13,"Seller Performance vs Revenue Contribution",1191,"{""seller"": ""63ffcb71394dd8ea3872ed9ffda17c74"", ""sales_value"": 663.72, ""seller_category"": ""Needs Improvement"", ""delivered_orders"": 17, ""average_review_score"": 3.18, ""on_time_delivery_rate"": 94.12, ""seller_performance_score"": 39.13}"
13,"Seller Performance vs Revenue Contribution",1192,"{""seller"": ""f52c2422904463fdd7741f99045fecb6"", ""sales_value"": 744.80, ""seller_category"": ""Needs Improvement"", ""delivered_orders"": 12, ""average_review_score"": 4.25, ""on_time_delivery_rate"": 91.67, ""seller_performance_score"": 39.11}"
13,"Seller Performance vs Revenue Contribution",1193,"{""seller"": ""b2c97074649f92197d9387d9033dda5f"", ""sales_value"": 964.08, ""seller_category"": ""Needs Improvement"", ""delivered_orders"": 10, ""average_review_score"": 4.70, ""on_time_delivery_rate"": 90.00, ""seller_performance_score"": 39.06}"
13,"Seller Performance vs Revenue Contribution",1194,"{""seller"": ""bbaff50f3b708fda865918715276cd87"", ""sales_value"": 651.77, ""seller_category"": ""Needs Improvement"", ""delivered_orders"": 12, ""average_review_score"": 4.75, ""on_time_delivery_rate"": 83.33, ""seller_performance_score"": 38.96}"
13,"Seller Performance vs Revenue Contribution",1195,"{""seller"": ""b55638ad525e906c698fa2ce742c1742"", ""sales_value"": 1385.67, ""seller_category"": ""Needs Improvement"", ""delivered_orders"": 11, ""average_review_score"": 4.18, ""on_time_delivery_rate"": 81.82, ""seller_performance_score"": 38.93}"
13,"Seller Performance vs Revenue Contribution",1196,"{""seller"": ""bd1d49a326abfa9b1036772e40445430"", ""sales_value"": 826.20, ""seller_category"": ""Needs Improvement"", ""delivered_orders"": 12, ""average_review_score"": 4.08, ""on_time_delivery_rate"": 91.67, ""seller_performance_score"": 38.87}"
13,"Seller Performance vs Revenue Contribution",1197,"{""seller"": ""557f22c76691849db52d2abccf0015d0"", ""sales_value"": 1108.54, ""seller_category"": ""Needs Improvement"", ""delivered_orders"": 12, ""average_review_score"": 3.27, ""on_time_delivery_rate"": 100.00, ""seller_performance_score"": 38.68}"
13,"Seller Performance vs Revenue Contribution",1198,"{""seller"": ""c4fabeea6e569d42d02993bb1f4f1cbc"", ""sales_value"": 1136.52, ""seller_category"": ""Needs Improvement"", ""delivered_orders"": 11, ""average_review_score"": 4.00, ""on_time_delivery_rate"": 90.91, ""seller_performance_score"": 38.58}"
13,"Seller Performance vs Revenue Contribution",1199,"{""seller"": ""3fac58ce0ad699020c7944d53c41329c"", ""sales_value"": 1427.97, ""seller_category"": ""Needs Improvement"", ""delivered_orders"": 10, ""average_review_score"": 4.40, ""on_time_delivery_rate"": 80.00, ""seller_performance_score"": 38.44}"
13,"Seller Performance vs Revenue Contribution",1200,"{""seller"": ""89bc797e2e29667aa035d4368f9b7f92"", ""sales_value"": 630.44, ""seller_category"": ""Needs Improvement"", ""delivered_orders"": 16, ""average_review_score"": 3.88, ""on_time_delivery_rate"": 81.25, ""seller_performance_score"": 38.44}"
13,"Seller Performance vs Revenue Contribution",1201,"{""seller"": ""68f86ba270525243e68ae74044f992b9"", ""sales_value"": 964.20, ""seller_category"": ""Needs Improvement"", ""delivered_orders"": 10, ""average_review_score"": 4.50, ""on_time_delivery_rate"": 90.00, ""seller_performance_score"": 38.29}"
13,"Seller Performance vs Revenue Contribution",1202,"{""seller"": ""5a6a02f419701fc8c605af71d4fc57a4"", ""sales_value"": 714.41, ""seller_category"": ""Needs Improvement"", ""delivered_orders"": 10, ""average_review_score"": 4.80, ""on_time_delivery_rate"": 90.00, ""seller_performance_score"": 38.25}"
13,"Seller Performance vs Revenue Contribution",1203,"{""seller"": ""014d9a685fd57276679edd00e07089e5"", ""sales_value"": 876.81, ""seller_category"": ""Needs Improvement"", ""delivered_orders"": 11, ""average_review_score"": 3.73, ""on_time_delivery_rate"": 100.00, ""seller_performance_score"": 38.09}"
13,"Seller Performance vs Revenue Contribution",1204,"{""seller"": ""be8e909810184b9b19e886129149d8e5"", ""sales_value"": 846.08, ""seller_category"": ""Needs Improvement"", ""delivered_orders"": 15, ""average_review_score"": 3.73, ""on_time_delivery_rate"": 80.00, ""seller_performance_score"": 38.07}"
13,"Seller Performance vs Revenue Contribution",1205,"{""seller"": ""ad273c9eb54ecb4532de4bf75bae9e4e"", ""sales_value"": 829.75, ""seller_category"": ""Needs Improvement"", ""delivered_orders"": 10, ""average_review_score"": 4.10, ""on_time_delivery_rate"": 100.00, ""seller_performance_score"": 38.04}"
13,"Seller Performance vs Revenue Contribution",1206,"{""seller"": ""5ef131ac72773e5b3f6c0d63cf424657"", ""sales_value"": 821.99, ""seller_category"": ""Needs Improvement"", ""delivered_orders"": 10, ""average_review_score"": 4.10, ""on_time_delivery_rate"": 100.00, ""seller_performance_score"": 37.98}"
13,"Seller Performance vs Revenue Contribution",1207,"{""seller"": ""a8739afb32aaa45e01815ca76f76f54b"", ""sales_value"": 563.56, ""seller_category"": ""Needs Improvement"", ""delivered_orders"": 13, ""average_review_score"": 3.77, ""on_time_delivery_rate"": 92.31, ""seller_performance_score"": 37.74}"
13,"Seller Performance vs Revenue Contribution",1208,"{""seller"": ""26af45f5dfd967225a832838aa4e24a3"", ""sales_value"": 771.61, ""seller_category"": ""Needs Improvement"", ""delivered_orders"": 10, ""average_review_score"": 4.10, ""on_time_delivery_rate"": 100.00, ""seller_performance_score"": 37.70}"
13,"Seller Performance vs Revenue Contribution",1209,"{""seller"": ""1d503743d2526f03f0c2c89540ee008c"", ""sales_value"": 720.53, ""seller_category"": ""Needs Improvement"", ""delivered_orders"": 12, ""average_review_score"": 3.92, ""on_time_delivery_rate"": 91.67, ""seller_performance_score"": 37.66}"
13,"Seller Performance vs Revenue Contribution",1210,"{""seller"": ""236585a4ddb5fea9fa40233e2249ed91"", ""sales_value"": 837.67, ""seller_category"": ""Needs Improvement"", ""delivered_orders"": 11, ""average_review_score"": 4.09, ""on_time_delivery_rate"": 90.91, ""seller_performance_score"": 37.52}"
13,"Seller Performance vs Revenue Contribution",1211,"{""seller"": ""9dd59e43f0c9f0553244e8f9c2fb247e"", ""sales_value"": 508.12, ""seller_category"": ""Needs Improvement"", ""delivered_orders"": 10, ""average_review_score"": 4.80, ""on_time_delivery_rate"": 90.00, ""seller_performance_score"": 37.40}"
13,"Seller Performance vs Revenue Contribution",1212,"{""seller"": ""cb6c9f5888a7a090c75beaf615925792"", ""sales_value"": 1008.97, ""seller_category"": ""Needs Improvement"", ""delivered_orders"": 11, ""average_review_score"": 3.82, ""on_time_delivery_rate"": 90.91, ""seller_performance_score"": 37.31}"
13,"Seller Performance vs Revenue Contribution",1213,"{""seller"": ""b16d3dadc47d4eb18be3d88bad0775ce"", ""sales_value"": 900.54, ""seller_category"": ""Needs Improvement"", ""delivered_orders"": 10, ""average_review_score"": 4.30, ""on_time_delivery_rate"": 90.00, ""seller_performance_score"": 37.24}"
13,"Seller Performance vs Revenue Contribution",1214,"{""seller"": ""7c4618c82226628831613e95e9c22f44"", ""sales_value"": 499.47, ""seller_category"": ""Needs Improvement"", ""delivered_orders"": 13, ""average_review_score"": 4.08, ""on_time_delivery_rate"": 84.62, ""seller_performance_score"": 37.23}"
13,"Seller Performance vs Revenue Contribution",1215,"{""seller"": ""b127efdabeffb5d559349c7b172eb75d"", ""sales_value"": 421.27, ""seller_category"": ""Needs Improvement"", ""delivered_orders"": 10, ""average_review_score"": 4.80, ""on_time_delivery_rate"": 90.00, ""seller_performance_score"": 37.20}"
13,"Seller Performance vs Revenue Contribution",1216,"{""seller"": ""08d0949a9a17c027262db1f3c450c26c"", ""sales_value"": 557.84, ""seller_category"": ""Needs Improvement"", ""delivered_orders"": 12, ""average_review_score"": 3.54, ""on_time_delivery_rate"": 100.00, ""seller_performance_score"": 37.02}"
13,"Seller Performance vs Revenue Contribution",1217,"{""seller"": ""cb9fb4ca75d7ba8437480e8dde64fe98"", ""sales_value"": 705.56, ""seller_category"": ""Needs Improvement"", ""delivered_orders"": 10, ""average_review_score"": 4.00, ""on_time_delivery_rate"": 100.00, ""seller_performance_score"": 37.02}"
13,"Seller Performance vs Revenue Contribution",1218,"{""seller"": ""4be6b962d83299498bae2190f95d6566"", ""sales_value"": 691.09, ""seller_category"": ""Needs Improvement"", ""delivered_orders"": 11, ""average_review_score"": 4.10, ""on_time_delivery_rate"": 90.91, ""seller_performance_score"": 36.74}"
13,"Seller Performance vs Revenue Contribution",1219,"{""seller"": ""7b7f91e98f8c6def45a1407923304402"", ""sales_value"": 620.49, ""seller_category"": ""Needs Improvement"", ""delivered_orders"": 11, ""average_review_score"": 4.18, ""on_time_delivery_rate"": 90.91, ""seller_performance_score"": 36.73}"
13,"Seller Performance vs Revenue Contribution",1220,"{""seller"": ""0747d5bb69f0586cc869d8af4c50f93e"", ""sales_value"": 504.24, ""seller_category"": ""Needs Improvement"", ""delivered_orders"": 12, ""average_review_score"": 3.75, ""on_time_delivery_rate"": 91.67, ""seller_performance_score"": 36.09}"
13,"Seller Performance vs Revenue Contribution",1221,"{""seller"": ""acb6c2ca5c82411c1fdb88d5fd5eb95e"", ""sales_value"": 575.49, ""seller_category"": ""Needs Improvement"", ""delivered_orders"": 10, ""average_review_score"": 3.90, ""on_time_delivery_rate"": 100.00, ""seller_performance_score"": 36.02}"
13,"Seller Performance vs Revenue Contribution",1222,"{""seller"": ""e64d65bc8dbec2accda90c58de5d1246"", ""sales_value"": 1899.96, ""seller_category"": ""Needs Improvement"", ""delivered_orders"": 12, ""average_review_score"": 3.08, ""on_time_delivery_rate"": 66.67, ""seller_performance_score"": 35.92}"
13,"Seller Performance vs Revenue Contribution",1223,"{""seller"": ""bd15ee794d5e640d9dd71b665b2ab15b"", ""sales_value"": 594.13, ""seller_category"": ""Needs Improvement"", ""delivered_orders"": 12, ""average_review_score"": 4.00, ""on_time_delivery_rate"": 83.33, ""seller_performance_score"": 35.73}"
13,"Seller Performance vs Revenue Contribution",1224,"{""seller"": ""f8201cab383e484733266d1906e2fdfa"", ""sales_value"": 1144.83, ""seller_category"": ""Needs Improvement"", ""delivered_orders"": 10, ""average_review_score"": 4.10, ""on_time_delivery_rate"": 80.00, ""seller_performance_score"": 35.60}"
13,"Seller Performance vs Revenue Contribution",1225,"{""seller"": ""39c763cca83e654764b7a4a650fb9b7c"", ""sales_value"": 984.21, ""seller_category"": ""Needs Improvement"", ""delivered_orders"": 11, ""average_review_score"": 3.82, ""on_time_delivery_rate"": 81.82, ""seller_performance_score"": 35.32}"
13,"Seller Performance vs Revenue Contribution",1226,"{""seller"": ""59cd88080b93f3c18508673122d26169"", ""sales_value"": 567.71, ""seller_category"": ""Needs Improvement"", ""delivered_orders"": 10, ""average_review_score"": 4.70, ""on_time_delivery_rate"": 80.00, ""seller_performance_score"": 35.20}"
13,"Seller Performance vs Revenue Contribution",1227,"{""seller"": ""0249d282d911d23cb8b869ab49c99f53"", ""sales_value"": 531.88, ""seller_category"": ""Needs Improvement"", ""delivered_orders"": 11, ""average_review_score"": 4.27, ""on_time_delivery_rate"": 81.82, ""seller_performance_score"": 34.96}"
13,"Seller Performance vs Revenue Contribution",1228,"{""seller"": ""ecccfa2bb93b34a3bf033cc5d1dcdc69"", ""sales_value"": 1333.32, ""seller_category"": ""Needs Improvement"", ""delivered_orders"": 12, ""average_review_score"": 2.83, ""on_time_delivery_rate"": 83.33, ""seller_performance_score"": 34.92}"
13,"Seller Performance vs Revenue Contribution",1229,"{""seller"": ""851773c885feb5e2da3b4f82bc2b17ce"", ""sales_value"": 837.13, ""seller_category"": ""Needs Improvement"", ""delivered_orders"": 10, ""average_review_score"": 4.20, ""on_time_delivery_rate"": 80.00, ""seller_performance_score"": 34.50}"
13,"Seller Performance vs Revenue Contribution",1230,"{""seller"": ""26e2c91ef821e1ff8985f408788fe35b"", ""sales_value"": 1923.87, ""seller_category"": ""Needs Improvement"", ""delivered_orders"": 12, ""average_review_score"": 3.00, ""on_time_delivery_rate"": 58.33, ""seller_performance_score"": 34.06}"
13,"Seller Performance vs Revenue Contribution",1231,"{""seller"": ""c37b2059d4f90d4feead554e5246565e"", ""sales_value"": 1061.28, ""seller_category"": ""Needs Improvement"", ""delivered_orders"": 12, ""average_review_score"": 3.33, ""on_time_delivery_rate"": 75.00, ""seller_performance_score"": 33.75}"
13,"Seller Performance vs Revenue Contribution",1232,"{""seller"": ""e504a4e2efaa45cbff7e268a2c58c956"", ""sales_value"": 1329.70, ""seller_category"": ""Needs Improvement"", ""delivered_orders"": 10, ""average_review_score"": 3.80, ""on_time_delivery_rate"": 70.00, ""seller_performance_score"": 33.47}"
13,"Seller Performance vs Revenue Contribution",1233,"{""seller"": ""d7485b33791774c36108f8c69602d48d"", ""sales_value"": 619.14, ""seller_category"": ""Needs Improvement"", ""delivered_orders"": 10, ""average_review_score"": 3.70, ""on_time_delivery_rate"": 90.00, ""seller_performance_score"": 33.34}"
13,"Seller Performance vs Revenue Contribution",1234,"{""seller"": ""c6a7539d424a8402232c2228d7a03c5e"", ""sales_value"": 1001.32, ""seller_category"": ""Needs Improvement"", ""delivered_orders"": 10, ""average_review_score"": 3.10, ""on_time_delivery_rate"": 90.00, ""seller_performance_score"": 32.97}"
13,"Seller Performance vs Revenue Contribution",1235,"{""seller"": ""9d39404483343dd55c7ae254494d8388"", ""sales_value"": 434.28, ""seller_category"": ""Needs Improvement"", ""delivered_orders"": 10, ""average_review_score"": 3.50, ""on_time_delivery_rate"": 90.00, ""seller_performance_score"": 32.06}"
13,"Seller Performance vs Revenue Contribution",1236,"{""seller"": ""615005a3ef192c00c6f0e977cee3d2bc"", ""sales_value"": 442.14, ""seller_category"": ""Needs Improvement"", ""delivered_orders"": 10, ""average_review_score"": 3.80, ""on_time_delivery_rate"": 80.00, ""seller_performance_score"": 31.28}"
13,"Seller Performance vs Revenue Contribution",1237,"{""seller"": ""d9e7e7778b32987280a6f2cb9a39c57d"", ""sales_value"": 986.39, ""seller_category"": ""Needs Improvement"", ""delivered_orders"": 11, ""average_review_score"": 3.55, ""on_time_delivery_rate"": 63.64, ""seller_performance_score"": 30.68}"
13,"Seller Performance vs Revenue Contribution",1238,"{""seller"": ""2aa3443d7bf9d9bb11133f420d75e083"", ""sales_value"": 781.12, ""seller_category"": ""Needs Improvement"", ""delivered_orders"": 10, ""average_review_score"": 3.00, ""on_time_delivery_rate"": 80.00, ""seller_performance_score"": 29.36}"
14,"Seller Risk",1,"{""seller"": ""04308b1ee57b6625f47df1d56f00eedf"", ""sales_value"": 61940.62, ""delivered_orders"": 92, ""seller_risk_level"": ""High Risk"", ""average_review_score"": 3.9456521739130435, ""on_time_delivery_rate"": 88.04}"
14,"Seller Risk",2,"{""seller"": ""8160255418d5aaa7dbdc9f4c64ebda44"", ""sales_value"": 54095.68, ""delivered_orders"": 380, ""seller_risk_level"": ""High Risk"", ""average_review_score"": 3.9630606860158311, ""on_time_delivery_rate"": 83.42}"
14,"Seller Risk",3,"{""seller"": ""712e6ed8aa4aa1fa65dab41fed5737e4"", ""sales_value"": 46149.82, ""delivered_orders"": 77, ""seller_risk_level"": ""High Risk"", ""average_review_score"": 3.4025974025974026, ""on_time_delivery_rate"": 77.92}"
14,"Seller Risk",4,"{""seller"": ""2eb70248d66e0e3ef83659f71b244378"", ""sales_value"": 42046.73, ""delivered_orders"": 187, ""seller_risk_level"": ""High Risk"", ""average_review_score"": 2.7891891891891892, ""on_time_delivery_rate"": 86.10}"
14,"Seller Risk",5,"{""seller"": ""1835b56ce799e6a4dc4eddc053f04066"", ""sales_value"": 41628.28, ""delivered_orders"": 417, ""seller_risk_level"": ""High Risk"", ""average_review_score"": 3.6658653846153846, ""on_time_delivery_rate"": 88.25}"
14,"Seller Risk",6,"{""seller"": ""855668e0971d4dfd7bef1b6a4133b41b"", ""sales_value"": 38408.56, ""delivered_orders"": 300, ""seller_risk_level"": ""High Risk"", ""average_review_score"": 3.8624161073825503, ""on_time_delivery_rate"": 86.00}"
14,"Seller Risk",7,"{""seller"": ""88460e8ebdecbfecb5f9601833981930"", ""sales_value"": 36258.59, ""delivered_orders"": 246, ""seller_risk_level"": ""High Risk"", ""average_review_score"": 3.4501992031872510, ""on_time_delivery_rate"": 80.49}"
14,"Seller Risk",8,"{""seller"": ""59b22a78efb79a4797979612b885db36"", ""sales_value"": 32082.07, ""delivered_orders"": 125, ""seller_risk_level"": ""High Risk"", ""average_review_score"": 3.9838709677419355, ""on_time_delivery_rate"": 87.20}"
14,"Seller Risk",9,"{""seller"": ""897060da8b9a21f655304d50fd935913"", ""sales_value"": 28258.33, ""delivered_orders"": 304, ""seller_risk_level"": ""High Risk"", ""average_review_score"": 3.7105263157894737, ""on_time_delivery_rate"": 88.16}"
14,"Seller Risk",10,"{""seller"": ""7ad32824caee82087b3e2e5f33b1bf32"", ""sales_value"": 25495.80, ""delivered_orders"": 147, ""seller_risk_level"": ""High Risk"", ""average_review_score"": 3.8611111111111111, ""on_time_delivery_rate"": 85.71}"
14,"Seller Risk",11,"{""seller"": ""8e6d7754bc7e0f22c96d255ebda59eba"", ""sales_value"": 15793.35, ""delivered_orders"": 84, ""seller_risk_level"": ""High Risk"", ""average_review_score"": 3.6436781609195402, ""on_time_delivery_rate"": 83.33}"
14,"Seller Risk",12,"{""seller"": ""c31eff8334d6b3047ed34bebd4d62c36"", ""sales_value"": 15350.85, ""delivered_orders"": 120, ""seller_risk_level"": ""High Risk"", ""average_review_score"": 3.8739495798319328, ""on_time_delivery_rate"": 85.83}"
14,"Seller Risk",13,"{""seller"": ""440dd6ab244315c632130ecfb63827b1"", ""sales_value"": 15135.68, ""delivered_orders"": 91, ""seller_risk_level"": ""High Risk"", ""average_review_score"": 3.8901098901098901, ""on_time_delivery_rate"": 86.81}"
14,"Seller Risk",14,"{""seller"": ""431af27f296bc6519d890aa5a05fdb11"", ""sales_value"": 15103.05, ""delivered_orders"": 116, ""seller_risk_level"": ""High Risk"", ""average_review_score"": 3.8103448275862069, ""on_time_delivery_rate"": 84.48}"
14,"Seller Risk",15,"{""seller"": ""1ca7077d890b907f89be8c954a02686a"", ""sales_value"": 13996.65, ""delivered_orders"": 108, ""seller_risk_level"": ""High Risk"", ""average_review_score"": 2.3925233644859813, ""on_time_delivery_rate"": 77.78}"
14,"Seller Risk",16,"{""seller"": ""54965bbe3e4f07ae045b90b0b8541f52"", ""sales_value"": 12427.96, ""delivered_orders"": 73, ""seller_risk_level"": ""High Risk"", ""average_review_score"": 3.1449275362318841, ""on_time_delivery_rate"": 69.86}"
14,"Seller Risk",17,"{""seller"": ""dd7ddc04e1b6c2c614352b383efe2d36"", ""sales_value"": 12025.18, ""delivered_orders"": 121, ""seller_risk_level"": ""High Risk"", ""average_review_score"": 3.8750000000000000, ""on_time_delivery_rate"": 84.30}"
14,"Seller Risk",18,"{""seller"": ""6973a06f484aacf400ece213dbf3d946"", ""sales_value"": 11706.59, ""delivered_orders"": 89, ""seller_risk_level"": ""High Risk"", ""average_review_score"": 3.7444444444444444, ""on_time_delivery_rate"": 83.15}"
14,"Seller Risk",19,"{""seller"": ""4869f7a5dfa277a7dca6462dcf3b52b2"", ""sales_value"": 247007.06, ""delivered_orders"": 1124, ""seller_risk_level"": ""Moderate Risk"", ""average_review_score"": 4.1505376344086022, ""on_time_delivery_rate"": 88.43}"
14,"Seller Risk",20,"{""seller"": ""7c67e1448b00f6e969d365cea6b010ab"", ""sales_value"": 237806.69, ""delivered_orders"": 973, ""seller_risk_level"": ""Moderate Risk"", ""average_review_score"": 3.4984583761562179, ""on_time_delivery_rate"": 89.93}"
14,"Seller Risk",21,"{""seller"": ""4a3ca9315b744ce9f8e9374361493884"", ""sales_value"": 231220.43, ""delivered_orders"": 1772, ""seller_risk_level"": ""Moderate Risk"", ""average_review_score"": 3.8530243075183720, ""on_time_delivery_rate"": 89.00}"
14,"Seller Risk",22,"{""seller"": ""6560211a19b47992c3666cc44a7e94c0"", ""sales_value"": 148050.94, ""delivered_orders"": 1819, ""seller_risk_level"": ""Moderate Risk"", ""average_review_score"": 3.9806736609607951, ""on_time_delivery_rate"": 93.57}"
14,"Seller Risk",23,"{""seller"": ""7d13fca15225358621be4086e1eb0964"", ""sales_value"": 120934.47, ""delivered_orders"": 558, ""seller_risk_level"": ""Moderate Risk"", ""average_review_score"": 4.0414414414414414, ""on_time_delivery_rate"": 87.81}"
14,"Seller Risk",24,"{""seller"": ""cca3071e3e9bb7d12640c9fbe2301306"", ""sales_value"": 77188.55, ""delivered_orders"": 699, ""seller_risk_level"": ""Moderate Risk"", ""average_review_score"": 3.8849431818181818, ""on_time_delivery_rate"": 94.13}"
14,"Seller Risk",25,"{""seller"": ""f7ba60f8c3f99e7ee4042fdef03b70c4"", ""sales_value"": 72387.94, ""delivered_orders"": 218, ""seller_risk_level"": ""Moderate Risk"", ""average_review_score"": 4.2272727272727273, ""on_time_delivery_rate"": 84.40}"
14,"Seller Risk",26,"{""seller"": ""522620dcb18a6b31cd7bdf73665113a9"", ""sales_value"": 61273.66, ""delivered_orders"": 172, ""seller_risk_level"": ""Moderate Risk"", ""average_review_score"": 3.9053254437869822, ""on_time_delivery_rate"": 89.53}"
14,"Seller Risk",27,"{""seller"": ""25c5c91f63607446a97b143d2d535d31"", ""sales_value"": 61154.70, ""delivered_orders"": 156, ""seller_risk_level"": ""Moderate Risk"", ""average_review_score"": 3.8101265822784810, ""on_time_delivery_rate"": 92.95}"
14,"Seller Risk",28,"{""seller"": ""77530e9772f57a62c906e1c21538ab82"", ""sales_value"": 53951.31, ""delivered_orders"": 312, ""seller_risk_level"": ""Moderate Risk"", ""average_review_score"": 4.1523809523809524, ""on_time_delivery_rate"": 88.46}"
14,"Seller Risk",29,"{""seller"": ""4e922959ae960d389249c378d1c939f5"", ""sales_value"": 52485.60, ""delivered_orders"": 412, ""seller_risk_level"": ""Moderate Risk"", ""average_review_score"": 3.9632352941176471, ""on_time_delivery_rate"": 89.32}"
14,"Seller Risk",30,"{""seller"": ""06a2c3af7b3aee5d69171b0e14f0ee87"", ""sales_value"": 48169.50, ""delivered_orders"": 389, ""seller_risk_level"": ""Moderate Risk"", ""average_review_score"": 4.0155440414507772, ""on_time_delivery_rate"": 76.86}"
14,"Seller Risk",31,"{""seller"": ""b33e7c55446eabf8fe1a42d037ac7d6d"", ""sales_value"": 46871.55, ""delivered_orders"": 149, ""seller_risk_level"": ""Moderate Risk"", ""average_review_score"": 4.2013422818791946, ""on_time_delivery_rate"": 87.25}"
14,"Seller Risk",32,"{""seller"": ""c3867b4666c7d76867627c2f7fb22e21"", ""sales_value"": 39360.20, ""delivered_orders"": 228, ""seller_risk_level"": ""Moderate Risk"", ""average_review_score"": 4.0877192982456140, ""on_time_delivery_rate"": 88.16}"
14,"Seller Risk",33,"{""seller"": ""2528513dd95219a6013d4d05176e391a"", ""sales_value"": 36400.97, ""delivered_orders"": 160, ""seller_risk_level"": ""Moderate Risk"", ""average_review_score"": 3.9681528662420382, ""on_time_delivery_rate"": 95.00}"
14,"Seller Risk",34,"{""seller"": ""70a12e78e608ac31179aea7f8422044b"", ""sales_value"": 35487.25, ""delivered_orders"": 312, ""seller_risk_level"": ""Moderate Risk"", ""average_review_score"": 3.8129032258064516, ""on_time_delivery_rate"": 89.10}"
14,"Seller Risk",35,"{""seller"": ""7681ef142fd2c19048da7430856b5588"", ""sales_value"": 34074.67, ""delivered_orders"": 58, ""seller_risk_level"": ""Moderate Risk"", ""average_review_score"": 4.2413793103448276, ""on_time_delivery_rate"": 86.21}"
14,"Seller Risk",36,"{""seller"": ""1900267e848ceeba8fa32d80c1a5f5a8"", ""sales_value"": 32679.54, ""delivered_orders"": 406, ""seller_risk_level"": ""Moderate Risk"", ""average_review_score"": 3.8656716417910448, ""on_time_delivery_rate"": 89.66}"
14,"Seller Risk",37,"{""seller"": ""d1c281d3ae149232351cd8c8cc885f0d"", ""sales_value"": 32213.68, ""delivered_orders"": 214, ""seller_risk_level"": ""Moderate Risk"", ""average_review_score"": 3.8211009174311927, ""on_time_delivery_rate"": 91.12}"
14,"Seller Risk",38,"{""seller"": ""900ba814c251a692506d7834c1218441"", ""sales_value"": 31167.46, ""delivered_orders"": 86, ""seller_risk_level"": ""Moderate Risk"", ""average_review_score"": 4.2261904761904762, ""on_time_delivery_rate"": 86.05}"
14,"Seller Risk",39,"{""seller"": ""d2374cbcbb3ca4ab1086534108cc3ab7"", ""sales_value"": 30370.23, ""delivered_orders"": 514, ""seller_risk_level"": ""Moderate Risk"", ""average_review_score"": 3.7667304015296367, ""on_time_delivery_rate"": 94.16}"
14,"Seller Risk",40,"{""seller"": ""7e1fb0a3ebfb01ffb3a7dae98bf3238d"", ""sales_value"": 29052.62, ""delivered_orders"": 155, ""seller_risk_level"": ""Moderate Risk"", ""average_review_score"": 4.1895424836601307, ""on_time_delivery_rate"": 87.10}"
14,"Seller Risk",41,"{""seller"": ""dc4a0fc896dc34b0d5bfec8438291c80"", ""sales_value"": 28148.06, ""delivered_orders"": 225, ""seller_risk_level"": ""Moderate Risk"", ""average_review_score"": 3.8017241379310345, ""on_time_delivery_rate"": 93.33}"
14,"Seller Risk",42,"{""seller"": ""a416b6a846a11724393025641d4edd5e"", ""sales_value"": 27865.80, ""delivered_orders"": 157, ""seller_risk_level"": ""Moderate Risk"", ""average_review_score"": 4.2165605095541401, ""on_time_delivery_rate"": 87.26}"
14,"Seller Risk",43,"{""seller"": ""1c68394e931a64f90ea236c5ea590300"", ""sales_value"": 27729.16, ""delivered_orders"": 142, ""seller_risk_level"": ""Moderate Risk"", ""average_review_score"": 3.9189189189189189, ""on_time_delivery_rate"": 96.48}"
14,"Seller Risk",44,"{""seller"": ""f62d7bb4a613ec758a03342d46b580b2"", ""sales_value"": 26790.59, ""delivered_orders"": 32, ""seller_risk_level"": ""Moderate Risk"", ""average_review_score"": 4.3750000000000000, ""on_time_delivery_rate"": 87.50}"
14,"Seller Risk",45,"{""seller"": ""710e3548e02bc1d2831dfc4f1b5b14d4"", ""sales_value"": 26111.91, ""delivered_orders"": 131, ""seller_risk_level"": ""Moderate Risk"", ""average_review_score"": 3.4307692307692308, ""on_time_delivery_rate"": 95.42}"
14,"Seller Risk",46,"{""seller"": ""f45122a9ab94eb4f3f8953578bc0c560"", ""sales_value"": 25043.87, ""delivered_orders"": 184, ""seller_risk_level"": ""Moderate Risk"", ""average_review_score"": 3.9728260869565217, ""on_time_delivery_rate"": 92.39}"
14,"Seller Risk",47,"{""seller"": ""8f2ce03f928b567e3d56181ae20ae952"", ""sales_value"": 24969.80, ""delivered_orders"": 151, ""seller_risk_level"": ""Moderate Risk"", ""average_review_score"": 4.1466666666666667, ""on_time_delivery_rate"": 84.77}"
14,"Seller Risk",48,"{""seller"": ""729f06993dac8e860d4f02d7088ca48a"", ""sales_value"": 24798.27, ""delivered_orders"": 94, ""seller_risk_level"": ""Moderate Risk"", ""average_review_score"": 4.2150537634408602, ""on_time_delivery_rate"": 88.30}"
14,"Seller Risk",49,"{""seller"": ""40db9e9aa57f7bb151bcda6b0f9bdbb7"", ""sales_value"": 23823.99, ""delivered_orders"": 12, ""seller_risk_level"": ""Moderate Risk"", ""average_review_score"": 2.3636363636363636, ""on_time_delivery_rate"": 91.67}"
14,"Seller Risk",50,"{""seller"": ""06e5eefc71ec47ae763c5c6f8db7064f"", ""sales_value"": 23800.32, ""delivered_orders"": 90, ""seller_risk_level"": ""Moderate Risk"", ""average_review_score"": 3.9772727272727273, ""on_time_delivery_rate"": 97.78}"
14,"Seller Risk",51,"{""seller"": ""0dd184061fb0eaa7ca37932c68ab91c5"", ""sales_value"": 23766.42, ""delivered_orders"": 161, ""seller_risk_level"": ""Moderate Risk"", ""average_review_score"": 4.0312500000000000, ""on_time_delivery_rate"": 88.20}"
14,"Seller Risk",52,"{""seller"": ""ff69aa92bb6b1bf9b8b7a51c2ed9cf8b"", ""sales_value"": 23695.20, ""delivered_orders"": 20, ""seller_risk_level"": ""Moderate Risk"", ""average_review_score"": 3.6500000000000000, ""on_time_delivery_rate"": 75.00}"
14,"Seller Risk",53,"{""seller"": ""8444e55c1f13cd5c179851e5ca5ebd00"", ""sales_value"": 23445.67, ""delivered_orders"": 92, ""seller_risk_level"": ""Moderate Risk"", ""average_review_score"": 3.3695652173913043, ""on_time_delivery_rate"": 93.48}"
14,"Seller Risk",54,"{""seller"": ""f457c46070d02cadd8a68551231220dd"", ""sales_value"": 22449.01, ""delivered_orders"": 195, ""seller_risk_level"": ""Moderate Risk"", ""average_review_score"": 3.8855721393034826, ""on_time_delivery_rate"": 93.85}"
14,"Seller Risk",55,"{""seller"": ""48162d548f5b1b11b9d29d1e01f75a61"", ""sales_value"": 22151.83, ""delivered_orders"": 66, ""seller_risk_level"": ""Moderate Risk"", ""average_review_score"": 3.9848484848484848, ""on_time_delivery_rate"": 96.97}"
14,"Seller Risk",56,"{""seller"": ""b1b3948701c5c72445495bd161b83a4c"", ""sales_value"": 21924.25, ""delivered_orders"": 14, ""seller_risk_level"": ""Moderate Risk"", ""average_review_score"": 1.9285714285714286, ""on_time_delivery_rate"": 35.71}"
14,"Seller Risk",57,"{""seller"": ""44073f8b7e41514de3b7815dd0237f4f"", ""sales_value"": 21519.49, ""delivered_orders"": 142, ""seller_risk_level"": ""Moderate Risk"", ""average_review_score"": 3.7446808510638298, ""on_time_delivery_rate"": 96.48}"
14,"Seller Risk",58,"{""seller"": ""7aa4334be125fcdd2ba64b3180029f14"", ""sales_value"": 20330.52, ""delivered_orders"": 214, ""seller_risk_level"": ""Moderate Risk"", ""average_review_score"": 4.1314553990610329, ""on_time_delivery_rate"": 86.45}"
14,"Seller Risk",59,"{""seller"": ""cd68562d3f44870c08922d380acae552"", ""sales_value"": 20279.86, ""delivered_orders"": 122, ""seller_risk_level"": ""Moderate Risk"", ""average_review_score"": 4.0165289256198347, ""on_time_delivery_rate"": 81.97}"
14,"Seller Risk",60,"{""seller"": ""c33847515fa6305ce6feb1e818569f13"", ""sales_value"": 19894.26, ""delivered_orders"": 114, ""seller_risk_level"": ""Moderate Risk"", ""average_review_score"": 3.8508771929824561, ""on_time_delivery_rate"": 95.61}"
14,"Seller Risk",61,"{""seller"": ""821fb029fc6e495ca4f08a35d51e53a5"", ""sales_value"": 19217.17, ""delivered_orders"": 24, ""seller_risk_level"": ""Moderate Risk"", ""average_review_score"": 3.4782608695652174, ""on_time_delivery_rate"": 62.50}"
14,"Seller Risk",62,"{""seller"": ""165fc07beebdcb6190fba8a06db2a449"", ""sales_value"": 19081.43, ""delivered_orders"": 50, ""seller_risk_level"": ""Moderate Risk"", ""average_review_score"": 3.8000000000000000, ""on_time_delivery_rate"": 88.00}"
14,"Seller Risk",63,"{""seller"": ""4c2b230173bb36f9b240f2b8ac11786e"", ""sales_value"": 18828.71, ""delivered_orders"": 258, ""seller_risk_level"": ""Moderate Risk"", ""average_review_score"": 3.9803921568627451, ""on_time_delivery_rate"": 89.92}"
14,"Seller Risk",64,"{""seller"": ""a888faf2d1baececa6baf9c3d603ee1f"", ""sales_value"": 18672.75, ""delivered_orders"": 53, ""seller_risk_level"": ""Moderate Risk"", ""average_review_score"": 4.0943396226415094, ""on_time_delivery_rate"": 84.91}"
14,"Seller Risk",65,"{""seller"": ""213b25e6f54661939f11710a6fddb871"", ""sales_value"": 18486.96, ""delivered_orders"": 152, ""seller_risk_level"": ""Moderate Risk"", ""average_review_score"": 3.8223684210526316, ""on_time_delivery_rate"": 91.45}"
14,"Seller Risk",66,"{""seller"": ""2138ccb85b11a4ec1e37afbd1c8eda1f"", ""sales_value"": 17991.89, ""delivered_orders"": 388, ""seller_risk_level"": ""Moderate Risk"", ""average_review_score"": 3.9587628865979381, ""on_time_delivery_rate"": 94.59}"
14,"Seller Risk",67,"{""seller"": ""abe42c5d03695b4257b5c6cbf4e6784e"", ""sales_value"": 17947.55, ""delivered_orders"": 49, ""seller_risk_level"": ""Moderate Risk"", ""average_review_score"": 3.9583333333333333, ""on_time_delivery_rate"": 83.67}"
14,"Seller Risk",68,"{""seller"": ""229c3efbfb0ea2058de4ccdfbc3d784a"", ""sales_value"": 17779.71, ""delivered_orders"": 118, ""seller_risk_level"": ""Moderate Risk"", ""average_review_score"": 3.6239316239316239, ""on_time_delivery_rate"": 98.31}"
14,"Seller Risk",69,"{""seller"": ""4a3ccda38b2129705f3fb522db62ca31"", ""sales_value"": 17508.81, ""delivered_orders"": 64, ""seller_risk_level"": ""Moderate Risk"", ""average_review_score"": 3.9384615384615385, ""on_time_delivery_rate"": 90.63}"
14,"Seller Risk",70,"{""seller"": ""e5a38146df062edaf55c38afa99e42dc"", ""sales_value"": 17156.43, ""delivered_orders"": 120, ""seller_risk_level"": ""Moderate Risk"", ""average_review_score"": 3.9917355371900826, ""on_time_delivery_rate"": 90.83}"
14,"Seller Risk",71,"{""seller"": ""2e90cb1677d35cfe24eef47d441b7c87"", ""sales_value"": 16782.16, ""delivered_orders"": 127, ""seller_risk_level"": ""Moderate Risk"", ""average_review_score"": 4.1181102362204724, ""on_time_delivery_rate"": 86.61}"
14,"Seller Risk",72,"{""seller"": ""6d66611d7c44cc30ce351abc49a68421"", ""sales_value"": 16645.26, ""delivered_orders"": 164, ""seller_risk_level"": ""Moderate Risk"", ""average_review_score"": 3.9691358024691358, ""on_time_delivery_rate"": 93.90}"
14,"Seller Risk",73,"{""seller"": ""1f1bb1f0859883505541bdd6606193e5"", ""sales_value"": 16562.87, ""delivered_orders"": 27, ""seller_risk_level"": ""Moderate Risk"", ""average_review_score"": 4.3333333333333333, ""on_time_delivery_rate"": 88.89}"
14,"Seller Risk",74,"{""seller"": ""a3e9a2c700480d9bb01fba070ba80a0e"", ""sales_value"": 16240.83, ""delivered_orders"": 129, ""seller_risk_level"": ""Moderate Risk"", ""average_review_score"": 3.9923076923076923, ""on_time_delivery_rate"": 89.92}"
14,"Seller Risk",75,"{""seller"": ""cfb1a033743668a192316f3c6d1d2671"", ""sales_value"": 15970.70, ""delivered_orders"": 143, ""seller_risk_level"": ""Moderate Risk"", ""average_review_score"": 4.0205479452054795, ""on_time_delivery_rate"": 88.11}"
14,"Seller Risk",76,"{""seller"": ""a673821011d0cec28146ea42f5ab767f"", ""sales_value"": 15928.04, ""delivered_orders"": 125, ""seller_risk_level"": ""Moderate Risk"", ""average_review_score"": 4.0241935483870968, ""on_time_delivery_rate"": 88.80}"
14,"Seller Risk",77,"{""seller"": ""6039e27294dc75811c0d8a39069f52c0"", ""sales_value"": 15835.52, ""delivered_orders"": 63, ""seller_risk_level"": ""Moderate Risk"", ""average_review_score"": 3.7500000000000000, ""on_time_delivery_rate"": 77.78}"
14,"Seller Risk",78,"{""seller"": ""05f51e13da97139648b8125c31e5f51b"", ""sales_value"": 14988.96, ""delivered_orders"": 57, ""seller_risk_level"": ""Moderate Risk"", ""average_review_score"": 4.2280701754385965, ""on_time_delivery_rate"": 84.21}"
14,"Seller Risk",79,"{""seller"": ""a7f13822ceb966b076af67121f87b063"", ""sales_value"": 14980.43, ""delivered_orders"": 73, ""seller_risk_level"": ""Moderate Risk"", ""average_review_score"": 3.4027777777777778, ""on_time_delivery_rate"": 93.15}"
14,"Seller Risk",80,"{""seller"": ""9e6229250fedbe05838fef417b74e7fb"", ""sales_value"": 14797.26, ""delivered_orders"": 73, ""seller_risk_level"": ""Moderate Risk"", ""average_review_score"": 3.8904109589041096, ""on_time_delivery_rate"": 95.89}"
14,"Seller Risk",81,"{""seller"": ""0b35c634521043bf4b47e21547b99ab5"", ""sales_value"": 14690.79, ""delivered_orders"": 50, ""seller_risk_level"": ""Moderate Risk"", ""average_review_score"": 3.4081632653061224, ""on_time_delivery_rate"": 84.00}"
14,"Seller Risk",82,"{""seller"": ""ef506c96320abeedfb894c34db06f478"", ""sales_value"": 14648.80, ""delivered_orders"": 316, ""seller_risk_level"": ""Moderate Risk"", ""average_review_score"": 3.9619047619047619, ""on_time_delivery_rate"": 91.46}"
14,"Seller Risk",83,"{""seller"": ""f08a5b9dd6767129688d001acafc21e5"", ""sales_value"": 14565.74, ""delivered_orders"": 11, ""seller_risk_level"": ""Moderate Risk"", ""average_review_score"": 4.2727272727272727, ""on_time_delivery_rate"": 81.82}"
14,"Seller Risk",84,"{""seller"": ""610f72e407cdd7caaa2f8167b0163fd8"", ""sales_value"": 14429.45, ""delivered_orders"": 16, ""seller_risk_level"": ""Moderate Risk"", ""average_review_score"": 3.6250000000000000, ""on_time_delivery_rate"": 87.50}"
14,"Seller Risk",85,"{""seller"": ""d05ae8f7a5bd1d2a690a44cd079e4e27"", ""sales_value"": 14385.65, ""delivered_orders"": 77, ""seller_risk_level"": ""Moderate Risk"", ""average_review_score"": 3.8947368421052632, ""on_time_delivery_rate"": 90.91}"
14,"Seller Risk",86,"{""seller"": ""a6bd7d1ccdac48c6b33b28596b7eb122"", ""sales_value"": 14306.91, ""delivered_orders"": 15, ""seller_risk_level"": ""Moderate Risk"", ""average_review_score"": 3.5000000000000000, ""on_time_delivery_rate"": 86.67}"
14,"Seller Risk",87,"{""seller"": ""2b1a40c1daabc6ca280c4b815c101841"", ""sales_value"": 14175.74, ""delivered_orders"": 22, ""seller_risk_level"": ""Moderate Risk"", ""average_review_score"": 3.8181818181818182, ""on_time_delivery_rate"": 95.45}"
14,"Seller Risk",88,"{""seller"": ""75d34ebb1bd0bd7dde40dd507b8169c3"", ""sales_value"": 13969.77, ""delivered_orders"": 57, ""seller_risk_level"": ""Moderate Risk"", ""average_review_score"": 3.9298245614035088, ""on_time_delivery_rate"": 84.21}"
14,"Seller Risk",89,"{""seller"": ""99eaacc9e6046db1c82b163c5f84869f"", ""sales_value"": 13723.94, ""delivered_orders"": 63, ""seller_risk_level"": ""Moderate Risk"", ""average_review_score"": 4.0000000000000000, ""on_time_delivery_rate"": 88.89}"
14,"Seller Risk",90,"{""seller"": ""adbc26658d6c7b4b6219f9d934598091"", ""sales_value"": 13692.25, ""delivered_orders"": 88, ""seller_risk_level"": ""Moderate Risk"", ""average_review_score"": 4.1250000000000000, ""on_time_delivery_rate"": 84.09}"
14,"Seller Risk",91,"{""seller"": ""ed4acab38528488b65a9a9c603ff024a"", ""sales_value"": 13369.76, ""delivered_orders"": 32, ""seller_risk_level"": ""Moderate Risk"", ""average_review_score"": 3.7187500000000000, ""on_time_delivery_rate"": 93.75}"
14,"Seller Risk",92,"{""seller"": ""87b740daf17b5d1be335a64164ec6842"", ""sales_value"": 13354.83, ""delivered_orders"": 11, ""seller_risk_level"": ""Moderate Risk"", ""average_review_score"": 3.7272727272727273, ""on_time_delivery_rate"": 90.91}"
14,"Seller Risk",93,"{""seller"": ""09f952a5f58d2285b0372551ae8f9b01"", ""sales_value"": 13346.46, ""delivered_orders"": 50, ""seller_risk_level"": ""Moderate Risk"", ""average_review_score"": 3.8400000000000000, ""on_time_delivery_rate"": 94.00}"
14,"Seller Risk",94,"{""seller"": ""ad97a199236354e53fcd91a5a913e9a2"", ""sales_value"": 13284.02, ""delivered_orders"": 16, ""seller_risk_level"": ""Moderate Risk"", ""average_review_score"": 4.5000000000000000, ""on_time_delivery_rate"": 87.50}"
14,"Seller Risk",95,"{""seller"": ""7202e2ba20579a9bd1acb29e61fe71f6"", ""sales_value"": 13217.21, ""delivered_orders"": 51, ""seller_risk_level"": ""Moderate Risk"", ""average_review_score"": 3.9800000000000000, ""on_time_delivery_rate"": 94.12}"
14,"Seller Risk",96,"{""seller"": ""8b8cfc8305aa441e4239358c9f6f2485"", ""sales_value"": 13110.70, ""delivered_orders"": 15, ""seller_risk_level"": ""Moderate Risk"", ""average_review_score"": 4.2000000000000000, ""on_time_delivery_rate"": 86.67}"
14,"Seller Risk",97,"{""seller"": ""5058e8c1e82653974541e83690655b4a"", ""sales_value"": 12821.46, ""delivered_orders"": 62, ""seller_risk_level"": ""Moderate Risk"", ""average_review_score"": 3.2459016393442623, ""on_time_delivery_rate"": 87.10}"
14,"Seller Risk",98,"{""seller"": ""ccb83a794700270fde70898fe9ff368b"", ""sales_value"": 12785.73, ""delivered_orders"": 12, ""seller_risk_level"": ""Moderate Risk"", ""average_review_score"": 4.3333333333333333, ""on_time_delivery_rate"": 83.33}"
14,"Seller Risk",99,"{""seller"": ""b499c00f28f4b7069ff6550af8c1348a"", ""sales_value"": 12665.78, ""delivered_orders"": 147, ""seller_risk_level"": ""Moderate Risk"", ""average_review_score"": 4.2297297297297297, ""on_time_delivery_rate"": 87.07}"
14,"Seller Risk",100,"{""seller"": ""66e0557ecc2b4dbea057e93f215f68d8"", ""sales_value"": 12628.42, ""delivered_orders"": 30, ""seller_risk_level"": ""Moderate Risk"", ""average_review_score"": 4.0333333333333333, ""on_time_delivery_rate"": 73.33}"
14,"Seller Risk",101,"{""seller"": ""dd2bdf855a9172734fbc3744021ae9b9"", ""sales_value"": 12599.01, ""delivered_orders"": 105, ""seller_risk_level"": ""Moderate Risk"", ""average_review_score"": 3.8725490196078431, ""on_time_delivery_rate"": 94.29}"
14,"Seller Risk",102,"{""seller"": ""7901646fdd36a55f564ffaf2dbccaaf7"", ""sales_value"": 12478.83, ""delivered_orders"": 22, ""seller_risk_level"": ""Moderate Risk"", ""average_review_score"": 4.5000000000000000, ""on_time_delivery_rate"": 86.36}"
14,"Seller Risk",103,"{""seller"": ""7040e82f899a04d1b434b795a43b4617"", ""sales_value"": 12336.96, ""delivered_orders"": 208, ""seller_risk_level"": ""Moderate Risk"", ""average_review_score"": 3.6504854368932039, ""on_time_delivery_rate"": 90.38}"
14,"Seller Risk",104,"{""seller"": ""82e0a475a88cc9595229d8029273f045"", ""sales_value"": 12216.40, ""delivered_orders"": 41, ""seller_risk_level"": ""Moderate Risk"", ""average_review_score"": 3.5813953488372093, ""on_time_delivery_rate"": 90.24}"
14,"Seller Risk",105,"{""seller"": ""5343d0649eca2a983820bfe93fc4d17e"", ""sales_value"": 12194.09, ""delivered_orders"": 70, ""seller_risk_level"": ""Moderate Risk"", ""average_review_score"": 3.8695652173913043, ""on_time_delivery_rate"": 90.00}"
14,"Seller Risk",106,"{""seller"": ""c4d51195486dc781531876a7d00453d8"", ""sales_value"": 12038.35, ""delivered_orders"": 17, ""seller_risk_level"": ""Moderate Risk"", ""average_review_score"": 3.9411764705882353, ""on_time_delivery_rate"": 70.59}"
14,"Seller Risk",107,"{""seller"": ""c60b801f2d52c7f7f91de00870882a75"", ""sales_value"": 11994.94, ""delivered_orders"": 39, ""seller_risk_level"": ""Moderate Risk"", ""average_review_score"": 3.4358974358974359, ""on_time_delivery_rate"": 79.49}"
14,"Seller Risk",108,"{""seller"": ""23d7c96d4a1160db1c726b248601b25a"", ""sales_value"": 11947.17, ""delivered_orders"": 50, ""seller_risk_level"": ""Moderate Risk"", ""average_review_score"": 3.9183673469387755, ""on_time_delivery_rate"": 88.00}"
14,"Seller Risk",109,"{""seller"": ""8b28d096634035667e8263d57ba3368c"", ""sales_value"": 11533.04, ""delivered_orders"": 139, ""seller_risk_level"": ""Moderate Risk"", ""average_review_score"": 4.0145985401459854, ""on_time_delivery_rate"": 88.49}"
14,"Seller Risk",110,"{""seller"": ""3db66a856d18a9cba7c9241fc5221c50"", ""sales_value"": 11522.66, ""delivered_orders"": 94, ""seller_risk_level"": ""Moderate Risk"", ""average_review_score"": 4.1770833333333333, ""on_time_delivery_rate"": 88.30}"
14,"Seller Risk",111,"{""seller"": ""5656537e588803a555b8eb41f07a944b"", ""sales_value"": 11255.55, ""delivered_orders"": 171, ""seller_risk_level"": ""Moderate Risk"", ""average_review_score"": 3.8953488372093023, ""on_time_delivery_rate"": 92.40}"
14,"Seller Risk",112,"{""seller"": ""ea566164622c6b439516ab18062c42cd"", ""sales_value"": 11167.98, ""delivered_orders"": 50, ""seller_risk_level"": ""Moderate Risk"", ""average_review_score"": 3.7800000000000000, ""on_time_delivery_rate"": 78.00}"
14,"Seller Risk",113,"{""seller"": ""fffd5413c0700ac820c7069d66d98c89"", ""sales_value"": 11125.30, ""delivered_orders"": 57, ""seller_risk_level"": ""Moderate Risk"", ""average_review_score"": 3.8928571428571429, ""on_time_delivery_rate"": 85.96}"
14,"Seller Risk",114,"{""seller"": ""53243585a1d6dc2643021fd1853d8905"", ""sales_value"": 230797.02, ""delivered_orders"": 348, ""seller_risk_level"": ""Lower Risk"", ""average_review_score"": 4.1936416184971098, ""on_time_delivery_rate"": 95.69}"
14,"Seller Risk",115,"{""seller"": ""fa1c13f2614d7b5c4749cbc52fecda94"", ""sales_value"": 200833.50, ""delivered_orders"": 578, ""seller_risk_level"": ""Lower Risk"", ""average_review_score"": 4.3728222996515679, ""on_time_delivery_rate"": 89.79}"
14,"Seller Risk",116,"{""seller"": ""da8622b14eb17ae2831f4ac5b9dab84a"", ""sales_value"": 184706.78, ""delivered_orders"": 1311, ""seller_risk_level"": ""Lower Risk"", ""average_review_score"": 4.1838124054462935, ""on_time_delivery_rate"": 92.37}"
14,"Seller Risk",117,"{""seller"": ""7e93a43ef30c4f03f38b393420bc753a"", ""sales_value"": 171973.55, ""delivered_orders"": 319, ""seller_risk_level"": ""Lower Risk"", ""average_review_score"": 4.3647798742138365, ""on_time_delivery_rate"": 94.36}"
14,"Seller Risk",118,"{""seller"": ""1025f0e2d44d7041d6cf58b6550e0bfa"", ""sales_value"": 171924.96, ""delivered_orders"": 910, ""seller_risk_level"": ""Lower Risk"", ""average_review_score"": 4.0088105726872247, ""on_time_delivery_rate"": 89.89}"
14,"Seller Risk",119,"{""seller"": ""7a67c85e85bb2ce8582c35f2203ad736"", ""sales_value"": 160278.52, ""delivered_orders"": 1145, ""seller_risk_level"": ""Lower Risk"", ""average_review_score"": 4.2751971954425942, ""on_time_delivery_rate"": 94.06}"
14,"Seller Risk",120,"{""seller"": ""955fee9216a65b617aa5c0531780ce60"", ""sales_value"": 156606.48, ""delivered_orders"": 1261, ""seller_risk_level"": ""Lower Risk"", ""average_review_score"": 4.2023904382470120, ""on_time_delivery_rate"": 92.23}"
14,"Seller Risk",121,"{""seller"": ""1f50f920176fa81dab994f9023523100"", ""sales_value"": 141712.94, ""delivered_orders"": 1399, ""seller_risk_level"": ""Lower Risk"", ""average_review_score"": 4.1379556826304503, ""on_time_delivery_rate"": 89.42}"
14,"Seller Risk",122,"{""seller"": ""46dc3b2cc0980fb8ec44634e21d2718e"", ""sales_value"": 134162.88, ""delivered_orders"": 503, ""seller_risk_level"": ""Lower Risk"", ""average_review_score"": 4.2736418511066398, ""on_time_delivery_rate"": 93.44}"
14,"Seller Risk",123,"{""seller"": ""a1043bafd471dff536d0c462352beb48"", ""sales_value"": 130412.74, ""delivered_orders"": 702, ""seller_risk_level"": ""Lower Risk"", ""average_review_score"": 4.2757142857142857, ""on_time_delivery_rate"": 94.30}"
14,"Seller Risk",124,"{""seller"": ""620c87c171fb2a6dd6e8bb4dec959fc6"", ""sales_value"": 126278.18, ""delivered_orders"": 722, ""seller_risk_level"": ""Lower Risk"", ""average_review_score"": 4.3060941828254848, ""on_time_delivery_rate"": 90.03}"
14,"Seller Risk",125,"{""seller"": ""cc419e0650a3c5ba77189a1882b7556a"", ""sales_value"": 125936.99, ""delivered_orders"": 1651, ""seller_risk_level"": ""Lower Risk"", ""average_review_score"": 4.1553973902728351, ""on_time_delivery_rate"": 93.88}"
14,"Seller Risk",126,"{""seller"": ""5dceca129747e92ff8ef7a997dc4f8ca"", ""sales_value"": 124702.92, ""delivered_orders"": 322, ""seller_risk_level"": ""Lower Risk"", ""average_review_score"": 4.0125786163522013, ""on_time_delivery_rate"": 93.79}"
14,"Seller Risk",127,"{""seller"": ""3d871de0142ce09b7081e2b9d1733cb1"", ""sales_value"": 115515.65, ""delivered_orders"": 1064, ""seller_risk_level"": ""Lower Risk"", ""average_review_score"": 4.1925996204933586, ""on_time_delivery_rate"": 94.08}"
14,"Seller Risk",128,"{""seller"": ""edb1ef5e36e0c8cd84eb3c9b003e486d"", ""sales_value"": 83031.14, ""delivered_orders"": 165, ""seller_risk_level"": ""Lower Risk"", ""average_review_score"": 4.4424242424242424, ""on_time_delivery_rate"": 92.12}"
14,"Seller Risk",129,"{""seller"": ""ccc4bbb5f32a6ab2b7066a4130f114e3"", ""sales_value"": 78101.34, ""delivered_orders"": 184, ""seller_risk_level"": ""Lower Risk"", ""average_review_score"": 4.3224043715846995, ""on_time_delivery_rate"": 92.39}"
14,"Seller Risk",130,"{""seller"": ""8581055ce74af1daba164fdbd55a40de"", ""sales_value"": 73473.98, ""delivered_orders"": 380, ""seller_risk_level"": ""Lower Risk"", ""average_review_score"": 4.3072916666666667, ""on_time_delivery_rate"": 89.74}"
14,"Seller Risk",131,"{""seller"": ""fe2032dab1a61af8794248c8196565c9"", ""sales_value"": 70400.60, ""delivered_orders"": 293, ""seller_risk_level"": ""Lower Risk"", ""average_review_score"": 4.3875432525951557, ""on_time_delivery_rate"": 91.13}"
14,"Seller Risk",132,"{""seller"": ""de722cd6dad950a92b7d4f82673f8833"", ""sales_value"": 64776.59, ""delivered_orders"": 337, ""seller_risk_level"": ""Lower Risk"", ""average_review_score"": 4.3035714285714286, ""on_time_delivery_rate"": 95.55}"
14,"Seller Risk",133,"{""seller"": ""f8db351d8c4c4c22c6835c19a46f01b0"", ""sales_value"": 62487.02, ""delivered_orders"": 659, ""seller_risk_level"": ""Lower Risk"", ""average_review_score"": 4.2629179331306991, ""on_time_delivery_rate"": 94.84}"
14,"Seller Risk",134,"{""seller"": ""7ddcbb64b5bc1ef36ca8c151f6ec77df"", ""sales_value"": 62202.75, ""delivered_orders"": 325, ""seller_risk_level"": ""Lower Risk"", ""average_review_score"": 4.0247678018575851, ""on_time_delivery_rate"": 91.38}"
14,"Seller Risk",135,"{""seller"": ""218d46b86c1881d022bce9c68a7d4b15"", ""sales_value"": 61162.94, ""delivered_orders"": 382, ""seller_risk_level"": ""Lower Risk"", ""average_review_score"": 4.1863517060367454, ""on_time_delivery_rate"": 90.58}"
14,"Seller Risk",136,"{""seller"": ""37be5a7c751166fbc5f8ccba4119e043"", ""sales_value"": 60756.76, ""delivered_orders"": 269, ""seller_risk_level"": ""Lower Risk"", ""average_review_score"": 4.3111111111111111, ""on_time_delivery_rate"": 97.40}"
14,"Seller Risk",137,"{""seller"": ""17e34d8224d27a541263c4c64b11a56b"", ""sales_value"": 59530.49, ""delivered_orders"": 247, ""seller_risk_level"": ""Lower Risk"", ""average_review_score"": 4.2530612244897959, ""on_time_delivery_rate"": 91.50}"
14,"Seller Risk",138,"{""seller"": ""17f51e7198701186712e53a39c564617"", ""sales_value"": 57812.43, ""delivered_orders"": 56, ""seller_risk_level"": ""Lower Risk"", ""average_review_score"": 4.3392857142857143, ""on_time_delivery_rate"": 91.07}"
14,"Seller Risk",139,"{""seller"": ""ceaec5548eefc6e23e6607c5435102e7"", ""sales_value"": 57653.73, ""delivered_orders"": 198, ""seller_risk_level"": ""Lower Risk"", ""average_review_score"": 4.2000000000000000, ""on_time_delivery_rate"": 93.94}"
14,"Seller Risk",140,"{""seller"": ""b2ba3715d723d245138f291a6fe42594"", ""sales_value"": 55596.65, ""delivered_orders"": 324, ""seller_risk_level"": ""Lower Risk"", ""average_review_score"": 4.2024922118380062, ""on_time_delivery_rate"": 91.05}"
14,"Seller Risk",141,"{""seller"": ""f5a590cf36251cf1162ea35bef76fe84"", ""sales_value"": 55366.96, ""delivered_orders"": 113, ""seller_risk_level"": ""Lower Risk"", ""average_review_score"": 4.2743362831858407, ""on_time_delivery_rate"": 89.38}"
14,"Seller Risk",142,"{""seller"": ""ea8482cd71df3c1969d7b9473ff13abc"", ""sales_value"": 53988.63, ""delivered_orders"": 1132, ""seller_risk_level"": ""Lower Risk"", ""average_review_score"": 4.0266429840142096, ""on_time_delivery_rate"": 89.58}"
14,"Seller Risk",143,"{""seller"": ""e882b2a25a10b9c057cc49695f222c19"", ""sales_value"": 53913.76, ""delivered_orders"": 57, ""seller_risk_level"": ""Lower Risk"", ""average_review_score"": 4.5932203389830508, ""on_time_delivery_rate"": 100.00}"
14,"Seller Risk",144,"{""seller"": ""e9779976487b77c6d4ac45f75ec7afe9"", ""sales_value"": 52211.30, ""delivered_orders"": 645, ""seller_risk_level"": ""Lower Risk"", ""average_review_score"": 4.2612752721617418, ""on_time_delivery_rate"": 92.71}"
14,"Seller Risk",145,"{""seller"": ""2bf6a2c1e71bbd29a4ad64e6d3c3629f"", ""sales_value"": 51629.49, ""delivered_orders"": 30, ""seller_risk_level"": ""Lower Risk"", ""average_review_score"": 4.1666666666666667, ""on_time_delivery_rate"": 90.00}"
14,"Seller Risk",146,"{""seller"": ""4d6d651bd7684af3fffabd5f08d12e5a"", ""sales_value"": 50785.76, ""delivered_orders"": 363, ""seller_risk_level"": ""Lower Risk"", ""average_review_score"": 4.2280219780219780, ""on_time_delivery_rate"": 95.32}"
14,"Seller Risk",147,"{""seller"": ""c826c40d7b19f62a09e2d7c5e7295ee2"", ""sales_value"": 50096.67, ""delivered_orders"": 346, ""seller_risk_level"": ""Lower Risk"", ""average_review_score"": 4.1304347826086957, ""on_time_delivery_rate"": 90.46}"
14,"Seller Risk",148,"{""seller"": ""391fc6631aebcf3004804e51b40bcf1e"", ""sales_value"": 49559.14, ""delivered_orders"": 521, ""seller_risk_level"": ""Lower Risk"", ""average_review_score"": 4.0396975425330813, ""on_time_delivery_rate"": 89.64}"
14,"Seller Risk",149,"{""seller"": ""c3cfdc648177fdbbbb35635a37472c53"", ""sales_value"": 49127.81, ""delivered_orders"": 278, ""seller_risk_level"": ""Lower Risk"", ""average_review_score"": 4.4664310954063604, ""on_time_delivery_rate"": 97.48}"
14,"Seller Risk",150,"{""seller"": ""17a053fcb14bd219540cbde0df490be0"", ""sales_value"": 49114.41, ""delivered_orders"": 124, ""seller_risk_level"": ""Lower Risk"", ""average_review_score"": 4.2601626016260163, ""on_time_delivery_rate"": 91.94}"
14,"Seller Risk",151,"{""seller"": ""d91fb3b7d041e83b64a00a3edfb37e4f"", ""sales_value"": 48984.45, ""delivered_orders"": 524, ""seller_risk_level"": ""Lower Risk"", ""average_review_score"": 4.1420765027322404, ""on_time_delivery_rate"": 93.70}"
14,"Seller Risk",152,"{""seller"": ""850f4f8af5ea87287ac68de36e29107f"", ""sales_value"": 48382.72, ""delivered_orders"": 186, ""seller_risk_level"": ""Lower Risk"", ""average_review_score"": 4.2950819672131148, ""on_time_delivery_rate"": 93.55}"
14,"Seller Risk",153,"{""seller"": ""966cb4760537b1404caedd472cc610a5"", ""sales_value"": 47432.57, ""delivered_orders"": 67, ""seller_risk_level"": ""Lower Risk"", ""average_review_score"": 4.1176470588235294, ""on_time_delivery_rate"": 97.01}"
14,"Seller Risk",154,"{""seller"": ""eeb6de78f79159600292e314a77cbd18"", ""sales_value"": 46506.89, ""delivered_orders"": 82, ""seller_risk_level"": ""Lower Risk"", ""average_review_score"": 4.4390243902439024, ""on_time_delivery_rate"": 96.34}"
14,"Seller Risk",155,"{""seller"": ""ba90964cff9b9e0e6f32b23b82465f7b"", ""sales_value"": 45523.50, ""delivered_orders"": 38, ""seller_risk_level"": ""Lower Risk"", ""average_review_score"": 4.4210526315789474, ""on_time_delivery_rate"": 94.74}"
14,"Seller Risk",156,"{""seller"": ""634964b17796e64304cadf1ad3050fb7"", ""sales_value"": 45014.10, ""delivered_orders"": 265, ""seller_risk_level"": ""Lower Risk"", ""average_review_score"": 4.0566037735849057, ""on_time_delivery_rate"": 89.81}"
14,"Seller Risk",157,"{""seller"": ""834f3294fba9f932f56edc879193f925"", ""sales_value"": 44207.42, ""delivered_orders"": 66, ""seller_risk_level"": ""Lower Risk"", ""average_review_score"": 4.5454545454545455, ""on_time_delivery_rate"": 93.94}"
14,"Seller Risk",158,"{""seller"": ""7142540dd4c91e2237acb7e911c4eba2"", ""sales_value"": 44025.68, ""delivered_orders"": 316, ""seller_risk_level"": ""Lower Risk"", ""average_review_score"": 4.0537974683544304, ""on_time_delivery_rate"": 91.77}"
14,"Seller Risk",159,"{""seller"": ""b839e41795b7f3ad94cc2014a52f6796"", ""sales_value"": 43749.93, ""delivered_orders"": 33, ""seller_risk_level"": ""Lower Risk"", ""average_review_score"": 4.0909090909090909, ""on_time_delivery_rate"": 96.97}"
14,"Seller Risk",160,"{""seller"": ""7178f9f4dd81dcef02f62acdf8151e01"", ""sales_value"": 41180.44, ""delivered_orders"": 202, ""seller_risk_level"": ""Lower Risk"", ""average_review_score"": 4.0594059405940594, ""on_time_delivery_rate"": 95.05}"
14,"Seller Risk",161,"{""seller"": ""7299e27ed73d2ad986de7f7c77d919fa"", ""sales_value"": 40911.93, ""delivered_orders"": 335, ""seller_risk_level"": ""Lower Risk"", ""average_review_score"": 4.4298507462686567, ""on_time_delivery_rate"": 95.22}"
14,"Seller Risk",162,"{""seller"": ""dbc22125167c298ef99da25668e1011f"", ""sales_value"": 40616.55, ""delivered_orders"": 394, ""seller_risk_level"": ""Lower Risk"", ""average_review_score"": 4.3197969543147208, ""on_time_delivery_rate"": 97.46}"
14,"Seller Risk",163,"{""seller"": ""c70c1b0d8ca86052f45a432a38b73958"", ""sales_value"": 40190.56, ""delivered_orders"": 260, ""seller_risk_level"": ""Lower Risk"", ""average_review_score"": 4.3682170542635659, ""on_time_delivery_rate"": 91.54}"
14,"Seller Risk",164,"{""seller"": ""53e4c6e0f4312d4d2107a8c9cddf45cd"", ""sales_value"": 39283.93, ""delivered_orders"": 463, ""seller_risk_level"": ""Lower Risk"", ""average_review_score"": 4.1357758620689655, ""on_time_delivery_rate"": 94.60}"
14,"Seller Risk",165,"{""seller"": ""87142160b41353c4e5fca2360caf6f92"", ""sales_value"": 38314.31, ""delivered_orders"": 305, ""seller_risk_level"": ""Lower Risk"", ""average_review_score"": 4.4104234527687296, ""on_time_delivery_rate"": 94.43}"
14,"Seller Risk",166,"{""seller"": ""0241d4d5d36f10f80c644447315af0bd"", ""sales_value"": 38251.61, ""delivered_orders"": 238, ""seller_risk_level"": ""Lower Risk"", ""average_review_score"": 4.3347280334728033, ""on_time_delivery_rate"": 94.12}"
14,"Seller Risk",167,"{""seller"": ""e9bc59e7b60fc3063eb2290deda4cced"", ""sales_value"": 38082.42, ""delivered_orders"": 209, ""seller_risk_level"": ""Lower Risk"", ""average_review_score"": 4.0765550239234450, ""on_time_delivery_rate"": 89.00}"
14,"Seller Risk",168,"{""seller"": ""59417c56835dd8e2e72f91f809cd4092"", ""sales_value"": 37657.77, ""delivered_orders"": 18, ""seller_risk_level"": ""Lower Risk"", ""average_review_score"": 4.2777777777777778, ""on_time_delivery_rate"": 100.00}"
14,"Seller Risk",169,"{""seller"": ""76d5af76d0271110f9af36c92573f765"", ""sales_value"": 35731.66, ""delivered_orders"": 128, ""seller_risk_level"": ""Lower Risk"", ""average_review_score"": 4.1338582677165354, ""on_time_delivery_rate"": 90.63}"
14,"Seller Risk",170,"{""seller"": ""1554a68530182680ad5c8b042c3ab563"", ""sales_value"": 35714.56, ""delivered_orders"": 246, ""seller_risk_level"": ""Lower Risk"", ""average_review_score"": 4.3360323886639676, ""on_time_delivery_rate"": 93.09}"
14,"Seller Risk",171,"{""seller"": ""9c0e69c7bf2619675bbadf47b43f655a"", ""sales_value"": 35543.82, ""delivered_orders"": 151, ""seller_risk_level"": ""Lower Risk"", ""average_review_score"": 4.1437908496732026, ""on_time_delivery_rate"": 89.40}"
14,"Seller Risk",172,"{""seller"": ""5c243662ce92d84573bfaff24c3e3700"", ""sales_value"": 34637.66, ""delivered_orders"": 98, ""seller_risk_level"": ""Lower Risk"", ""average_review_score"": 4.1428571428571429, ""on_time_delivery_rate"": 96.94}"
14,"Seller Risk",173,"{""seller"": ""70eea00b476a314817cefde4aad4f89a"", ""sales_value"": 34149.66, ""delivered_orders"": 106, ""seller_risk_level"": ""Lower Risk"", ""average_review_score"": 4.4150943396226415, ""on_time_delivery_rate"": 92.45}"
14,"Seller Risk",174,"{""seller"": ""001cca7ae9ae17fb1caed9dfb1094831"", ""sales_value"": 33142.90, ""delivered_orders"": 195, ""seller_risk_level"": ""Lower Risk"", ""average_review_score"": 4.0625000000000000, ""on_time_delivery_rate"": 93.33}"
14,"Seller Risk",175,"{""seller"": ""e59aa562b9f8076dd550fcddf0e73491"", ""sales_value"": 32876.37, ""delivered_orders"": 69, ""seller_risk_level"": ""Lower Risk"", ""average_review_score"": 4.2608695652173913, ""on_time_delivery_rate"": 89.86}"
14,"Seller Risk",176,"{""seller"": ""0b90b6df587eb83608a64ea8b390cf07"", ""sales_value"": 32090.94, ""delivered_orders"": 163, ""seller_risk_level"": ""Lower Risk"", ""average_review_score"": 4.0479041916167665, ""on_time_delivery_rate"": 96.32}"
14,"Seller Risk",177,"{""seller"": ""d23019c84ffae2d5ef2270367b8605fc"", ""sales_value"": 31954.84, ""delivered_orders"": 39, ""seller_risk_level"": ""Lower Risk"", ""average_review_score"": 4.4102564102564103, ""on_time_delivery_rate"": 97.44}"
14,"Seller Risk",178,"{""seller"": ""9f505651f4a6abe901a56cdc21508025"", ""sales_value"": 31862.59, ""delivered_orders"": 393, ""seller_risk_level"": ""Lower Risk"", ""average_review_score"": 4.3682864450127877, ""on_time_delivery_rate"": 94.91}"
14,"Seller Risk",179,"{""seller"": ""a3a38f4affed601eb87a97788c949667"", ""sales_value"": 31479.28, ""delivered_orders"": 251, ""seller_risk_level"": ""Lower Risk"", ""average_review_score"": 4.4016064257028112, ""on_time_delivery_rate"": 95.22}"
14,"Seller Risk",180,"{""seller"": ""8b321bb669392f5163d04c59e235e066"", ""sales_value"": 31186.94, ""delivered_orders"": 930, ""seller_risk_level"": ""Lower Risk"", ""average_review_score"": 4.1047516198704104, ""on_time_delivery_rate"": 89.57}"
14,"Seller Risk",181,"{""seller"": ""16090f2ca825584b5a147ab24aa30c86"", ""sales_value"": 30984.02, ""delivered_orders"": 398, ""seller_risk_level"": ""Lower Risk"", ""average_review_score"": 4.0883838383838384, ""on_time_delivery_rate"": 89.20}"
14,"Seller Risk",182,"{""seller"": ""12b9676b00f60f3b700e83af21824c0e"", ""sales_value"": 29901.67, ""delivered_orders"": 133, ""seller_risk_level"": ""Lower Risk"", ""average_review_score"": 4.5263157894736842, ""on_time_delivery_rate"": 98.50}"
14,"Seller Risk",183,"{""seller"": ""c003204e1ab016dfa150abc119207b24"", ""sales_value"": 29618.46, ""delivered_orders"": 195, ""seller_risk_level"": ""Lower Risk"", ""average_review_score"": 4.4666666666666667, ""on_time_delivery_rate"": 93.33}"
14,"Seller Risk",184,"{""seller"": ""b32be1695eb7ec5f10f72d9610a12527"", ""sales_value"": 29512.68, ""delivered_orders"": 44, ""seller_risk_level"": ""Lower Risk"", ""average_review_score"": 4.1395348837209302, ""on_time_delivery_rate"": 95.45}"
14,"Seller Risk",185,"{""seller"": ""de23c3b98a88888289c6f5cc1209054a"", ""sales_value"": 28579.86, ""delivered_orders"": 161, ""seller_risk_level"": ""Lower Risk"", ""average_review_score"": 4.2919254658385093, ""on_time_delivery_rate"": 90.06}"
14,"Seller Risk",186,"{""seller"": ""1a3df491d1c4f1589fc2b934ada68bf2"", ""sales_value"": 26550.63, ""delivered_orders"": 160, ""seller_risk_level"": ""Lower Risk"", ""average_review_score"": 4.2654320987654321, ""on_time_delivery_rate"": 94.38}"
14,"Seller Risk",187,"{""seller"": ""b94cc9f10ddc85e4ba73a6f7974e7101"", ""sales_value"": 26368.49, ""delivered_orders"": 39, ""seller_risk_level"": ""Lower Risk"", ""average_review_score"": 4.2972972972972973, ""on_time_delivery_rate"": 92.31}"
14,"Seller Risk",188,"{""seller"": ""612170e34b97004b3ba37eae81836b4c"", ""sales_value"": 25372.08, ""delivered_orders"": 107, ""seller_risk_level"": ""Lower Risk"", ""average_review_score"": 4.4299065420560748, ""on_time_delivery_rate"": 98.13}"
14,"Seller Risk",189,"{""seller"": ""2b3e4a2a3ea8e01938cabda2a3e5cc79"", ""sales_value"": 24535.10, ""delivered_orders"": 52, ""seller_risk_level"": ""Lower Risk"", ""average_review_score"": 4.3653846153846154, ""on_time_delivery_rate"": 100.00}"
14,"Seller Risk",190,"{""seller"": ""744dac408745240a2c2528fb1b6028f3"", ""sales_value"": 24200.40, ""delivered_orders"": 78, ""seller_risk_level"": ""Lower Risk"", ""average_review_score"": 4.5769230769230769, ""on_time_delivery_rate"": 98.72}"
14,"Seller Risk",191,"{""seller"": ""85d9eb9ddc5d00ca9336a2219c97bb13"", ""sales_value"": 23539.91, ""delivered_orders"": 499, ""seller_risk_level"": ""Lower Risk"", ""average_review_score"": 4.2284569138276553, ""on_time_delivery_rate"": 96.39}"
14,"Seller Risk",192,"{""seller"": ""00ee68308b45bc5e2660cd833c3f81cc"", ""sales_value"": 23440.66, ""delivered_orders"": 135, ""seller_risk_level"": ""Lower Risk"", ""average_review_score"": 4.3037037037037037, ""on_time_delivery_rate"": 91.11}"
14,"Seller Risk",193,"{""seller"": ""7b0df942f46435babab05d49b744b2c4"", ""sales_value"": 23272.78, ""delivered_orders"": 32, ""seller_risk_level"": ""Lower Risk"", ""average_review_score"": 4.3870967741935484, ""on_time_delivery_rate"": 90.63}"
14,"Seller Risk",194,"{""seller"": ""59fb871bf6f4522a87ba567b42dafecf"", ""sales_value"": 23192.18, ""delivered_orders"": 123, ""seller_risk_level"": ""Lower Risk"", ""average_review_score"": 4.2822580645161290, ""on_time_delivery_rate"": 93.50}"
14,"Seller Risk",195,"{""seller"": ""004c9cd9d87a3c30c522c48c4fc07416"", ""sales_value"": 23094.02, ""delivered_orders"": 156, ""seller_risk_level"": ""Lower Risk"", ""average_review_score"": 4.1500000000000000, ""on_time_delivery_rate"": 91.67}"
14,"Seller Risk",196,"{""seller"": ""05ff92fedb5be47920fea08e501238b9"", ""sales_value"": 22983.87, ""delivered_orders"": 57, ""seller_risk_level"": ""Lower Risk"", ""average_review_score"": 4.2711864406779661, ""on_time_delivery_rate"": 94.74}"
14,"Seller Risk",197,"{""seller"": ""dc317f341ab0e22f39acbd9dbf9b4a1f"", ""sales_value"": 22570.13, ""delivered_orders"": 55, ""seller_risk_level"": ""Lower Risk"", ""average_review_score"": 4.1454545454545455, ""on_time_delivery_rate"": 94.55}"
14,"Seller Risk",198,"{""seller"": ""bfd27a966d91cfaafdb25d076585f0da"", ""sales_value"": 21861.41, ""delivered_orders"": 114, ""seller_risk_level"": ""Lower Risk"", ""average_review_score"": 4.3185840707964602, ""on_time_delivery_rate"": 94.74}"
14,"Seller Risk",199,"{""seller"": ""128639473a139ac0f3e5f5ade55873a5"", ""sales_value"": 21475.54, ""delivered_orders"": 527, ""seller_risk_level"": ""Lower Risk"", ""average_review_score"": 4.2130518234165067, ""on_time_delivery_rate"": 93.74}"
14,"Seller Risk",200,"{""seller"": ""0c8380b62e38e8a1e6adbeba7eb9688c"", ""sales_value"": 21300.74, ""delivered_orders"": 180, ""seller_risk_level"": ""Lower Risk"", ""average_review_score"": 4.0833333333333333, ""on_time_delivery_rate"": 94.44}"
14,"Seller Risk",201,"{""seller"": ""76d64c4aca3a7baf218bf93ef7fa768d"", ""sales_value"": 20455.29, ""delivered_orders"": 64, ""seller_risk_level"": ""Lower Risk"", ""average_review_score"": 4.2307692307692308, ""on_time_delivery_rate"": 96.88}"
14,"Seller Risk",202,"{""seller"": ""54a1852d1b8f10312c55e906355666ee"", ""sales_value"": 20418.03, ""delivered_orders"": 198, ""seller_risk_level"": ""Lower Risk"", ""average_review_score"": 4.3585858585858586, ""on_time_delivery_rate"": 90.40}"
14,"Seller Risk",203,"{""seller"": ""fa40cc5b934574b62717c68f3d678b6d"", ""sales_value"": 20383.01, ""delivered_orders"": 304, ""seller_risk_level"": ""Lower Risk"", ""average_review_score"": 4.4736842105263158, ""on_time_delivery_rate"": 93.75}"
14,"Seller Risk",204,"{""seller"": ""96493fab2fbb13a14d0c0e8772eef5c3"", ""sales_value"": 20181.23, ""delivered_orders"": 63, ""seller_risk_level"": ""Lower Risk"", ""average_review_score"": 4.0645161290322581, ""on_time_delivery_rate"": 93.65}"
14,"Seller Risk",205,"{""seller"": ""41b39e28db005d9731d9d485a83b4c38"", ""sales_value"": 20064.52, ""delivered_orders"": 187, ""seller_risk_level"": ""Lower Risk"", ""average_review_score"": 4.1718750000000000, ""on_time_delivery_rate"": 93.58}"
14,"Seller Risk",206,"{""seller"": ""527801b552d0077ffd170872eb49683b"", ""sales_value"": 20005.36, ""delivered_orders"": 90, ""seller_risk_level"": ""Lower Risk"", ""average_review_score"": 4.4719101123595506, ""on_time_delivery_rate"": 90.00}"
14,"Seller Risk",207,"{""seller"": ""1e8b33f18b4f7598d87f5cbee2282cc2"", ""sales_value"": 19924.07, ""delivered_orders"": 122, ""seller_risk_level"": ""Lower Risk"", ""average_review_score"": 4.4000000000000000, ""on_time_delivery_rate"": 95.08}"
14,"Seller Risk",208,"{""seller"": ""86ccac0b835037332a596a33b6949ee1"", ""sales_value"": 19799.95, ""delivered_orders"": 178, ""seller_risk_level"": ""Lower Risk"", ""average_review_score"": 4.2290502793296089, ""on_time_delivery_rate"": 96.63}"
14,"Seller Risk",209,"{""seller"": ""9de4643a8dbde634fe55621059d92273"", ""sales_value"": 19282.41, ""delivered_orders"": 72, ""seller_risk_level"": ""Lower Risk"", ""average_review_score"": 4.5277777777777778, ""on_time_delivery_rate"": 95.83}"
14,"Seller Risk",210,"{""seller"": ""d650b663c3b5f6fb392b6326366efa9a"", ""sales_value"": 19188.01, ""delivered_orders"": 57, ""seller_risk_level"": ""Lower Risk"", ""average_review_score"": 4.3684210526315789, ""on_time_delivery_rate"": 92.98}"
14,"Seller Risk",211,"{""seller"": ""4b9750c8ad28220fe6702d4ecb7c898f"", ""sales_value"": 19173.85, ""delivered_orders"": 217, ""seller_risk_level"": ""Lower Risk"", ""average_review_score"": 4.3640552995391705, ""on_time_delivery_rate"": 92.17}"
14,"Seller Risk",212,"{""seller"": ""c72de06d72748d1a0dfb2125be43ba63"", ""sales_value"": 18733.18, ""delivered_orders"": 21, ""seller_risk_level"": ""Lower Risk"", ""average_review_score"": 4.4761904761904762, ""on_time_delivery_rate"": 100.00}"
14,"Seller Risk",213,"{""seller"": ""79ebd9a61bac3eaf882805ed4ecfa12a"", ""sales_value"": 18730.52, ""delivered_orders"": 133, ""seller_risk_level"": ""Lower Risk"", ""average_review_score"": 4.0592592592592593, ""on_time_delivery_rate"": 93.98}"
14,"Seller Risk",214,"{""seller"": ""94144541854e298c2d976cb893b81343"", ""sales_value"": 18715.65, ""delivered_orders"": 68, ""seller_risk_level"": ""Lower Risk"", ""average_review_score"": 4.2058823529411765, ""on_time_delivery_rate"": 95.59}"
14,"Seller Risk",215,"{""seller"": ""ef0ace09169ac090589d85746e3e036f"", ""sales_value"": 18404.78, ""delivered_orders"": 128, ""seller_risk_level"": ""Lower Risk"", ""average_review_score"": 4.3953488372093023, ""on_time_delivery_rate"": 91.41}"
14,"Seller Risk",216,"{""seller"": ""2a84855fd20af891be03bc5924d2b453"", ""sales_value"": 18265.72, ""delivered_orders"": 155, ""seller_risk_level"": ""Lower Risk"", ""average_review_score"": 4.3766233766233766, ""on_time_delivery_rate"": 96.77}"
14,"Seller Risk",217,"{""seller"": ""0adac9fbd9a2b63cccaac4f8756c1ca8"", ""sales_value"": 17955.50, ""delivered_orders"": 106, ""seller_risk_level"": ""Lower Risk"", ""average_review_score"": 4.0934579439252336, ""on_time_delivery_rate"": 93.40}"
14,"Seller Risk",218,"{""seller"": ""8ae520247981aa06bc94abddf5f46d34"", ""sales_value"": 17766.34, ""delivered_orders"": 65, ""seller_risk_level"": ""Lower Risk"", ""average_review_score"": 4.4461538461538462, ""on_time_delivery_rate"": 98.46}"
14,"Seller Risk",219,"{""seller"": ""01fdefa7697d26ad920e9e0346d4bd1b"", ""sales_value"": 17532.79, ""delivered_orders"": 128, ""seller_risk_level"": ""Lower Risk"", ""average_review_score"": 4.3779527559055118, ""on_time_delivery_rate"": 93.75}"
14,"Seller Risk",220,"{""seller"": ""66922902710d126a0e7d26b0e3805106"", ""sales_value"": 17464.93, ""delivered_orders"": 150, ""seller_risk_level"": ""Lower Risk"", ""average_review_score"": 4.4966442953020134, ""on_time_delivery_rate"": 92.67}"
14,"Seller Risk",221,"{""seller"": ""d921b68bf747894be13a97ae52b0f386"", ""sales_value"": 17403.81, ""delivered_orders"": 77, ""seller_risk_level"": ""Lower Risk"", ""average_review_score"": 4.5584415584415584, ""on_time_delivery_rate"": 98.70}"
14,"Seller Risk",222,"{""seller"": ""1b4c3a6f53068f0b6944d2d005c9fc89"", ""sales_value"": 17396.99, ""delivered_orders"": 111, ""seller_risk_level"": ""Lower Risk"", ""average_review_score"": 4.2612612612612613, ""on_time_delivery_rate"": 93.69}"
14,"Seller Risk",223,"{""seller"": ""5cf13accae3222c70a9cac40818ae839"", ""sales_value"": 17296.18, ""delivered_orders"": 148, ""seller_risk_level"": ""Lower Risk"", ""average_review_score"": 4.4761904761904762, ""on_time_delivery_rate"": 96.62}"
14,"Seller Risk",224,"{""seller"": ""c3acdfac4e3e97ff87529454fbc03642"", ""sales_value"": 17057.28, ""delivered_orders"": 12, ""seller_risk_level"": ""Lower Risk"", ""average_review_score"": 4.2500000000000000, ""on_time_delivery_rate"": 91.67}"
14,"Seller Risk",225,"{""seller"": ""d94a40fd42351c259927028d163af842"", ""sales_value"": 17022.37, ""delivered_orders"": 100, ""seller_risk_level"": ""Lower Risk"", ""average_review_score"": 4.2142857142857143, ""on_time_delivery_rate"": 96.00}"
14,"Seller Risk",226,"{""seller"": ""2a5b78b41cd05baeac8df54c6606b92c"", ""sales_value"": 16575.47, ""delivered_orders"": 46, ""seller_risk_level"": ""Lower Risk"", ""average_review_score"": 4.5434782608695652, ""on_time_delivery_rate"": 97.83}"
14,"Seller Risk",227,"{""seller"": ""6061155addc1e54b4cfb51c1c2a32ad8"", ""sales_value"": 16513.31, ""delivered_orders"": 28, ""seller_risk_level"": ""Lower Risk"", ""average_review_score"": 4.6666666666666667, ""on_time_delivery_rate"": 96.43}"
14,"Seller Risk",228,"{""seller"": ""669ae81880e08f269a64487cfb287169"", ""sales_value"": 16485.20, ""delivered_orders"": 161, ""seller_risk_level"": ""Lower Risk"", ""average_review_score"": 4.2422360248447205, ""on_time_delivery_rate"": 95.65}"
14,"Seller Risk",229,"{""seller"": ""c847e075301870dd144a116762eaff9a"", ""sales_value"": 16341.48, ""delivered_orders"": 41, ""seller_risk_level"": ""Lower Risk"", ""average_review_score"": 4.2000000000000000, ""on_time_delivery_rate"": 90.24}"
14,"Seller Risk",230,"{""seller"": ""3b15288545f8928d3e65a8f949a28291"", ""sales_value"": 16164.88, ""delivered_orders"": 101, ""seller_risk_level"": ""Lower Risk"", ""average_review_score"": 4.0291262135922330, ""on_time_delivery_rate"": 93.07}"
14,"Seller Risk",231,"{""seller"": ""f9244d45189d3a3605499abddeade7d5"", ""sales_value"": 15902.16, ""delivered_orders"": 20, ""seller_risk_level"": ""Lower Risk"", ""average_review_score"": 4.3500000000000000, ""on_time_delivery_rate"": 100.00}"
14,"Seller Risk",232,"{""seller"": ""6edacfd9f9074789dad6d62ba7950b9c"", ""sales_value"": 15872.28, ""delivered_orders"": 205, ""seller_risk_level"": ""Lower Risk"", ""average_review_score"": 4.3834951456310680, ""on_time_delivery_rate"": 94.15}"
14,"Seller Risk",233,"{""seller"": ""a5cba26a62b8b4d0145b68b841e62e7f"", ""sales_value"": 15785.77, ""delivered_orders"": 53, ""seller_risk_level"": ""Lower Risk"", ""average_review_score"": 4.5660377358490566, ""on_time_delivery_rate"": 98.11}"
14,"Seller Risk",234,"{""seller"": ""1f9ab4708f3056ede07124aad39a2554"", ""sales_value"": 15692.65, ""delivered_orders"": 76, ""seller_risk_level"": ""Lower Risk"", ""average_review_score"": 4.0933333333333333, ""on_time_delivery_rate"": 94.74}"
14,"Seller Risk",235,"{""seller"": ""701938c450705b8ae65fc923b70f35c7"", ""sales_value"": 15650.89, ""delivered_orders"": 74, ""seller_risk_level"": ""Lower Risk"", ""average_review_score"": 4.0000000000000000, ""on_time_delivery_rate"": 93.24}"
14,"Seller Risk",236,"{""seller"": ""b8bc237ba3788b23da09c0f1f3a3288c"", ""sales_value"": 15621.16, ""delivered_orders"": 45, ""seller_risk_level"": ""Lower Risk"", ""average_review_score"": 4.3181818181818182, ""on_time_delivery_rate"": 97.78}"
14,"Seller Risk",237,"{""seller"": ""080199a181c46c657dc5aa235411be3b"", ""sales_value"": 15544.88, ""delivered_orders"": 79, ""seller_risk_level"": ""Lower Risk"", ""average_review_score"": 4.6153846153846154, ""on_time_delivery_rate"": 97.47}"
14,"Seller Risk",238,"{""seller"": ""289cdb325fb7e7f891c38608bf9e0962"", ""sales_value"": 15486.07, ""delivered_orders"": 109, ""seller_risk_level"": ""Lower Risk"", ""average_review_score"": 4.5871559633027523, ""on_time_delivery_rate"": 98.17}"
14,"Seller Risk",239,"{""seller"": ""ce248b21cb2adc36282ede306b7660e5"", ""sales_value"": 15455.20, ""delivered_orders"": 64, ""seller_risk_level"": ""Lower Risk"", ""average_review_score"": 4.2461538461538462, ""on_time_delivery_rate"": 89.06}"
14,"Seller Risk",240,"{""seller"": ""ac3508719a1d8f5b7614b798f70af136"", ""sales_value"": 15410.66, ""delivered_orders"": 101, ""seller_risk_level"": ""Lower Risk"", ""average_review_score"": 4.6400000000000000, ""on_time_delivery_rate"": 97.03}"
14,"Seller Risk",241,"{""seller"": ""aba1721a889e04decc910aa13b768ef4"", ""sales_value"": 15352.47, ""delivered_orders"": 83, ""seller_risk_level"": ""Lower Risk"", ""average_review_score"": 4.4457831325301205, ""on_time_delivery_rate"": 89.16}"
14,"Seller Risk",242,"{""seller"": ""530ec6109d11eaaf87999465c6afee01"", ""sales_value"": 15279.16, ""delivered_orders"": 94, ""seller_risk_level"": ""Lower Risk"", ""average_review_score"": 4.3404255319148936, ""on_time_delivery_rate"": 98.94}"
14,"Seller Risk",243,"{""seller"": ""c6bda72e4dbf5c5866b13cb1810c6d03"", ""sales_value"": 15196.12, ""delivered_orders"": 59, ""seller_risk_level"": ""Lower Risk"", ""average_review_score"": 4.3833333333333333, ""on_time_delivery_rate"": 96.61}"
14,"Seller Risk",244,"{""seller"": ""00fc707aaaad2d31347cf883cd2dfe10"", ""sales_value"": 14969.99, ""delivered_orders"": 103, ""seller_risk_level"": ""Lower Risk"", ""average_review_score"": 4.0471698113207547, ""on_time_delivery_rate"": 95.15}"
14,"Seller Risk",245,"{""seller"": ""d50d79cb34e38265a8649c383dcffd48"", ""sales_value"": 14944.68, ""delivered_orders"": 70, ""seller_risk_level"": ""Lower Risk"", ""average_review_score"": 4.2463768115942029, ""on_time_delivery_rate"": 92.86}"
14,"Seller Risk",246,"{""seller"": ""ce7d1888639e6fb06b2749cbfdac1ff7"", ""sales_value"": 14876.54, ""delivered_orders"": 78, ""seller_risk_level"": ""Lower Risk"", ""average_review_score"": 4.1666666666666667, ""on_time_delivery_rate"": 91.03}"
14,"Seller Risk",247,"{""seller"": ""0ea22c1cfbdc755f86b9b54b39c16043"", ""sales_value"": 14824.08, ""delivered_orders"": 234, ""seller_risk_level"": ""Lower Risk"", ""average_review_score"": 4.4110169491525424, ""on_time_delivery_rate"": 98.29}"
14,"Seller Risk",248,"{""seller"": ""48436dade18ac8b2bce089ec2a041202"", ""sales_value"": 14662.01, ""delivered_orders"": 134, ""seller_risk_level"": ""Lower Risk"", ""average_review_score"": 4.1044776119402985, ""on_time_delivery_rate"": 92.54}"
14,"Seller Risk",249,"{""seller"": ""2e1c9f22be269ef4643f826c9e650a52"", ""sales_value"": 14491.52, ""delivered_orders"": 161, ""seller_risk_level"": ""Lower Risk"", ""average_review_score"": 4.2484472049689441, ""on_time_delivery_rate"": 93.17}"
14,"Seller Risk",250,"{""seller"": ""e26901d5ab434ce92fd9b5c256820a4e"", ""sales_value"": 14481.63, ""delivered_orders"": 197, ""seller_risk_level"": ""Lower Risk"", ""average_review_score"": 4.2030456852791878, ""on_time_delivery_rate"": 97.46}"
14,"Seller Risk",251,"{""seller"": ""34d1ca11b242c0fee2c834ae8d788566"", ""sales_value"": 14404.28, ""delivered_orders"": 40, ""seller_risk_level"": ""Lower Risk"", ""average_review_score"": 4.3333333333333333, ""on_time_delivery_rate"": 100.00}"
14,"Seller Risk",252,"{""seller"": ""d6b1ce66b035a475f00c017792ff9769"", ""sales_value"": 14315.88, ""delivered_orders"": 92, ""seller_risk_level"": ""Lower Risk"", ""average_review_score"": 4.2777777777777778, ""on_time_delivery_rate"": 93.48}"
14,"Seller Risk",253,"{""seller"": ""8d956fec2e4337affcb520f56fd8cbfd"", ""sales_value"": 14302.05, ""delivered_orders"": 210, ""seller_risk_level"": ""Lower Risk"", ""average_review_score"": 4.2180094786729858, ""on_time_delivery_rate"": 89.52}"
14,"Seller Risk",254,"{""seller"": ""813348c996469b40f2e028d5429d3495"", ""sales_value"": 14271.23, ""delivered_orders"": 172, ""seller_risk_level"": ""Lower Risk"", ""average_review_score"": 4.0650887573964497, ""on_time_delivery_rate"": 94.77}"
14,"Seller Risk",255,"{""seller"": ""240b9776d844d37535668549a396af32"", ""sales_value"": 14171.65, ""delivered_orders"": 35, ""seller_risk_level"": ""Lower Risk"", ""average_review_score"": 4.3428571428571429, ""on_time_delivery_rate"": 94.29}"
14,"Seller Risk",256,"{""seller"": ""ff063b022a9a0aab91bad2c9088760b7"", ""sales_value"": 14061.27, ""delivered_orders"": 94, ""seller_risk_level"": ""Lower Risk"", ""average_review_score"": 4.3118279569892473, ""on_time_delivery_rate"": 96.81}"
14,"Seller Risk",257,"{""seller"": ""95e03ca3d4146e4011985981aeb959b9"", ""sales_value"": 14054.46, ""delivered_orders"": 172, ""seller_risk_level"": ""Lower Risk"", ""average_review_score"": 4.0232558139534884, ""on_time_delivery_rate"": 96.51}"
14,"Seller Risk",258,"{""seller"": ""cab85505710c7cb9b720bceb52b01cee"", ""sales_value"": 13951.99, ""delivered_orders"": 201, ""seller_risk_level"": ""Lower Risk"", ""average_review_score"": 4.3316831683168317, ""on_time_delivery_rate"": 97.51}"
14,"Seller Risk",259,"{""seller"": ""0be8ff43f22e456b4e0371b2245e4d01"", ""sales_value"": 13844.49, ""delivered_orders"": 156, ""seller_risk_level"": ""Lower Risk"", ""average_review_score"": 4.0320512820512821, ""on_time_delivery_rate"": 93.59}"
14,"Seller Risk",260,"{""seller"": ""b372ee768ed69e46ca8cdbd267aa7a38"", ""sales_value"": 13813.84, ""delivered_orders"": 63, ""seller_risk_level"": ""Lower Risk"", ""average_review_score"": 4.4375000000000000, ""on_time_delivery_rate"": 100.00}"
14,"Seller Risk",261,"{""seller"": ""80e6699fe29150b372a0c8a1ebf7dcc8"", ""sales_value"": 13786.81, ""delivered_orders"": 96, ""seller_risk_level"": ""Lower Risk"", ""average_review_score"": 4.3368421052631579, ""on_time_delivery_rate"": 95.83}"
14,"Seller Risk",262,"{""seller"": ""e24fc9fcd865784fb25705606fe3dfe7"", ""sales_value"": 13780.71, ""delivered_orders"": 51, ""seller_risk_level"": ""Lower Risk"", ""average_review_score"": 4.1568627450980392, ""on_time_delivery_rate"": 92.16}"
14,"Seller Risk",263,"{""seller"": ""8cc6a0e5738e61a87b03c78b2ba9db4b"", ""sales_value"": 13776.60, ""delivered_orders"": 23, ""seller_risk_level"": ""Lower Risk"", ""average_review_score"": 4.4782608695652174, ""on_time_delivery_rate"": 91.30}"
14,"Seller Risk",264,"{""seller"": ""6cd68b3ed6d59aaa9fece558ad360c0a"", ""sales_value"": 13718.46, ""delivered_orders"": 149, ""seller_risk_level"": ""Lower Risk"", ""average_review_score"": 4.4563758389261745, ""on_time_delivery_rate"": 97.99}"
14,"Seller Risk",265,"{""seller"": ""5a8e7d5003a1f221f9e1d6e411de7c23"", ""sales_value"": 13708.80, ""delivered_orders"": 137, ""seller_risk_level"": ""Lower Risk"", ""average_review_score"": 4.1678832116788321, ""on_time_delivery_rate"": 94.16}"
14,"Seller Risk",266,"{""seller"": ""c8b0e2b0a7095e5d8219575d5e7e1181"", ""sales_value"": 13657.34, ""delivered_orders"": 84, ""seller_risk_level"": ""Lower Risk"", ""average_review_score"": 4.0843373493975904, ""on_time_delivery_rate"": 92.86}"
14,"Seller Risk",267,"{""seller"": ""70c27847eca8195c983ed7e798c56743"", ""sales_value"": 13529.18, ""delivered_orders"": 77, ""seller_risk_level"": ""Lower Risk"", ""average_review_score"": 4.2337662337662338, ""on_time_delivery_rate"": 90.91}"
14,"Seller Risk",268,"{""seller"": ""056b4ada5bbc2c50cc7842547dda6b51"", ""sales_value"": 13485.79, ""delivered_orders"": 64, ""seller_risk_level"": ""Lower Risk"", ""average_review_score"": 4.2063492063492063, ""on_time_delivery_rate"": 89.06}"
14,"Seller Risk",269,"{""seller"": ""e8b3a3a38279a82f0e5d006d5e5b7d2c"", ""sales_value"": 13408.21, ""delivered_orders"": 80, ""seller_risk_level"": ""Lower Risk"", ""average_review_score"": 4.0246913580246914, ""on_time_delivery_rate"": 95.00}"
14,"Seller Risk",270,"{""seller"": ""1d8dbc4f32378d715c717c1c1fc57bae"", ""sales_value"": 13291.14, ""delivered_orders"": 91, ""seller_risk_level"": ""Lower Risk"", ""average_review_score"": 4.0561797752808989, ""on_time_delivery_rate"": 90.11}"
14,"Seller Risk",271,"{""seller"": ""25e6ffe976bd75618accfe16cefcbd0d"", ""sales_value"": 13239.80, ""delivered_orders"": 106, ""seller_risk_level"": ""Lower Risk"", ""average_review_score"": 4.4433962264150943, ""on_time_delivery_rate"": 94.34}"
14,"Seller Risk",272,"{""seller"": ""c66dccfb3f109511246da627dd5a2498"", ""sales_value"": 13127.29, ""delivered_orders"": 44, ""seller_risk_level"": ""Lower Risk"", ""average_review_score"": 4.5681818181818182, ""on_time_delivery_rate"": 95.45}"
14,"Seller Risk",273,"{""seller"": ""562fc2f2c2863ab7e79a9e4388a58a14"", ""sales_value"": 12884.21, ""delivered_orders"": 255, ""seller_risk_level"": ""Lower Risk"", ""average_review_score"": 4.2292490118577075, ""on_time_delivery_rate"": 96.47}"
14,"Seller Risk",274,"{""seller"": ""1da3aeb70d7989d1e6d9b0e887f97c23"", ""sales_value"": 12867.08, ""delivered_orders"": 261, ""seller_risk_level"": ""Lower Risk"", ""average_review_score"": 4.1564885496183206, ""on_time_delivery_rate"": 94.25}"
14,"Seller Risk",275,"{""seller"": ""b4f8921fcc4ff77b66bea6dda43dcd51"", ""sales_value"": 12863.41, ""delivered_orders"": 18, ""seller_risk_level"": ""Lower Risk"", ""average_review_score"": 4.5555555555555556, ""on_time_delivery_rate"": 94.44}"
14,"Seller Risk",276,"{""seller"": ""d1b65fc7debc3361ea86b5f14c68d2e2"", ""sales_value"": 12823.32, ""delivered_orders"": 39, ""seller_risk_level"": ""Lower Risk"", ""average_review_score"": 4.6410256410256410, ""on_time_delivery_rate"": 94.87}"
14,"Seller Risk",277,"{""seller"": ""6e386f64c84e482f0b9abf960797ee1b"", ""sales_value"": 12820.81, ""delivered_orders"": 29, ""seller_risk_level"": ""Lower Risk"", ""average_review_score"": 4.6071428571428571, ""on_time_delivery_rate"": 89.66}"
14,"Seller Risk",278,"{""seller"": ""c9c7905cffc4ef9ff9f113554423e671"", ""sales_value"": 12766.71, ""delivered_orders"": 127, ""seller_risk_level"": ""Lower Risk"", ""average_review_score"": 4.1484375000000000, ""on_time_delivery_rate"": 89.76}"
14,"Seller Risk",279,"{""seller"": ""fbc14c0cf93505ef89f64665ffa4a7b5"", ""sales_value"": 12758.93, ""delivered_orders"": 18, ""seller_risk_level"": ""Lower Risk"", ""average_review_score"": 4.1764705882352941, ""on_time_delivery_rate"": 94.44}"
14,"Seller Risk",280,"{""seller"": ""f262cbc1c910c83959f849465454ddd3"", ""sales_value"": 12654.90, ""delivered_orders"": 189, ""seller_risk_level"": ""Lower Risk"", ""average_review_score"": 4.1808510638297872, ""on_time_delivery_rate"": 90.48}"
14,"Seller Risk",281,"{""seller"": ""72c5da29406b4234927b81855e7b64f6"", ""sales_value"": 12652.47, ""delivered_orders"": 31, ""seller_risk_level"": ""Lower Risk"", ""average_review_score"": 4.1290322580645161, ""on_time_delivery_rate"": 96.77}"
14,"Seller Risk",282,"{""seller"": ""ca3bd7cd9f149df75950150d010fe4a2"", ""sales_value"": 12572.36, ""delivered_orders"": 68, ""seller_risk_level"": ""Lower Risk"", ""average_review_score"": 4.0882352941176471, ""on_time_delivery_rate"": 95.59}"
14,"Seller Risk",283,"{""seller"": ""1c129092bf23f28a5930387c980c0dfc"", ""sales_value"": 12550.19, ""delivered_orders"": 200, ""seller_risk_level"": ""Lower Risk"", ""average_review_score"": 4.2512562814070352, ""on_time_delivery_rate"": 94.50}"
14,"Seller Risk",284,"{""seller"": ""4830e40640734fc1c52cd21127c341d4"", ""sales_value"": 12502.42, ""delivered_orders"": 204, ""seller_risk_level"": ""Lower Risk"", ""average_review_score"": 4.2330097087378641, ""on_time_delivery_rate"": 93.14}"
14,"Seller Risk",285,"{""seller"": ""7ea5bfa6c340f58f8e71fc1f0412b0d6"", ""sales_value"": 12470.26, ""delivered_orders"": 96, ""seller_risk_level"": ""Lower Risk"", ""average_review_score"": 4.1894736842105263, ""on_time_delivery_rate"": 92.71}"
14,"Seller Risk",286,"{""seller"": ""c864036feaab8c1659f65ea4faebe1da"", ""sales_value"": 12299.77, ""delivered_orders"": 58, ""seller_risk_level"": ""Lower Risk"", ""average_review_score"": 4.5689655172413793, ""on_time_delivery_rate"": 96.55}"
14,"Seller Risk",287,"{""seller"": ""33a6f4b1e7cdc205511e76ba1b6e0186"", ""sales_value"": 12183.91, ""delivered_orders"": 105, ""seller_risk_level"": ""Lower Risk"", ""average_review_score"": 4.4095238095238095, ""on_time_delivery_rate"": 98.10}"
14,"Seller Risk",288,"{""seller"": ""bba3293d6f5d5af2f415e004e8b93ae3"", ""sales_value"": 12028.79, ""delivered_orders"": 17, ""seller_risk_level"": ""Lower Risk"", ""average_review_score"": 4.2941176470588235, ""on_time_delivery_rate"": 94.12}"
14,"Seller Risk",289,"{""seller"": ""17ca9b9e9b9ef8fdb529001b49ebb50f"", ""sales_value"": 11998.82, ""delivered_orders"": 115, ""seller_risk_level"": ""Lower Risk"", ""average_review_score"": 4.0775862068965517, ""on_time_delivery_rate"": 97.39}"
14,"Seller Risk",290,"{""seller"": ""f3b80352b986ab4d1057a4b724be19d0"", ""sales_value"": 11941.36, ""delivered_orders"": 86, ""seller_risk_level"": ""Lower Risk"", ""average_review_score"": 4.2093023255813953, ""on_time_delivery_rate"": 100.00}"
14,"Seller Risk",291,"{""seller"": ""4e7c18b98d84e05cbae3ff0ff03846c2"", ""sales_value"": 11862.36, ""delivered_orders"": 81, ""seller_risk_level"": ""Lower Risk"", ""average_review_score"": 4.2195121951219512, ""on_time_delivery_rate"": 95.06}"
14,"Seller Risk",292,"{""seller"": ""32b8764b4ef628b53608fc34011fcc13"", ""sales_value"": 11854.42, ""delivered_orders"": 36, ""seller_risk_level"": ""Lower Risk"", ""average_review_score"": 4.1944444444444444, ""on_time_delivery_rate"": 91.67}"
14,"Seller Risk",293,"{""seller"": ""9d5a9018aee56acb367ba9c3f05d1d6a"", ""sales_value"": 11791.39, ""delivered_orders"": 66, ""seller_risk_level"": ""Lower Risk"", ""average_review_score"": 4.4545454545454545, ""on_time_delivery_rate"": 98.48}"
14,"Seller Risk",294,"{""seller"": ""f80edd2c5aaa505cc4b0a3b219abf4b8"", ""sales_value"": 11790.62, ""delivered_orders"": 116, ""seller_risk_level"": ""Lower Risk"", ""average_review_score"": 4.1478260869565217, ""on_time_delivery_rate"": 94.83}"
14,"Seller Risk",295,"{""seller"": ""aafe36600ce604f205b86b5084d3d767"", ""sales_value"": 11673.20, ""delivered_orders"": 129, ""seller_risk_level"": ""Lower Risk"", ""average_review_score"": 4.4031007751937984, ""on_time_delivery_rate"": 95.35}"
14,"Seller Risk",296,"{""seller"": ""aaed1309374718fdd995ee4c58c9dfcd"", ""sales_value"": 11659.73, ""delivered_orders"": 104, ""seller_risk_level"": ""Lower Risk"", ""average_review_score"": 4.0576923076923077, ""on_time_delivery_rate"": 97.12}"
14,"Seller Risk",297,"{""seller"": ""ce27a3cc3c8cc1ea79d11e561e9bebb6"", ""sales_value"": 11620.12, ""delivered_orders"": 122, ""seller_risk_level"": ""Lower Risk"", ""average_review_score"": 4.1880341880341880, ""on_time_delivery_rate"": 97.54}"
14,"Seller Risk",298,"{""seller"": ""31344c16881c08a8a72c6d2eb29918c1"", ""sales_value"": 11574.35, ""delivered_orders"": 42, ""seller_risk_level"": ""Lower Risk"", ""average_review_score"": 4.4285714285714286, ""on_time_delivery_rate"": 95.24}"
14,"Seller Risk",299,"{""seller"": ""01cf7e3d21494c41fb86034f2e714fa1"", ""sales_value"": 11404.01, ""delivered_orders"": 59, ""seller_risk_level"": ""Lower Risk"", ""average_review_score"": 4.1206896551724138, ""on_time_delivery_rate"": 94.92}"
14,"Seller Risk",300,"{""seller"": ""0df3984f9dfb3d49ac6366acbd3bbb85"", ""sales_value"": 11374.54, ""delivered_orders"": 86, ""seller_risk_level"": ""Lower Risk"", ""average_review_score"": 4.3837209302325581, ""on_time_delivery_rate"": 98.84}"
14,"Seller Risk",301,"{""seller"": ""9d4db00d65d7760644ac0c14edb5fd86"", ""sales_value"": 11355.30, ""delivered_orders"": 97, ""seller_risk_level"": ""Lower Risk"", ""average_review_score"": 4.5416666666666667, ""on_time_delivery_rate"": 95.88}"
14,"Seller Risk",302,"{""seller"": ""9b013e03b2ab786505a1d3b5c0756754"", ""sales_value"": 11270.83, ""delivered_orders"": 170, ""seller_risk_level"": ""Lower Risk"", ""average_review_score"": 4.2189349112426036, ""on_time_delivery_rate"": 94.12}"
14,"Seller Risk",303,"{""seller"": ""92eb0f42c21942b6552362b9b114707d"", ""sales_value"": 11262.04, ""delivered_orders"": 334, ""seller_risk_level"": ""Lower Risk"", ""average_review_score"": 4.0210843373493976, ""on_time_delivery_rate"": 91.92}"
14,"Seller Risk",304,"{""seller"": ""6c7d50c24b3ccd2fd83b44d8bb34e073"", ""sales_value"": 11123.79, ""delivered_orders"": 112, ""seller_risk_level"": ""Lower Risk"", ""average_review_score"": 4.4504504504504505, ""on_time_delivery_rate"": 98.21}"
14,"Seller Risk",305,"{""seller"": ""81a1104df0f08b59c68aa5b03cfe398e"", ""sales_value"": 11115.43, ""delivered_orders"": 72, ""seller_risk_level"": ""Lower Risk"", ""average_review_score"": 4.3142857142857143, ""on_time_delivery_rate"": 94.44}"
14,"Seller Risk",306,"{""seller"": ""bd23da7354813347129d751591d1a6e2"", ""sales_value"": 11089.16, ""delivered_orders"": 86, ""seller_risk_level"": ""Lower Risk"", ""average_review_score"": 4.1279069767441860, ""on_time_delivery_rate"": 95.35}"
14,"Seller Risk",307,"{""seller"": ""259f7b5e6e482c230e5bfaa670b6bb8f"", ""sales_value"": 11087.42, ""delivered_orders"": 136, ""seller_risk_level"": ""Lower Risk"", ""average_review_score"": 4.3455882352941176, ""on_time_delivery_rate"": 97.79}"
14,"Seller Risk",308,"{""seller"": ""0db783cfcd3b73998abc6e10e59a102f"", ""sales_value"": 11076.55, ""delivered_orders"": 132, ""seller_risk_level"": ""Lower Risk"", ""average_review_score"": 4.2061068702290076, ""on_time_delivery_rate"": 96.21}"
14,"Seller Risk",309,"{""seller"": ""1c5e4e49b9079480255b49d50aac1aa9"", ""sales_value"": 11062.72, ""delivered_orders"": 12, ""seller_risk_level"": ""Lower Risk"", ""average_review_score"": 4.3333333333333333, ""on_time_delivery_rate"": 100.00}"
14,"Seller Risk",310,"{""seller"": ""cbd996ad3c1b7dc71fd0e5f5df9087e2"", ""sales_value"": 10989.44, ""delivered_orders"": 160, ""seller_risk_level"": ""Lower Risk"", ""average_review_score"": 4.2101910828025478, ""on_time_delivery_rate"": 91.25}"
14,"Seller Risk",311,"{""seller"": ""c510bc1718f0f2961eaa42a23330681a"", ""sales_value"": 10851.45, ""delivered_orders"": 12, ""seller_risk_level"": ""Lower Risk"", ""average_review_score"": 4.2500000000000000, ""on_time_delivery_rate"": 100.00}"
14,"Seller Risk",312,"{""seller"": ""e5a3438891c0bfdb9394643f95273d8e"", ""sales_value"": 10830.70, ""delivered_orders"": 216, ""seller_risk_level"": ""Lower Risk"", ""average_review_score"": 3.9769585253456221, ""on_time_delivery_rate"": 81.48}"
14,"Seller Risk",313,"{""seller"": ""624f4ece8da4aafb77699233d480f8ef"", ""sales_value"": 10751.55, ""delivered_orders"": 52, ""seller_risk_level"": ""Lower Risk"", ""average_review_score"": 4.2500000000000000, ""on_time_delivery_rate"": 92.31}"
14,"Seller Risk",314,"{""seller"": ""5882820ef11c4c068eea0677a7a879b4"", ""sales_value"": 10664.81, ""delivered_orders"": 14, ""seller_risk_level"": ""Lower Risk"", ""average_review_score"": 4.1538461538461538, ""on_time_delivery_rate"": 92.86}"
14,"Seller Risk",315,"{""seller"": ""b92e3c8f9738272ff7c59e111e108d7c"", ""sales_value"": 10645.30, ""delivered_orders"": 62, ""seller_risk_level"": ""Lower Risk"", ""average_review_score"": 4.1746031746031746, ""on_time_delivery_rate"": 96.77}"
14,"Seller Risk",316,"{""seller"": ""066a6914e1ebf3ea95a216c73a986b91"", ""sales_value"": 10611.56, ""delivered_orders"": 66, ""seller_risk_level"": ""Lower Risk"", ""average_review_score"": 4.0909090909090909, ""on_time_delivery_rate"": 96.97}"
14,"Seller Risk",317,"{""seller"": ""7b1222c3624aa89b9558b50a2594188c"", ""sales_value"": 10561.09, ""delivered_orders"": 22, ""seller_risk_level"": ""Lower Risk"", ""average_review_score"": 4.4545454545454545, ""on_time_delivery_rate"": 86.36}"
14,"Seller Risk",318,"{""seller"": ""7b07b3c7487f0ea825fc6df75abd658b"", ""sales_value"": 10552.16, ""delivered_orders"": 91, ""seller_risk_level"": ""Lower Risk"", ""average_review_score"": 4.4175824175824176, ""on_time_delivery_rate"": 95.60}"
14,"Seller Risk",319,"{""seller"": ""7008613ea464bad5cb9b83456e1e6a8f"", ""sales_value"": 10488.04, ""delivered_orders"": 123, ""seller_risk_level"": ""Lower Risk"", ""average_review_score"": 4.2786885245901639, ""on_time_delivery_rate"": 95.12}"
14,"Seller Risk",320,"{""seller"": ""f27e33c6d29b5138fa9967bcd445b6d5"", ""sales_value"": 10482.25, ""delivered_orders"": 93, ""seller_risk_level"": ""Lower Risk"", ""average_review_score"": 4.0967741935483871, ""on_time_delivery_rate"": 89.25}"
14,"Seller Risk",321,"{""seller"": ""a49928bcdf77c55c6d6e05e09a9b4ca5"", ""sales_value"": 10373.82, ""delivered_orders"": 96, ""seller_risk_level"": ""Lower Risk"", ""average_review_score"": 3.0312500000000000, ""on_time_delivery_rate"": 73.96}"
14,"Seller Risk",322,"{""seller"": ""b2ac621f0d0322434d04a12b078b9369"", ""sales_value"": 10356.89, ""delivered_orders"": 30, ""seller_risk_level"": ""Lower Risk"", ""average_review_score"": 4.4000000000000000, ""on_time_delivery_rate"": 90.00}"
14,"Seller Risk",323,"{""seller"": ""cb8bcce248bb1fb274ba762d8b971456"", ""sales_value"": 10352.49, ""delivered_orders"": 66, ""seller_risk_level"": ""Lower Risk"", ""average_review_score"": 4.3333333333333333, ""on_time_delivery_rate"": 98.48}"
14,"Seller Risk",324,"{""seller"": ""0bae85eb84b9fb3bd773911e89288d54"", ""sales_value"": 10340.56, ""delivered_orders"": 136, ""seller_risk_level"": ""Lower Risk"", ""average_review_score"": 4.2941176470588235, ""on_time_delivery_rate"": 99.26}"
14,"Seller Risk",325,"{""seller"": ""e96498ed8daaa3e9c23f7a62da76591c"", ""sales_value"": 10332.19, ""delivered_orders"": 34, ""seller_risk_level"": ""Lower Risk"", ""average_review_score"": 3.9411764705882353, ""on_time_delivery_rate"": 85.29}"
14,"Seller Risk",326,"{""seller"": ""048c2757535328e0d7dac690ad3c0aae"", ""sales_value"": 10312.41, ""delivered_orders"": 50, ""seller_risk_level"": ""Lower Risk"", ""average_review_score"": 4.2448979591836735, ""on_time_delivery_rate"": 86.00}"
14,"Seller Risk",327,"{""seller"": ""b1a81260566c1bac3114a6d124413f27"", ""sales_value"": 10250.20, ""delivered_orders"": 51, ""seller_risk_level"": ""Lower Risk"", ""average_review_score"": 4.2745098039215686, ""on_time_delivery_rate"": 98.04}"
14,"Seller Risk",328,"{""seller"": ""d98eec89afa3380e14463da2aabaea72"", ""sales_value"": 10225.31, ""delivered_orders"": 168, ""seller_risk_level"": ""Lower Risk"", ""average_review_score"": 4.3333333333333333, ""on_time_delivery_rate"": 97.62}"
14,"Seller Risk",329,"{""seller"": ""b1fc4f64df5a0e8b6913ab38803c57a9"", ""sales_value"": 10140.99, ""delivered_orders"": 107, ""seller_risk_level"": ""Lower Risk"", ""average_review_score"": 3.8571428571428571, ""on_time_delivery_rate"": 87.85}"
14,"Seller Risk",330,"{""seller"": ""3c487ae8f8d7542beff5788e2e0aea83"", ""sales_value"": 10105.35, ""delivered_orders"": 30, ""seller_risk_level"": ""Lower Risk"", ""average_review_score"": 4.2000000000000000, ""on_time_delivery_rate"": 96.67}"
14,"Seller Risk",331,"{""seller"": ""5b8154610ebb21fb90eb587365e673df"", ""sales_value"": 10096.72, ""delivered_orders"": 37, ""seller_risk_level"": ""Lower Risk"", ""average_review_score"": 4.1621621621621622, ""on_time_delivery_rate"": 89.19}"
14,"Seller Risk",332,"{""seller"": ""e7df4cd29ab5abab70fb0783ddb53987"", ""sales_value"": 10022.07, ""delivered_orders"": 23, ""seller_risk_level"": ""Lower Risk"", ""average_review_score"": 4.3043478260869565, ""on_time_delivery_rate"": 82.61}"
14,"Seller Risk",333,"{""seller"": ""972d0f9cf61b499a4812cf0bfa3ad3c4"", ""sales_value"": 10011.15, ""delivered_orders"": 81, ""seller_risk_level"": ""Lower Risk"", ""average_review_score"": 3.0253164556962025, ""on_time_delivery_rate"": 88.89}"
14,"Seller Risk",334,"{""seller"": ""febab0275244b9a49a623f0bd613ca2f"", ""sales_value"": 10001.31, ""delivered_orders"": 106, ""seller_risk_level"": ""Lower Risk"", ""average_review_score"": 4.4433962264150943, ""on_time_delivery_rate"": 95.28}"
14,"Seller Risk",335,"{""seller"": ""5f2684dab12e59f83bef73ae57724e45"", ""sales_value"": 9980.72, ""delivered_orders"": 67, ""seller_risk_level"": ""Lower Risk"", ""average_review_score"": 3.7910447761194030, ""on_time_delivery_rate"": 94.03}"
14,"Seller Risk",336,"{""seller"": ""8e8a7ce9f2f970dc00e2acf6f6e199f6"", ""sales_value"": 9968.78, ""delivered_orders"": 63, ""seller_risk_level"": ""Lower Risk"", ""average_review_score"": 3.9687500000000000, ""on_time_delivery_rate"": 90.48}"
14,"Seller Risk",337,"{""seller"": ""640e21a7d01df7614a3b4923e990d40c"", ""sales_value"": 9960.55, ""delivered_orders"": 115, ""seller_risk_level"": ""Lower Risk"", ""average_review_score"": 4.3304347826086957, ""on_time_delivery_rate"": 93.04}"
14,"Seller Risk",338,"{""seller"": ""6d803cb79cc31c41c4c789a75933b3c7"", ""sales_value"": 9925.07, ""delivered_orders"": 58, ""seller_risk_level"": ""Lower Risk"", ""average_review_score"": 4.2500000000000000, ""on_time_delivery_rate"": 93.10}"
14,"Seller Risk",339,"{""seller"": ""d71d863e5ef30d94e440c11be17dcd8f"", ""sales_value"": 9920.09, ""delivered_orders"": 23, ""seller_risk_level"": ""Lower Risk"", ""average_review_score"": 3.3333333333333333, ""on_time_delivery_rate"": 86.96}"
14,"Seller Risk",340,"{""seller"": ""270297ead4c65a6cd2593960d2af6b21"", ""sales_value"": 9881.76, ""delivered_orders"": 17, ""seller_risk_level"": ""Lower Risk"", ""average_review_score"": 3.8235294117647059, ""on_time_delivery_rate"": 100.00}"
14,"Seller Risk",341,"{""seller"": ""2dee2ce60de9709b1a24083217181a1f"", ""sales_value"": 9844.56, ""delivered_orders"": 54, ""seller_risk_level"": ""Lower Risk"", ""average_review_score"": 4.4259259259259259, ""on_time_delivery_rate"": 98.15}"
14,"Seller Risk",342,"{""seller"": ""4371b634e0efc0e22b09b52907d9d469"", ""sales_value"": 9645.01, ""delivered_orders"": 101, ""seller_risk_level"": ""Lower Risk"", ""average_review_score"": 4.4800000000000000, ""on_time_delivery_rate"": 92.08}"
14,"Seller Risk",343,"{""seller"": ""d03698c2efd04a549382afa6623e27fb"", ""sales_value"": 9644.62, ""delivered_orders"": 18, ""seller_risk_level"": ""Lower Risk"", ""average_review_score"": 4.5000000000000000, ""on_time_delivery_rate"": 94.44}"
14,"Seller Risk",344,"{""seller"": ""6c12e40690c335dbc2f68a4134d30dc1"", ""sales_value"": 9624.26, ""delivered_orders"": 16, ""seller_risk_level"": ""Lower Risk"", ""average_review_score"": 4.0714285714285714, ""on_time_delivery_rate"": 100.00}"
14,"Seller Risk",345,"{""seller"": ""06df0c10d34e459d9672bc77388742eb"", ""sales_value"": 9595.77, ""delivered_orders"": 26, ""seller_risk_level"": ""Lower Risk"", ""average_review_score"": 4.3461538461538462, ""on_time_delivery_rate"": 88.46}"
14,"Seller Risk",346,"{""seller"": ""7d456afc660226829370f3173d14520c"", ""sales_value"": 9579.53, ""delivered_orders"": 55, ""seller_risk_level"": ""Lower Risk"", ""average_review_score"": 4.3571428571428571, ""on_time_delivery_rate"": 94.55}"
14,"Seller Risk",347,"{""seller"": ""8a432f4e5b471f8da497d7dc517666e2"", ""sales_value"": 9520.11, ""delivered_orders"": 95, ""seller_risk_level"": ""Lower Risk"", ""average_review_score"": 4.1914893617021277, ""on_time_delivery_rate"": 94.74}"
14,"Seller Risk",348,"{""seller"": ""33a17d60c64393351ebf1ef860f4e0f2"", ""sales_value"": 9431.86, ""delivered_orders"": 43, ""seller_risk_level"": ""Lower Risk"", ""average_review_score"": 4.6279069767441860, ""on_time_delivery_rate"": 97.67}"
14,"Seller Risk",349,"{""seller"": ""17306570e772e7718c92a562d33f5f1d"", ""sales_value"": 9415.91, ""delivered_orders"": 27, ""seller_risk_level"": ""Lower Risk"", ""average_review_score"": 3.7777777777777778, ""on_time_delivery_rate"": 92.59}"
14,"Seller Risk",350,"{""seller"": ""9596c870880d900012f2e8e6e30d06d7"", ""sales_value"": 9371.71, ""delivered_orders"": 21, ""seller_risk_level"": ""Lower Risk"", ""average_review_score"": 4.2857142857142857, ""on_time_delivery_rate"": 95.24}"
14,"Seller Risk",351,"{""seller"": ""af4a0e4cfe1d9c26b6712b1be25a72e5"", ""sales_value"": 9351.60, ""delivered_orders"": 21, ""seller_risk_level"": ""Lower Risk"", ""average_review_score"": 3.4285714285714286, ""on_time_delivery_rate"": 90.48}"
14,"Seller Risk",352,"{""seller"": ""37515688008a7a40ac93e3b2e4ab203f"", ""sales_value"": 9350.75, ""delivered_orders"": 227, ""seller_risk_level"": ""Lower Risk"", ""average_review_score"": 4.1022222222222222, ""on_time_delivery_rate"": 89.87}"
14,"Seller Risk",353,"{""seller"": ""ebd2d60905fb58271facef5596b620d3"", ""sales_value"": 9350.40, ""delivered_orders"": 82, ""seller_risk_level"": ""Lower Risk"", ""average_review_score"": 4.2317073170731707, ""on_time_delivery_rate"": 96.34}"
14,"Seller Risk",354,"{""seller"": ""18a349e75d307f4b4cc646a691ed4216"", ""sales_value"": 9315.87, ""delivered_orders"": 109, ""seller_risk_level"": ""Lower Risk"", ""average_review_score"": 3.6018518518518519, ""on_time_delivery_rate"": 93.58}"
14,"Seller Risk",355,"{""seller"": ""7a241947449cc45dbfda4f9d0798d9d0"", ""sales_value"": 9309.64, ""delivered_orders"": 56, ""seller_risk_level"": ""Lower Risk"", ""average_review_score"": 4.1454545454545455, ""on_time_delivery_rate"": 92.86}"
14,"Seller Risk",356,"{""seller"": ""fdb9095204a334cd8872252ffec6f2db"", ""sales_value"": 9289.37, ""delivered_orders"": 46, ""seller_risk_level"": ""Lower Risk"", ""average_review_score"": 4.1702127659574468, ""on_time_delivery_rate"": 93.48}"
14,"Seller Risk",357,"{""seller"": ""609e1a9a6c2539919b8205cf7c4e6ff0"", ""sales_value"": 9282.42, ""delivered_orders"": 87, ""seller_risk_level"": ""Lower Risk"", ""average_review_score"": 3.8117647058823529, ""on_time_delivery_rate"": 97.70}"
14,"Seller Risk",358,"{""seller"": ""3078096983cf766a32a06257648502d1"", ""sales_value"": 9281.09, ""delivered_orders"": 56, ""seller_risk_level"": ""Lower Risk"", ""average_review_score"": 4.3035714285714286, ""on_time_delivery_rate"": 94.64}"
14,"Seller Risk",359,"{""seller"": ""db2956745b3a8e9f3785c99f34b5d25e"", ""sales_value"": 9208.26, ""delivered_orders"": 45, ""seller_risk_level"": ""Lower Risk"", ""average_review_score"": 3.8444444444444444, ""on_time_delivery_rate"": 88.89}"
14,"Seller Risk",360,"{""seller"": ""4bfc7a4a1cf8d4d2121c27422d9e50b5"", ""sales_value"": 9191.59, ""delivered_orders"": 26, ""seller_risk_level"": ""Lower Risk"", ""average_review_score"": 4.5384615384615385, ""on_time_delivery_rate"": 96.15}"
14,"Seller Risk",361,"{""seller"": ""725c32fa80c2faacc4fc88450d27314e"", ""sales_value"": 9166.66, ""delivered_orders"": 89, ""seller_risk_level"": ""Lower Risk"", ""average_review_score"": 4.5172413793103448, ""on_time_delivery_rate"": 98.88}"
14,"Seller Risk",362,"{""seller"": ""750303a20e9c56b2a6bc45cdce0b897d"", ""sales_value"": 9164.82, ""delivered_orders"": 53, ""seller_risk_level"": ""Lower Risk"", ""average_review_score"": 4.3018867924528302, ""on_time_delivery_rate"": 96.23}"
14,"Seller Risk",363,"{""seller"": ""403aa86912527d730337ffcb0fb096ab"", ""sales_value"": 9164.51, ""delivered_orders"": 11, ""seller_risk_level"": ""Lower Risk"", ""average_review_score"": 4.0000000000000000, ""on_time_delivery_rate"": 100.00}"
14,"Seller Risk",364,"{""seller"": ""b4ffb71f0cb1b1c3d63fad021ecf93e1"", ""sales_value"": 9137.44, ""delivered_orders"": 143, ""seller_risk_level"": ""Lower Risk"", ""average_review_score"": 4.2483221476510067, ""on_time_delivery_rate"": 97.90}"
14,"Seller Risk",365,"{""seller"": ""aac29b1b99776be73c3049939652091d"", ""sales_value"": 9133.28, ""delivered_orders"": 94, ""seller_risk_level"": ""Lower Risk"", ""average_review_score"": 4.1684210526315789, ""on_time_delivery_rate"": 90.43}"
14,"Seller Risk",366,"{""seller"": ""bd0389da23d89b726abf911cccc54596"", ""sales_value"": 9128.47, ""delivered_orders"": 87, ""seller_risk_level"": ""Lower Risk"", ""average_review_score"": 4.1724137931034483, ""on_time_delivery_rate"": 91.95}"
14,"Seller Risk",367,"{""seller"": ""6c177e38df6d3f34182b1f1d427231bf"", ""sales_value"": 9115.05, ""delivered_orders"": 53, ""seller_risk_level"": ""Lower Risk"", ""average_review_score"": 4.1509433962264151, ""on_time_delivery_rate"": 96.23}"
14,"Seller Risk",368,"{""seller"": ""7722b1df1b0e383e000397b2c11e3e19"", ""sales_value"": 9106.08, ""delivered_orders"": 133, ""seller_risk_level"": ""Lower Risk"", ""average_review_score"": 4.2272727272727273, ""on_time_delivery_rate"": 96.99}"
14,"Seller Risk",369,"{""seller"": ""08633c14ef2db992c11f840f04fad4cd"", ""sales_value"": 9068.82, ""delivered_orders"": 74, ""seller_risk_level"": ""Lower Risk"", ""average_review_score"": 4.3648648648648649, ""on_time_delivery_rate"": 93.24}"
14,"Seller Risk",370,"{""seller"": ""52d76513f0c4d97f3b99570e2c94ee31"", ""sales_value"": 9042.36, ""delivered_orders"": 19, ""seller_risk_level"": ""Lower Risk"", ""average_review_score"": 4.0555555555555556, ""on_time_delivery_rate"": 94.74}"
14,"Seller Risk",371,"{""seller"": ""903037660cf848a717166eb7a06d616e"", ""sales_value"": 9019.17, ""delivered_orders"": 44, ""seller_risk_level"": ""Lower Risk"", ""average_review_score"": 3.9545454545454545, ""on_time_delivery_rate"": 86.36}"
14,"Seller Risk",372,"{""seller"": ""054694fa03fe82cec4b7551487331d74"", ""sales_value"": 8946.34, ""delivered_orders"": 20, ""seller_risk_level"": ""Lower Risk"", ""average_review_score"": 3.4000000000000000, ""on_time_delivery_rate"": 70.00}"
14,"Seller Risk",373,"{""seller"": ""36a968b544695394e4e9d7572688598f"", ""sales_value"": 8917.70, ""delivered_orders"": 148, ""seller_risk_level"": ""Lower Risk"", ""average_review_score"": 3.7583892617449664, ""on_time_delivery_rate"": 95.27}"
14,"Seller Risk",374,"{""seller"": ""fcb5ace8bcc92f75707dc0f01a27d269"", ""sales_value"": 8914.84, ""delivered_orders"": 59, ""seller_risk_level"": ""Lower Risk"", ""average_review_score"": 4.0000000000000000, ""on_time_delivery_rate"": 96.61}"
14,"Seller Risk",375,"{""seller"": ""6fd52c528dcb38be2eea044946b811f8"", ""sales_value"": 8881.58, ""delivered_orders"": 67, ""seller_risk_level"": ""Lower Risk"", ""average_review_score"": 3.3939393939393939, ""on_time_delivery_rate"": 86.57}"
14,"Seller Risk",376,"{""seller"": ""257e61d3251fb5efb9daadddbc2cf7ca"", ""sales_value"": 8806.18, ""delivered_orders"": 12, ""seller_risk_level"": ""Lower Risk"", ""average_review_score"": 4.7500000000000000, ""on_time_delivery_rate"": 100.00}"
14,"Seller Risk",377,"{""seller"": ""5b925e1d006e9476d738aa200751b73b"", ""sales_value"": 8801.84, ""delivered_orders"": 63, ""seller_risk_level"": ""Lower Risk"", ""average_review_score"": 4.6060606060606061, ""on_time_delivery_rate"": 93.65}"
14,"Seller Risk",378,"{""seller"": ""93dc87703c046b603023e75222018b45"", ""sales_value"": 8798.34, ""delivered_orders"": 33, ""seller_risk_level"": ""Lower Risk"", ""average_review_score"": 4.1290322580645161, ""on_time_delivery_rate"": 90.91}"
14,"Seller Risk",379,"{""seller"": ""4e17c65a516f69d023a2ae78b84f28d6"", ""sales_value"": 8794.80, ""delivered_orders"": 61, ""seller_risk_level"": ""Lower Risk"", ""average_review_score"": 4.2295081967213115, ""on_time_delivery_rate"": 93.44}"
14,"Seller Risk",380,"{""seller"": ""dbb9b48c841a0e39e21f98e1a6b2ec3e"", ""sales_value"": 8768.26, ""delivered_orders"": 108, ""seller_risk_level"": ""Lower Risk"", ""average_review_score"": 4.2685185185185185, ""on_time_delivery_rate"": 96.30}"
14,"Seller Risk",381,"{""seller"": ""0432ead42b6c8a0bdf68154add917fdf"", ""sales_value"": 8754.40, ""delivered_orders"": 82, ""seller_risk_level"": ""Lower Risk"", ""average_review_score"": 4.5365853658536585, ""on_time_delivery_rate"": 96.34}"
14,"Seller Risk",382,"{""seller"": ""784ba75dd9d20200c4caed3d7a77141a"", ""sales_value"": 8742.35, ""delivered_orders"": 19, ""seller_risk_level"": ""Lower Risk"", ""average_review_score"": 4.1500000000000000, ""on_time_delivery_rate"": 89.47}"
14,"Seller Risk",383,"{""seller"": ""5d0363b33554b373851fc1622e4d5f3c"", ""sales_value"": 8724.27, ""delivered_orders"": 93, ""seller_risk_level"": ""Lower Risk"", ""average_review_score"": 4.0752688172043011, ""on_time_delivery_rate"": 91.40}"
14,"Seller Risk",384,"{""seller"": ""e333046ce6517bd8bb510291d44f0130"", ""sales_value"": 8699.32, ""delivered_orders"": 68, ""seller_risk_level"": ""Lower Risk"", ""average_review_score"": 4.3382352941176471, ""on_time_delivery_rate"": 94.12}"
14,"Seller Risk",385,"{""seller"": ""062ce95fa2ad4dfaedfc79260130565f"", ""sales_value"": 8663.43, ""delivered_orders"": 54, ""seller_risk_level"": ""Lower Risk"", ""average_review_score"": 4.0925925925925926, ""on_time_delivery_rate"": 96.30}"
14,"Seller Risk",386,"{""seller"": ""8648b1e89e9b349e32d3741b30ec737e"", ""sales_value"": 8649.02, ""delivered_orders"": 93, ""seller_risk_level"": ""Lower Risk"", ""average_review_score"": 4.1684210526315789, ""on_time_delivery_rate"": 89.25}"
14,"Seller Risk",387,"{""seller"": ""73a63f72308aa20a46f4b1632018f196"", ""sales_value"": 8638.10, ""delivered_orders"": 27, ""seller_risk_level"": ""Lower Risk"", ""average_review_score"": 4.1923076923076923, ""on_time_delivery_rate"": 100.00}"
14,"Seller Risk",388,"{""seller"": ""bbf9ad41dca6603e614efcdad7aab8c4"", ""sales_value"": 8622.26, ""delivered_orders"": 14, ""seller_risk_level"": ""Lower Risk"", ""average_review_score"": 4.5000000000000000, ""on_time_delivery_rate"": 100.00}"
14,"Seller Risk",389,"{""seller"": ""3bb548e3cb7f70f28e3f11ee9dce0e59"", ""sales_value"": 8586.81, ""delivered_orders"": 46, ""seller_risk_level"": ""Lower Risk"", ""average_review_score"": 4.1956521739130435, ""on_time_delivery_rate"": 100.00}"
14,"Seller Risk",390,"{""seller"": ""b18dc380845b24038cfc48006478f099"", ""sales_value"": 8550.83, ""delivered_orders"": 43, ""seller_risk_level"": ""Lower Risk"", ""average_review_score"": 4.2142857142857143, ""on_time_delivery_rate"": 83.72}"
14,"Seller Risk",391,"{""seller"": ""ececbfcff9804a2d6b40f589df8eef2b"", ""sales_value"": 8548.46, ""delivered_orders"": 97, ""seller_risk_level"": ""Lower Risk"", ""average_review_score"": 4.1224489795918367, ""on_time_delivery_rate"": 89.69}"
14,"Seller Risk",392,"{""seller"": ""a420f60ff1aa9acc80d0e42959f2b313"", ""sales_value"": 8543.27, ""delivered_orders"": 67, ""seller_risk_level"": ""Lower Risk"", ""average_review_score"": 3.9538461538461538, ""on_time_delivery_rate"": 91.04}"
14,"Seller Risk",393,"{""seller"": ""cc63f0dd2acba93ffed4fe9f8e0321fa"", ""sales_value"": 8496.68, ""delivered_orders"": 55, ""seller_risk_level"": ""Lower Risk"", ""average_review_score"": 4.0909090909090909, ""on_time_delivery_rate"": 100.00}"
14,"Seller Risk",394,"{""seller"": ""67883baaae6134ee81b271a542613728"", ""sales_value"": 8496.02, ""delivered_orders"": 19, ""seller_risk_level"": ""Lower Risk"", ""average_review_score"": 4.1052631578947368, ""on_time_delivery_rate"": 84.21}"
14,"Seller Risk",395,"{""seller"": ""86bb7c4b535e49a541baf3266b1c95b1"", ""sales_value"": 8487.22, ""delivered_orders"": 16, ""seller_risk_level"": ""Lower Risk"", ""average_review_score"": 3.2000000000000000, ""on_time_delivery_rate"": 81.25}"
14,"Seller Risk",396,"{""seller"": ""2c9e548be18521d1c43cde1c582c6de8"", ""sales_value"": 8470.09, ""delivered_orders"": 124, ""seller_risk_level"": ""Lower Risk"", ""average_review_score"": 4.1311475409836066, ""on_time_delivery_rate"": 83.87}"
14,"Seller Risk",397,"{""seller"": ""a2e874074c877c5a05abae80ad6e488f"", ""sales_value"": 8460.34, ""delivered_orders"": 40, ""seller_risk_level"": ""Lower Risk"", ""average_review_score"": 4.2500000000000000, ""on_time_delivery_rate"": 95.00}"
14,"Seller Risk",398,"{""seller"": ""1127b7f2594683f2510f1c2c834a486b"", ""sales_value"": 8438.40, ""delivered_orders"": 110, ""seller_risk_level"": ""Lower Risk"", ""average_review_score"": 4.1981981981981982, ""on_time_delivery_rate"": 97.27}"
14,"Seller Risk",399,"{""seller"": ""058fd0aa2bfdb2274e05e1ae971dabb6"", ""sales_value"": 8428.78, ""delivered_orders"": 60, ""seller_risk_level"": ""Lower Risk"", ""average_review_score"": 4.3770491803278689, ""on_time_delivery_rate"": 93.33}"
14,"Seller Risk",400,"{""seller"": ""381c83fdca332ea6afd896da20bf6e4a"", ""sales_value"": 8355.01, ""delivered_orders"": 46, ""seller_risk_level"": ""Lower Risk"", ""average_review_score"": 4.3913043478260870, ""on_time_delivery_rate"": 95.65}"
14,"Seller Risk",401,"{""seller"": ""42bde9fef835393bb8a8849cb6b7f245"", ""sales_value"": 8341.37, ""delivered_orders"": 34, ""seller_risk_level"": ""Lower Risk"", ""average_review_score"": 4.3529411764705882, ""on_time_delivery_rate"": 97.06}"
14,"Seller Risk",402,"{""seller"": ""8a32e327fe2c1b3511609d81aaf9f042"", ""sales_value"": 8338.86, ""delivered_orders"": 126, ""seller_risk_level"": ""Lower Risk"", ""average_review_score"": 3.9527559055118110, ""on_time_delivery_rate"": 96.83}"
14,"Seller Risk",403,"{""seller"": ""282f23a9769b2690c5dda22e316f9941"", ""sales_value"": 8331.05, ""delivered_orders"": 98, ""seller_risk_level"": ""Lower Risk"", ""average_review_score"": 4.3673469387755102, ""on_time_delivery_rate"": 94.90}"
14,"Seller Risk",404,"{""seller"": ""b410bdd36d5db7a65dcd42b7ead933b8"", ""sales_value"": 8319.71, ""delivered_orders"": 42, ""seller_risk_level"": ""Lower Risk"", ""average_review_score"": 4.8095238095238095, ""on_time_delivery_rate"": 97.62}"
14,"Seller Risk",405,"{""seller"": ""2089a6d640999f9b9141ac719b2af596"", ""sales_value"": 8316.63, ""delivered_orders"": 41, ""seller_risk_level"": ""Lower Risk"", ""average_review_score"": 3.9268292682926829, ""on_time_delivery_rate"": 85.37}"
14,"Seller Risk",406,"{""seller"": ""aced59e9b31ef866a94f9e7f29d8d418"", ""sales_value"": 8315.80, ""delivered_orders"": 61, ""seller_risk_level"": ""Lower Risk"", ""average_review_score"": 4.4193548387096774, ""on_time_delivery_rate"": 91.80}"
14,"Seller Risk",407,"{""seller"": ""c26a2be5b53b7db6b276280da212a779"", ""sales_value"": 8288.85, ""delivered_orders"": 13, ""seller_risk_level"": ""Lower Risk"", ""average_review_score"": 3.3846153846153846, ""on_time_delivery_rate"": 100.00}"
14,"Seller Risk",408,"{""seller"": ""ad781527c93d00d89a11eecd9dcad7c1"", ""sales_value"": 8213.12, ""delivered_orders"": 38, ""seller_risk_level"": ""Lower Risk"", ""average_review_score"": 3.3421052631578947, ""on_time_delivery_rate"": 68.42}"
14,"Seller Risk",409,"{""seller"": ""dbdd0ec73a4817971d962698f2fea022"", ""sales_value"": 8174.80, ""delivered_orders"": 16, ""seller_risk_level"": ""Lower Risk"", ""average_review_score"": 4.3750000000000000, ""on_time_delivery_rate"": 93.75}"
14,"Seller Risk",410,"{""seller"": ""34056b8b55c1775a22af2331670a799c"", ""sales_value"": 8150.21, ""delivered_orders"": 77, ""seller_risk_level"": ""Lower Risk"", ""average_review_score"": 4.0389610389610390, ""on_time_delivery_rate"": 88.31}"
14,"Seller Risk",411,"{""seller"": ""e0a366315b1b726b6c7832d664c0f530"", ""sales_value"": 8145.17, ""delivered_orders"": 43, ""seller_risk_level"": ""Lower Risk"", ""average_review_score"": 4.3023255813953488, ""on_time_delivery_rate"": 95.35}"
14,"Seller Risk",412,"{""seller"": ""cee48807215b30a12ca2ca10ffb5f250"", ""sales_value"": 8125.52, ""delivered_orders"": 39, ""seller_risk_level"": ""Lower Risk"", ""average_review_score"": 3.7692307692307692, ""on_time_delivery_rate"": 84.62}"
14,"Seller Risk",413,"{""seller"": ""7bac63f6603d382cc8d0832eb6c100a8"", ""sales_value"": 8114.60, ""delivered_orders"": 19, ""seller_risk_level"": ""Lower Risk"", ""average_review_score"": 4.0000000000000000, ""on_time_delivery_rate"": 84.21}"
14,"Seller Risk",414,"{""seller"": ""8476243f92442881ddd5b578975cf115"", ""sales_value"": 8113.03, ""delivered_orders"": 12, ""seller_risk_level"": ""Lower Risk"", ""average_review_score"": 4.0833333333333333, ""on_time_delivery_rate"": 91.67}"
14,"Seller Risk",415,"{""seller"": ""8e6cc767478edae941d9bd9eb778d77a"", ""sales_value"": 8098.61, ""delivered_orders"": 100, ""seller_risk_level"": ""Lower Risk"", ""average_review_score"": 4.0800000000000000, ""on_time_delivery_rate"": 92.00}"
14,"Seller Risk",416,"{""seller"": ""b347677812ea483b0f528eaf8cbc09b7"", ""sales_value"": 8051.34, ""delivered_orders"": 21, ""seller_risk_level"": ""Lower Risk"", ""average_review_score"": 4.5238095238095238, ""on_time_delivery_rate"": 100.00}"
14,"Seller Risk",417,"{""seller"": ""4aba391bc3b88717ce08eb11e44937b2"", ""sales_value"": 8047.44, ""delivered_orders"": 27, ""seller_risk_level"": ""Lower Risk"", ""average_review_score"": 4.0000000000000000, ""on_time_delivery_rate"": 85.19}"
14,"Seller Risk",418,"{""seller"": ""6a8b085f816a1f75f92dbac6eb545f8f"", ""sales_value"": 8038.22, ""delivered_orders"": 125, ""seller_risk_level"": ""Lower Risk"", ""average_review_score"": 4.1587301587301587, ""on_time_delivery_rate"": 90.40}"
14,"Seller Risk",419,"{""seller"": ""1da366cade6d8276e7d8beea7af5d4bf"", ""sales_value"": 8036.60, ""delivered_orders"": 42, ""seller_risk_level"": ""Lower Risk"", ""average_review_score"": 3.9756097560975610, ""on_time_delivery_rate"": 88.10}"
14,"Seller Risk",420,"{""seller"": ""d51e0a403fe2e689ece6c73359d96e12"", ""sales_value"": 8027.57, ""delivered_orders"": 18, ""seller_risk_level"": ""Lower Risk"", ""average_review_score"": 4.2222222222222222, ""on_time_delivery_rate"": 88.89}"
14,"Seller Risk",421,"{""seller"": ""11305281b50fff20ae8bb473f8e11876"", ""sales_value"": 7973.21, ""delivered_orders"": 35, ""seller_risk_level"": ""Lower Risk"", ""average_review_score"": 4.3142857142857143, ""on_time_delivery_rate"": 88.57}"
14,"Seller Risk",422,"{""seller"": ""6a51fc556dab5f766ced6fbc860bc613"", ""sales_value"": 7965.01, ""delivered_orders"": 24, ""seller_risk_level"": ""Lower Risk"", ""average_review_score"": 4.0000000000000000, ""on_time_delivery_rate"": 91.67}"
14,"Seller Risk",423,"{""seller"": ""670c26e0f1bf8d0576271d5cfaec6d2b"", ""sales_value"": 7930.47, ""delivered_orders"": 77, ""seller_risk_level"": ""Lower Risk"", ""average_review_score"": 4.3116883116883117, ""on_time_delivery_rate"": 94.81}"
14,"Seller Risk",424,"{""seller"": ""e2aee0892199b1d92530e371abd825bf"", ""sales_value"": 7908.88, ""delivered_orders"": 36, ""seller_risk_level"": ""Lower Risk"", ""average_review_score"": 3.8888888888888889, ""on_time_delivery_rate"": 86.11}"
14,"Seller Risk",425,"{""seller"": ""d13e50eaa47b4cbe9eb81465865d8cfc"", ""sales_value"": 7907.55, ""delivered_orders"": 66, ""seller_risk_level"": ""Lower Risk"", ""average_review_score"": 4.8181818181818182, ""on_time_delivery_rate"": 78.79}"
14,"Seller Risk",426,"{""seller"": ""516e7738bd8f735ac19a010ee5450d8d"", ""sales_value"": 7905.69, ""delivered_orders"": 74, ""seller_risk_level"": ""Lower Risk"", ""average_review_score"": 4.6351351351351351, ""on_time_delivery_rate"": 94.59}"
14,"Seller Risk",427,"{""seller"": ""58f1a6197ed863543e0136bdedb3fce2"", ""sales_value"": 7903.69, ""delivered_orders"": 44, ""seller_risk_level"": ""Lower Risk"", ""average_review_score"": 4.1818181818181818, ""on_time_delivery_rate"": 93.18}"
14,"Seller Risk",428,"{""seller"": ""dee656f0f566ed1aa85bd137c943f08f"", ""sales_value"": 7883.07, ""delivered_orders"": 92, ""seller_risk_level"": ""Lower Risk"", ""average_review_score"": 4.3695652173913043, ""on_time_delivery_rate"": 94.57}"
14,"Seller Risk",429,"{""seller"": ""f1fd5ab1181f827ffad998c1a5de7d74"", ""sales_value"": 7877.96, ""delivered_orders"": 15, ""seller_risk_level"": ""Lower Risk"", ""average_review_score"": 4.6666666666666667, ""on_time_delivery_rate"": 100.00}"
14,"Seller Risk",430,"{""seller"": ""fa1a9dec3a9940c072684a46728bf1fc"", ""sales_value"": 7875.71, ""delivered_orders"": 55, ""seller_risk_level"": ""Lower Risk"", ""average_review_score"": 4.1111111111111111, ""on_time_delivery_rate"": 100.00}"
14,"Seller Risk",431,"{""seller"": ""6b243f80ed07b10f0e8aa0f21a205f3c"", ""sales_value"": 7807.40, ""delivered_orders"": 79, ""seller_risk_level"": ""Lower Risk"", ""average_review_score"": 4.2658227848101266, ""on_time_delivery_rate"": 96.20}"
14,"Seller Risk",432,"{""seller"": ""f84a00e60c73a49e7e851c9bdca3a5bb"", ""sales_value"": 7780.34, ""delivered_orders"": 88, ""seller_risk_level"": ""Lower Risk"", ""average_review_score"": 3.8977272727272727, ""on_time_delivery_rate"": 88.64}"
14,"Seller Risk",433,"{""seller"": ""080102cd0a76b09e0dcf55fcacc60e05"", ""sales_value"": 7773.48, ""delivered_orders"": 122, ""seller_risk_level"": ""Lower Risk"", ""average_review_score"": 4.5163934426229508, ""on_time_delivery_rate"": 95.90}"
14,"Seller Risk",434,"{""seller"": ""d624126b9206f595fb3fbb6ba03b28a8"", ""sales_value"": 7768.50, ""delivered_orders"": 23, ""seller_risk_level"": ""Lower Risk"", ""average_review_score"": 4.3181818181818182, ""on_time_delivery_rate"": 95.65}"
14,"Seller Risk",435,"{""seller"": ""8c16d1f32a54d92897cc437244442e1b"", ""sales_value"": 7754.67, ""delivered_orders"": 108, ""seller_risk_level"": ""Lower Risk"", ""average_review_score"": 4.3551401869158879, ""on_time_delivery_rate"": 99.07}"
14,"Seller Risk",436,"{""seller"": ""688756f717c462a206ad854c5027a64a"", ""sales_value"": 7745.72, ""delivered_orders"": 81, ""seller_risk_level"": ""Lower Risk"", ""average_review_score"": 3.8765432098765432, ""on_time_delivery_rate"": 91.36}"
14,"Seller Risk",437,"{""seller"": ""512d298ac2a96d1931b6bd30aa21f61d"", ""sales_value"": 7723.87, ""delivered_orders"": 11, ""seller_risk_level"": ""Lower Risk"", ""average_review_score"": 4.2727272727272727, ""on_time_delivery_rate"": 100.00}"
14,"Seller Risk",438,"{""seller"": ""dd55f1bb788714a40e7954c3be6df745"", ""sales_value"": 7701.18, ""delivered_orders"": 35, ""seller_risk_level"": ""Lower Risk"", ""average_review_score"": 3.7428571428571429, ""on_time_delivery_rate"": 82.86}"
14,"Seller Risk",439,"{""seller"": ""b14db04aa7881970e83ffa9426897925"", ""sales_value"": 7700.40, ""delivered_orders"": 78, ""seller_risk_level"": ""Lower Risk"", ""average_review_score"": 3.7733333333333333, ""on_time_delivery_rate"": 88.46}"
14,"Seller Risk",440,"{""seller"": ""376a891762bbdecbc02b4b6adec3fdda"", ""sales_value"": 7693.63, ""delivered_orders"": 57, ""seller_risk_level"": ""Lower Risk"", ""average_review_score"": 4.6666666666666667, ""on_time_delivery_rate"": 96.49}"
14,"Seller Risk",441,"{""seller"": ""014c0679dd340a0e338872e7ec85666a"", ""sales_value"": 7686.31, ""delivered_orders"": 14, ""seller_risk_level"": ""Lower Risk"", ""average_review_score"": 3.8571428571428571, ""on_time_delivery_rate"": 85.71}"
14,"Seller Risk",442,"{""seller"": ""d9bd94811c3338dceb4181f3dbc0c73e"", ""sales_value"": 7682.11, ""delivered_orders"": 54, ""seller_risk_level"": ""Lower Risk"", ""average_review_score"": 4.7962962962962963, ""on_time_delivery_rate"": 88.89}"
14,"Seller Risk",443,"{""seller"": ""ff1fb4c404b2efe68b03350a8dc24122"", ""sales_value"": 7666.95, ""delivered_orders"": 46, ""seller_risk_level"": ""Lower Risk"", ""average_review_score"": 4.0000000000000000, ""on_time_delivery_rate"": 84.78}"
14,"Seller Risk",444,"{""seller"": ""31ae0774c17fabd06ff707cc5bde005f"", ""sales_value"": 7570.67, ""delivered_orders"": 11, ""seller_risk_level"": ""Lower Risk"", ""average_review_score"": 4.0000000000000000, ""on_time_delivery_rate"": 90.91}"
14,"Seller Risk",445,"{""seller"": ""57e632711dec9ec14ca7546769483e7e"", ""sales_value"": 7558.04, ""delivered_orders"": 62, ""seller_risk_level"": ""Lower Risk"", ""average_review_score"": 4.3968253968253968, ""on_time_delivery_rate"": 100.00}"
14,"Seller Risk",446,"{""seller"": ""30829ded4523ab9224b93bc49a62c95f"", ""sales_value"": 7549.71, ""delivered_orders"": 18, ""seller_risk_level"": ""Lower Risk"", ""average_review_score"": 3.7777777777777778, ""on_time_delivery_rate"": 94.44}"
14,"Seller Risk",447,"{""seller"": ""751bdc4d83a466c7206cd42e8f426b03"", ""sales_value"": 7540.98, ""delivered_orders"": 51, ""seller_risk_level"": ""Lower Risk"", ""average_review_score"": 3.8800000000000000, ""on_time_delivery_rate"": 98.04}"
14,"Seller Risk",448,"{""seller"": ""83e197e95a1bbabc8c75e883ed016c47"", ""sales_value"": 7535.52, ""delivered_orders"": 46, ""seller_risk_level"": ""Lower Risk"", ""average_review_score"": 4.8043478260869565, ""on_time_delivery_rate"": 97.83}"
14,"Seller Risk",449,"{""seller"": ""63b464dbf392c7b80d12d932fa7cafed"", ""sales_value"": 7482.84, ""delivered_orders"": 36, ""seller_risk_level"": ""Lower Risk"", ""average_review_score"": 3.8611111111111111, ""on_time_delivery_rate"": 94.44}"
14,"Seller Risk",450,"{""seller"": ""3340ef1913fb70d28420f6ceb685c339"", ""sales_value"": 7481.55, ""delivered_orders"": 32, ""seller_risk_level"": ""Lower Risk"", ""average_review_score"": 4.3750000000000000, ""on_time_delivery_rate"": 90.63}"
14,"Seller Risk",451,"{""seller"": ""ade45994b717ccee333492330fbf037b"", ""sales_value"": 7479.63, ""delivered_orders"": 10, ""seller_risk_level"": ""Lower Risk"", ""average_review_score"": 4.5000000000000000, ""on_time_delivery_rate"": 100.00}"
14,"Seller Risk",452,"{""seller"": ""679769a98cfcc6da877c8486ff1c13f3"", ""sales_value"": 7467.39, ""delivered_orders"": 21, ""seller_risk_level"": ""Lower Risk"", ""average_review_score"": 4.5714285714285714, ""on_time_delivery_rate"": 100.00}"
14,"Seller Risk",453,"{""seller"": ""7dc8c42cc750eeafea6c85712ffee9bf"", ""sales_value"": 7445.09, ""delivered_orders"": 41, ""seller_risk_level"": ""Lower Risk"", ""average_review_score"": 4.1951219512195122, ""on_time_delivery_rate"": 95.12}"
14,"Seller Risk",454,"{""seller"": ""05d2173d43ea568aa0540eba70d2ca76"", ""sales_value"": 7438.93, ""delivered_orders"": 62, ""seller_risk_level"": ""Lower Risk"", ""average_review_score"": 4.1833333333333333, ""on_time_delivery_rate"": 93.55}"
14,"Seller Risk",455,"{""seller"": ""5b67882648febfb6e1225e6ad7164f6b"", ""sales_value"": 7432.42, ""delivered_orders"": 27, ""seller_risk_level"": ""Lower Risk"", ""average_review_score"": 4.0000000000000000, ""on_time_delivery_rate"": 96.30}"
14,"Seller Risk",456,"{""seller"": ""9616352088dcf83a7c06637f4ebf1c80"", ""sales_value"": 7409.80, ""delivered_orders"": 91, ""seller_risk_level"": ""Lower Risk"", ""average_review_score"": 4.3369565217391304, ""on_time_delivery_rate"": 100.00}"
14,"Seller Risk",457,"{""seller"": ""2a261b5b644fa05f4f2700eb93544f2c"", ""sales_value"": 7396.73, ""delivered_orders"": 51, ""seller_risk_level"": ""Lower Risk"", ""average_review_score"": 3.8269230769230769, ""on_time_delivery_rate"": 80.39}"
14,"Seller Risk",458,"{""seller"": ""f46490624488d3ff7ce78613913a7711"", ""sales_value"": 7384.36, ""delivered_orders"": 80, ""seller_risk_level"": ""Lower Risk"", ""average_review_score"": 3.7625000000000000, ""on_time_delivery_rate"": 87.50}"
14,"Seller Risk",459,"{""seller"": ""0691148aee60ca47977c187804f935ae"", ""sales_value"": 7359.45, ""delivered_orders"": 47, ""seller_risk_level"": ""Lower Risk"", ""average_review_score"": 4.1875000000000000, ""on_time_delivery_rate"": 97.87}"
14,"Seller Risk",460,"{""seller"": ""b8630e1121437d41cb08e3c749c2c2e2"", ""sales_value"": 7334.10, ""delivered_orders"": 12, ""seller_risk_level"": ""Lower Risk"", ""average_review_score"": 4.3333333333333333, ""on_time_delivery_rate"": 83.33}"
14,"Seller Risk",461,"{""seller"": ""40d54b51e962dbe09cabbcfd33298dee"", ""sales_value"": 7323.25, ""delivered_orders"": 30, ""seller_risk_level"": ""Lower Risk"", ""average_review_score"": 4.0000000000000000, ""on_time_delivery_rate"": 100.00}"
14,"Seller Risk",462,"{""seller"": ""54065e9aef7e9e9c2dc23b7594db021a"", ""sales_value"": 7321.78, ""delivered_orders"": 12, ""seller_risk_level"": ""Lower Risk"", ""average_review_score"": 4.3333333333333333, ""on_time_delivery_rate"": 100.00}"
14,"Seller Risk",463,"{""seller"": ""ba143b05f0110f0dc71ad71b4466ce92"", ""sales_value"": 7309.37, ""delivered_orders"": 83, ""seller_risk_level"": ""Lower Risk"", ""average_review_score"": 4.4578313253012048, ""on_time_delivery_rate"": 84.34}"
14,"Seller Risk",464,"{""seller"": ""4c03b9dd4c11ee2cb35c96c49efc9420"", ""sales_value"": 7302.33, ""delivered_orders"": 48, ""seller_risk_level"": ""Lower Risk"", ""average_review_score"": 4.1063829787234043, ""on_time_delivery_rate"": 97.92}"
14,"Seller Risk",465,"{""seller"": ""bd4889b5e9133b35b66e42a8665cea5c"", ""sales_value"": 7256.54, ""delivered_orders"": 36, ""seller_risk_level"": ""Lower Risk"", ""average_review_score"": 4.4000000000000000, ""on_time_delivery_rate"": 100.00}"
14,"Seller Risk",466,"{""seller"": ""e5e33c0d8e7e002f398f5dc4cbbb338f"", ""sales_value"": 7240.85, ""delivered_orders"": 26, ""seller_risk_level"": ""Lower Risk"", ""average_review_score"": 4.5769230769230769, ""on_time_delivery_rate"": 88.46}"
14,"Seller Risk",467,"{""seller"": ""5670f4db5b62c43d542e1b2d56b0cf7c"", ""sales_value"": 7212.65, ""delivered_orders"": 22, ""seller_risk_level"": ""Lower Risk"", ""average_review_score"": 4.4090909090909091, ""on_time_delivery_rate"": 95.45}"
14,"Seller Risk",468,"{""seller"": ""02f623a8eb246f3c5f7c2f96462654e6"", ""sales_value"": 7207.63, ""delivered_orders"": 44, ""seller_risk_level"": ""Lower Risk"", ""average_review_score"": 4.5581395348837209, ""on_time_delivery_rate"": 90.91}"
14,"Seller Risk",469,"{""seller"": ""ea67327e24487bdfac5fbfa37ea124df"", ""sales_value"": 7180.28, ""delivered_orders"": 32, ""seller_risk_level"": ""Lower Risk"", ""average_review_score"": 3.5312500000000000, ""on_time_delivery_rate"": 96.88}"
14,"Seller Risk",470,"{""seller"": ""989becdce12ebc39863c2bceab6f3ca1"", ""sales_value"": 7117.42, ""delivered_orders"": 15, ""seller_risk_level"": ""Lower Risk"", ""average_review_score"": 4.8000000000000000, ""on_time_delivery_rate"": 86.67}"
14,"Seller Risk",471,"{""seller"": ""4b5f66b7adcf57f1ecc0d3c07dd6b177"", ""sales_value"": 7115.96, ""delivered_orders"": 23, ""seller_risk_level"": ""Lower Risk"", ""average_review_score"": 4.0909090909090909, ""on_time_delivery_rate"": 95.65}"
14,"Seller Risk",472,"{""seller"": ""537eb890efff034a88679788b647c564"", ""sales_value"": 7093.44, ""delivered_orders"": 158, ""seller_risk_level"": ""Lower Risk"", ""average_review_score"": 4.2389937106918239, ""on_time_delivery_rate"": 94.30}"
14,"Seller Risk",473,"{""seller"": ""3be634553519fb6536a03e1358e9fdc7"", ""sales_value"": 7034.75, ""delivered_orders"": 80, ""seller_risk_level"": ""Lower Risk"", ""average_review_score"": 4.0123456790123457, ""on_time_delivery_rate"": 91.25}"
14,"Seller Risk",474,"{""seller"": ""33c51922b6e3c16b24a8f28e5833c99d"", ""sales_value"": 7025.88, ""delivered_orders"": 18, ""seller_risk_level"": ""Lower Risk"", ""average_review_score"": 4.2352941176470588, ""on_time_delivery_rate"": 94.44}"
14,"Seller Risk",475,"{""seller"": ""e9d99831abad74458942f21e16f33f92"", ""sales_value"": 6916.06, ""delivered_orders"": 130, ""seller_risk_level"": ""Lower Risk"", ""average_review_score"": 3.9302325581395349, ""on_time_delivery_rate"": 89.23}"
14,"Seller Risk",476,"{""seller"": ""e8b4225284fbb02d16f200513f1f395d"", ""sales_value"": 6912.60, ""delivered_orders"": 30, ""seller_risk_level"": ""Lower Risk"", ""average_review_score"": 4.3000000000000000, ""on_time_delivery_rate"": 90.00}"
14,"Seller Risk",477,"{""seller"": ""6f892e20a171e98efe17fdb971ff319b"", ""sales_value"": 6906.49, ""delivered_orders"": 41, ""seller_risk_level"": ""Lower Risk"", ""average_review_score"": 4.1500000000000000, ""on_time_delivery_rate"": 90.24}"
14,"Seller Risk",478,"{""seller"": ""50c9975695009e5e6473912e83a6d1da"", ""sales_value"": 6883.95, ""delivered_orders"": 50, ""seller_risk_level"": ""Lower Risk"", ""average_review_score"": 3.9387755102040816, ""on_time_delivery_rate"": 86.00}"
14,"Seller Risk",479,"{""seller"": ""b2479f944e1b90cf8a5de1bbfde284d6"", ""sales_value"": 6874.23, ""delivered_orders"": 101, ""seller_risk_level"": ""Lower Risk"", ""average_review_score"": 3.4563106796116505, ""on_time_delivery_rate"": 86.14}"
14,"Seller Risk",480,"{""seller"": ""0bf0150d5b9d60d9cd2906003332f085"", ""sales_value"": 6872.34, ""delivered_orders"": 39, ""seller_risk_level"": ""Lower Risk"", ""average_review_score"": 3.7894736842105263, ""on_time_delivery_rate"": 79.49}"
14,"Seller Risk",481,"{""seller"": ""91f848e9f4be368f4318775aac733370"", ""sales_value"": 6862.49, ""delivered_orders"": 60, ""seller_risk_level"": ""Lower Risk"", ""average_review_score"": 4.4067796610169492, ""on_time_delivery_rate"": 96.67}"
14,"Seller Risk",482,"{""seller"": ""bacb1f0ed56ad24198f5810d2b3fe9a5"", ""sales_value"": 6847.70, ""delivered_orders"": 38, ""seller_risk_level"": ""Lower Risk"", ""average_review_score"": 4.3243243243243243, ""on_time_delivery_rate"": 97.37}"
14,"Seller Risk",483,"{""seller"": ""dfc5fb7259bb2b599ca565e6e9448f0f"", ""sales_value"": 6845.98, ""delivered_orders"": 33, ""seller_risk_level"": ""Lower Risk"", ""average_review_score"": 4.1212121212121212, ""on_time_delivery_rate"": 96.97}"
14,"Seller Risk",484,"{""seller"": ""b6d44737c043328708f6749c2dbe50bd"", ""sales_value"": 6834.01, ""delivered_orders"": 61, ""seller_risk_level"": ""Lower Risk"", ""average_review_score"": 4.5245901639344262, ""on_time_delivery_rate"": 93.44}"
14,"Seller Risk",485,"{""seller"": ""3ade81dab5a172b88e1871c28ae05260"", ""sales_value"": 6821.59, ""delivered_orders"": 28, ""seller_risk_level"": ""Lower Risk"", ""average_review_score"": 4.1851851851851852, ""on_time_delivery_rate"": 85.71}"
14,"Seller Risk",486,"{""seller"": ""3df020b72d3d44b3af9d110fa3940b65"", ""sales_value"": 6749.47, ""delivered_orders"": 55, ""seller_risk_level"": ""Lower Risk"", ""average_review_score"": 4.0545454545454545, ""on_time_delivery_rate"": 87.27}"
14,"Seller Risk",487,"{""seller"": ""f12ff17ad8bbf01ec5c33b17e506649b"", ""sales_value"": 6728.88, ""delivered_orders"": 28, ""seller_risk_level"": ""Lower Risk"", ""average_review_score"": 3.8571428571428571, ""on_time_delivery_rate"": 89.29}"
14,"Seller Risk",488,"{""seller"": ""bba74270a87732727b5a3b4fd9ac1c39"", ""sales_value"": 6708.34, ""delivered_orders"": 35, ""seller_risk_level"": ""Lower Risk"", ""average_review_score"": 4.0571428571428571, ""on_time_delivery_rate"": 100.00}"
14,"Seller Risk",489,"{""seller"": ""f181738b150df1f37cb0bd72e705b193"", ""sales_value"": 6632.75, ""delivered_orders"": 36, ""seller_risk_level"": ""Lower Risk"", ""average_review_score"": 4.4722222222222222, ""on_time_delivery_rate"": 88.89}"
14,"Seller Risk",490,"{""seller"": ""26d8a1c7c75d513045798992ead43aa2"", ""sales_value"": 6590.46, ""delivered_orders"": 34, ""seller_risk_level"": ""Lower Risk"", ""average_review_score"": 4.4117647058823529, ""on_time_delivery_rate"": 91.18}"
14,"Seller Risk",491,"{""seller"": ""dfa0c4c6229ab200a4a1336b4d7128ff"", ""sales_value"": 6544.21, ""delivered_orders"": 77, ""seller_risk_level"": ""Lower Risk"", ""average_review_score"": 4.0000000000000000, ""on_time_delivery_rate"": 96.10}"
14,"Seller Risk",492,"{""seller"": ""9baf5cb77970f539089d09a38bcec5c3"", ""sales_value"": 6521.34, ""delivered_orders"": 31, ""seller_risk_level"": ""Lower Risk"", ""average_review_score"": 4.4193548387096774, ""on_time_delivery_rate"": 100.00}"
14,"Seller Risk",493,"{""seller"": ""98dac6635aee4995d501a3972e047414"", ""sales_value"": 6495.35, ""delivered_orders"": 89, ""seller_risk_level"": ""Lower Risk"", ""average_review_score"": 4.1477272727272727, ""on_time_delivery_rate"": 91.01}"
14,"Seller Risk",494,"{""seller"": ""dbd66278cbfe1aa1000f90a217ca4695"", ""sales_value"": 6472.77, ""delivered_orders"": 85, ""seller_risk_level"": ""Lower Risk"", ""average_review_score"": 4.5058823529411765, ""on_time_delivery_rate"": 94.12}"
14,"Seller Risk",495,"{""seller"": ""0d85bbda9889ce1f7e63778d24f346eb"", ""sales_value"": 6469.70, ""delivered_orders"": 51, ""seller_risk_level"": ""Lower Risk"", ""average_review_score"": 4.2000000000000000, ""on_time_delivery_rate"": 88.24}"
14,"Seller Risk",496,"{""seller"": ""02d35243ea2e497335cd0f076b45675d"", ""sales_value"": 6399.95, ""delivered_orders"": 14, ""seller_risk_level"": ""Lower Risk"", ""average_review_score"": 2.6428571428571429, ""on_time_delivery_rate"": 64.29}"
14,"Seller Risk",497,"{""seller"": ""709e16e2b25c7474d980076c6bfc4806"", ""sales_value"": 6378.86, ""delivered_orders"": 60, ""seller_risk_level"": ""Lower Risk"", ""average_review_score"": 4.5166666666666667, ""on_time_delivery_rate"": 96.67}"
14,"Seller Risk",498,"{""seller"": ""e62b2d6ac10570a035a30bafcf01d263"", ""sales_value"": 6375.47, ""delivered_orders"": 62, ""seller_risk_level"": ""Lower Risk"", ""average_review_score"": 3.9661016949152542, ""on_time_delivery_rate"": 87.10}"
14,"Seller Risk",499,"{""seller"": ""1336efc61c316ddf92c899eb817f7cae"", ""sales_value"": 6355.29, ""delivered_orders"": 74, ""seller_risk_level"": ""Lower Risk"", ""average_review_score"": 4.0000000000000000, ""on_time_delivery_rate"": 90.54}"
14,"Seller Risk",500,"{""seller"": ""04aa0a1c5ce6b222003403a3e11c3cc0"", ""sales_value"": 6339.51, ""delivered_orders"": 11, ""seller_risk_level"": ""Lower Risk"", ""average_review_score"": 4.0909090909090909, ""on_time_delivery_rate"": 81.82}"
14,"Seller Risk",501,"{""seller"": ""f4c4daa86e30c7e5a553a8d518ac03a5"", ""sales_value"": 6324.50, ""delivered_orders"": 18, ""seller_risk_level"": ""Lower Risk"", ""average_review_score"": 4.0000000000000000, ""on_time_delivery_rate"": 94.44}"
14,"Seller Risk",502,"{""seller"": ""67bf6941ba2f1fa1d02c375766bc3e53"", ""sales_value"": 6319.94, ""delivered_orders"": 15, ""seller_risk_level"": ""Lower Risk"", ""average_review_score"": 4.3333333333333333, ""on_time_delivery_rate"": 86.67}"
14,"Seller Risk",503,"{""seller"": ""94e93ce877be27a515118dbfd2c2be41"", ""sales_value"": 6290.04, ""delivered_orders"": 29, ""seller_risk_level"": ""Lower Risk"", ""average_review_score"": 4.0357142857142857, ""on_time_delivery_rate"": 100.00}"
14,"Seller Risk",504,"{""seller"": ""7d76b645482be4a332374e8223836592"", ""sales_value"": 6287.77, ""delivered_orders"": 172, ""seller_risk_level"": ""Lower Risk"", ""average_review_score"": 4.0000000000000000, ""on_time_delivery_rate"": 88.37}"
14,"Seller Risk",505,"{""seller"": ""83deb69e889cf80f82be1dc6d5f2d486"", ""sales_value"": 6276.65, ""delivered_orders"": 40, ""seller_risk_level"": ""Lower Risk"", ""average_review_score"": 4.3250000000000000, ""on_time_delivery_rate"": 95.00}"
14,"Seller Risk",506,"{""seller"": ""fc906263ca5083d09dce42fe02247800"", ""sales_value"": 6273.28, ""delivered_orders"": 112, ""seller_risk_level"": ""Lower Risk"", ""average_review_score"": 4.3805309734513274, ""on_time_delivery_rate"": 100.00}"
14,"Seller Risk",507,"{""seller"": ""23613d49c3ac2bd302259e55c06c050c"", ""sales_value"": 6227.14, ""delivered_orders"": 69, ""seller_risk_level"": ""Lower Risk"", ""average_review_score"": 3.8676470588235294, ""on_time_delivery_rate"": 85.51}"
14,"Seller Risk",508,"{""seller"": ""23c38debaffe4a25a30fdbd9b586a13f"", ""sales_value"": 6216.56, ""delivered_orders"": 41, ""seller_risk_level"": ""Lower Risk"", ""average_review_score"": 4.3170731707317073, ""on_time_delivery_rate"": 85.37}"
14,"Seller Risk",509,"{""seller"": ""f84fa566034f5e8e880a07ec624c56af"", ""sales_value"": 6204.33, ""delivered_orders"": 89, ""seller_risk_level"": ""Lower Risk"", ""average_review_score"": 4.2555555555555556, ""on_time_delivery_rate"": 86.52}"
14,"Seller Risk",510,"{""seller"": ""4917cee8d902e13428c3ec4b1ca6f315"", ""sales_value"": 6178.34, ""delivered_orders"": 31, ""seller_risk_level"": ""Lower Risk"", ""average_review_score"": 4.1612903225806452, ""on_time_delivery_rate"": 96.77}"
14,"Seller Risk",511,"{""seller"": ""575df70bde3f9f2b30bf8d2e9910d725"", ""sales_value"": 6163.42, ""delivered_orders"": 27, ""seller_risk_level"": ""Lower Risk"", ""average_review_score"": 4.0740740740740741, ""on_time_delivery_rate"": 92.59}"
14,"Seller Risk",512,"{""seller"": ""afe0067131b73e40875c9b6c10bd2e21"", ""sales_value"": 6151.59, ""delivered_orders"": 45, ""seller_risk_level"": ""Lower Risk"", ""average_review_score"": 4.2727272727272727, ""on_time_delivery_rate"": 95.56}"
14,"Seller Risk",513,"{""seller"": ""9674754b5a0cb32b638cec001178f799"", ""sales_value"": 6137.88, ""delivered_orders"": 84, ""seller_risk_level"": ""Lower Risk"", ""average_review_score"": 4.1379310344827586, ""on_time_delivery_rate"": 96.43}"
14,"Seller Risk",514,"{""seller"": ""d566c37fa119d5e66c4e9052e83ee4ea"", ""sales_value"": 6124.92, ""delivered_orders"": 65, ""seller_risk_level"": ""Lower Risk"", ""average_review_score"": 4.6875000000000000, ""on_time_delivery_rate"": 96.92}"
14,"Seller Risk",515,"{""seller"": ""abcd2cb37d46c2c8fb1bf071c859fc5b"", ""sales_value"": 6121.84, ""delivered_orders"": 44, ""seller_risk_level"": ""Lower Risk"", ""average_review_score"": 4.3181818181818182, ""on_time_delivery_rate"": 95.45}"
14,"Seller Risk",516,"{""seller"": ""b39d7fe263ef469605dbb32608aee0af"", ""sales_value"": 6100.23, ""delivered_orders"": 43, ""seller_risk_level"": ""Lower Risk"", ""average_review_score"": 3.9285714285714286, ""on_time_delivery_rate"": 95.35}"
14,"Seller Risk",517,"{""seller"": ""f680f85bee2d253556ac91be391d2c82"", ""sales_value"": 6077.34, ""delivered_orders"": 45, ""seller_risk_level"": ""Lower Risk"", ""average_review_score"": 4.3333333333333333, ""on_time_delivery_rate"": 97.78}"
14,"Seller Risk",518,"{""seller"": ""7e3f87d16fb353f408d467e74fbd8014"", ""sales_value"": 6068.37, ""delivered_orders"": 91, ""seller_risk_level"": ""Lower Risk"", ""average_review_score"": 4.1648351648351648, ""on_time_delivery_rate"": 87.91}"
14,"Seller Risk",519,"{""seller"": ""cc3d14116804f7209f3884f6367f1152"", ""sales_value"": 6060.59, ""delivered_orders"": 27, ""seller_risk_level"": ""Lower Risk"", ""average_review_score"": 4.6296296296296296, ""on_time_delivery_rate"": 96.30}"
14,"Seller Risk",520,"{""seller"": ""8bb48dc19fccaa8613b6229bf7f452a2"", ""sales_value"": 6048.12, ""delivered_orders"": 82, ""seller_risk_level"": ""Lower Risk"", ""average_review_score"": 4.4216867469879518, ""on_time_delivery_rate"": 97.56}"
14,"Seller Risk",521,"{""seller"": ""e067ad2c1c0b48758eb1b5228bcf7a68"", ""sales_value"": 6047.91, ""delivered_orders"": 54, ""seller_risk_level"": ""Lower Risk"", ""average_review_score"": 4.1481481481481481, ""on_time_delivery_rate"": 90.74}"
14,"Seller Risk",522,"{""seller"": ""817245bcc3badd82bbd222e0366951a6"", ""sales_value"": 6044.83, ""delivered_orders"": 28, ""seller_risk_level"": ""Lower Risk"", ""average_review_score"": 4.1111111111111111, ""on_time_delivery_rate"": 96.43}"
14,"Seller Risk",523,"{""seller"": ""f67efa3f0b6761102a7f8c6b7b571f5d"", ""sales_value"": 6030.17, ""delivered_orders"": 31, ""seller_risk_level"": ""Lower Risk"", ""average_review_score"": 4.4838709677419355, ""on_time_delivery_rate"": 100.00}"
14,"Seller Risk",524,"{""seller"": ""1bb2bdb95f4841f1bba2c0d2cd83d3c9"", ""sales_value"": 6023.93, ""delivered_orders"": 79, ""seller_risk_level"": ""Lower Risk"", ""average_review_score"": 4.6329113924050633, ""on_time_delivery_rate"": 92.41}"
14,"Seller Risk",525,"{""seller"": ""45ba18c210d42734ec52c0c1c574e9ee"", ""sales_value"": 6023.77, ""delivered_orders"": 35, ""seller_risk_level"": ""Lower Risk"", ""average_review_score"": 4.1142857142857143, ""on_time_delivery_rate"": 94.29}"
14,"Seller Risk",526,"{""seller"": ""06579cb253ecd5a3a12a9e6eb6bf8f47"", ""sales_value"": 6007.97, ""delivered_orders"": 61, ""seller_risk_level"": ""Lower Risk"", ""average_review_score"": 4.1311475409836066, ""on_time_delivery_rate"": 86.89}"
14,"Seller Risk",527,"{""seller"": ""acce39e832338debb07b02385cde5967"", ""sales_value"": 5923.66, ""delivered_orders"": 44, ""seller_risk_level"": ""Lower Risk"", ""average_review_score"": 4.4772727272727273, ""on_time_delivery_rate"": 100.00}"
14,"Seller Risk",528,"{""seller"": ""835f0f7810c76831d6c7d24c7a646d4d"", ""sales_value"": 5922.25, ""delivered_orders"": 42, ""seller_risk_level"": ""Lower Risk"", ""average_review_score"": 3.3571428571428571, ""on_time_delivery_rate"": 69.05}"
14,"Seller Risk",529,"{""seller"": ""0176f73cc1195f367f7b32db1e5b3aa8"", ""sales_value"": 5915.27, ""delivered_orders"": 37, ""seller_risk_level"": ""Lower Risk"", ""average_review_score"": 4.1081081081081081, ""on_time_delivery_rate"": 89.19}"
14,"Seller Risk",530,"{""seller"": ""e06f09ec0a4aca210779cf1cfc63cf19"", ""sales_value"": 5901.41, ""delivered_orders"": 29, ""seller_risk_level"": ""Lower Risk"", ""average_review_score"": 3.9677419354838710, ""on_time_delivery_rate"": 93.10}"
14,"Seller Risk",531,"{""seller"": ""5b179e9e8cc7ab6fd113a46ca584da81"", ""sales_value"": 5839.14, ""delivered_orders"": 34, ""seller_risk_level"": ""Lower Risk"", ""average_review_score"": 3.6666666666666667, ""on_time_delivery_rate"": 91.18}"
14,"Seller Risk",532,"{""seller"": ""0cbcee27c791afa0cdcb08587a2013a8"", ""sales_value"": 5837.68, ""delivered_orders"": 37, ""seller_risk_level"": ""Lower Risk"", ""average_review_score"": 4.0000000000000000, ""on_time_delivery_rate"": 89.19}"
14,"Seller Risk",533,"{""seller"": ""8b9d6eec4a7eb7d0f9d579ce0b38324d"", ""sales_value"": 5826.85, ""delivered_orders"": 48, ""seller_risk_level"": ""Lower Risk"", ""average_review_score"": 4.0625000000000000, ""on_time_delivery_rate"": 83.33}"
14,"Seller Risk",534,"{""seller"": ""30a2f535bb48308f991d0b9ad4a8c4bb"", ""sales_value"": 5815.36, ""delivered_orders"": 71, ""seller_risk_level"": ""Lower Risk"", ""average_review_score"": 4.2916666666666667, ""on_time_delivery_rate"": 97.18}"
14,"Seller Risk",535,"{""seller"": ""916c9de0b5ad957346eeeb12f332687e"", ""sales_value"": 5814.27, ""delivered_orders"": 22, ""seller_risk_level"": ""Lower Risk"", ""average_review_score"": 4.5454545454545455, ""on_time_delivery_rate"": 100.00}"
14,"Seller Risk",536,"{""seller"": ""b561927807645834b59ef0d16ba55a24"", ""sales_value"": 5807.03, ""delivered_orders"": 85, ""seller_risk_level"": ""Lower Risk"", ""average_review_score"": 4.3411764705882353, ""on_time_delivery_rate"": 85.88}"
14,"Seller Risk",537,"{""seller"": ""3c7c4a49ec3c6550809089c6a2ca9370"", ""sales_value"": 5799.21, ""delivered_orders"": 139, ""seller_risk_level"": ""Lower Risk"", ""average_review_score"": 3.6714285714285714, ""on_time_delivery_rate"": 92.09}"
14,"Seller Risk",538,"{""seller"": ""3ab971ce71839580d2ae5b4e40fe8044"", ""sales_value"": 5797.25, ""delivered_orders"": 35, ""seller_risk_level"": ""Lower Risk"", ""average_review_score"": 3.9117647058823529, ""on_time_delivery_rate"": 91.43}"
14,"Seller Risk",539,"{""seller"": ""cfa5ab0e4d3fc212fd0b3410e7081c62"", ""sales_value"": 5796.29, ""delivered_orders"": 15, ""seller_risk_level"": ""Lower Risk"", ""average_review_score"": 3.8666666666666667, ""on_time_delivery_rate"": 100.00}"
14,"Seller Risk",540,"{""seller"": ""55d3daac7c404d59e51c2aa2f4dc5a23"", ""sales_value"": 5790.48, ""delivered_orders"": 21, ""seller_risk_level"": ""Lower Risk"", ""average_review_score"": 4.0952380952380952, ""on_time_delivery_rate"": 100.00}"
14,"Seller Risk",541,"{""seller"": ""02ecc2a19303f05e59ce133fd923fff7"", ""sales_value"": 5742.40, ""delivered_orders"": 21, ""seller_risk_level"": ""Lower Risk"", ""average_review_score"": 4.6190476190476190, ""on_time_delivery_rate"": 100.00}"
14,"Seller Risk",542,"{""seller"": ""bbad7e518d7af88a0897397ffdca1979"", ""sales_value"": 5741.24, ""delivered_orders"": 68, ""seller_risk_level"": ""Lower Risk"", ""average_review_score"": 3.1791044776119403, ""on_time_delivery_rate"": 83.82}"
14,"Seller Risk",543,"{""seller"": ""f789d2c4f2c2eb38fc4373e7a4b35264"", ""sales_value"": 5733.24, ""delivered_orders"": 44, ""seller_risk_level"": ""Lower Risk"", ""average_review_score"": 4.1590909090909091, ""on_time_delivery_rate"": 95.45}"
14,"Seller Risk",544,"{""seller"": ""099095b050cfe8eb1ddff5317587e96e"", ""sales_value"": 5705.93, ""delivered_orders"": 16, ""seller_risk_level"": ""Lower Risk"", ""average_review_score"": 3.3750000000000000, ""on_time_delivery_rate"": 81.25}"
14,"Seller Risk",545,"{""seller"": ""1a932caad4f9d804097d7f8e615baed1"", ""sales_value"": 5701.45, ""delivered_orders"": 20, ""seller_risk_level"": ""Lower Risk"", ""average_review_score"": 3.9000000000000000, ""on_time_delivery_rate"": 80.00}"
14,"Seller Risk",546,"{""seller"": ""2ff97219cb8622eaf3cd89b7d9c09824"", ""sales_value"": 5698.70, ""delivered_orders"": 87, ""seller_risk_level"": ""Lower Risk"", ""average_review_score"": 4.5402298850574713, ""on_time_delivery_rate"": 94.25}"
14,"Seller Risk",547,"{""seller"": ""5bffbafbb22daf6d3bfc216a46db8708"", ""sales_value"": 5694.20, ""delivered_orders"": 21, ""seller_risk_level"": ""Lower Risk"", ""average_review_score"": 4.7619047619047619, ""on_time_delivery_rate"": 100.00}"
14,"Seller Risk",548,"{""seller"": ""9add47bf45ce8e8c7db6b9cf670b1e09"", ""sales_value"": 5689.20, ""delivered_orders"": 41, ""seller_risk_level"": ""Lower Risk"", ""average_review_score"": 4.2250000000000000, ""on_time_delivery_rate"": 97.56}"
14,"Seller Risk",549,"{""seller"": ""822bad9bc42b51213ba522fe87b7ab5d"", ""sales_value"": 5687.34, ""delivered_orders"": 18, ""seller_risk_level"": ""Lower Risk"", ""average_review_score"": 4.1111111111111111, ""on_time_delivery_rate"": 72.22}"
14,"Seller Risk",550,"{""seller"": ""582d4f8675b945722eda7c0cb61ba4c7"", ""sales_value"": 5683.93, ""delivered_orders"": 59, ""seller_risk_level"": ""Lower Risk"", ""average_review_score"": 4.1525423728813559, ""on_time_delivery_rate"": 98.31}"
14,"Seller Risk",551,"{""seller"": ""fcdd820084f17e9982427971e4e9d47f"", ""sales_value"": 5665.74, ""delivered_orders"": 16, ""seller_risk_level"": ""Lower Risk"", ""average_review_score"": 3.9375000000000000, ""on_time_delivery_rate"": 87.50}"
14,"Seller Risk",552,"{""seller"": ""cac4c8e7b1ca6252d8f20b2fc1a2e4af"", ""sales_value"": 5658.70, ""delivered_orders"": 74, ""seller_risk_level"": ""Lower Risk"", ""average_review_score"": 3.5675675675675676, ""on_time_delivery_rate"": 77.03}"
14,"Seller Risk",553,"{""seller"": ""f7496d659ca9fdaf323c0aae84176632"", ""sales_value"": 5641.93, ""delivered_orders"": 25, ""seller_risk_level"": ""Lower Risk"", ""average_review_score"": 4.5600000000000000, ""on_time_delivery_rate"": 92.00}"
14,"Seller Risk",554,"{""seller"": ""fad44952713764836814be105382aee5"", ""sales_value"": 5636.88, ""delivered_orders"": 32, ""seller_risk_level"": ""Lower Risk"", ""average_review_score"": 4.2812500000000000, ""on_time_delivery_rate"": 96.88}"
14,"Seller Risk",555,"{""seller"": ""2a7dc43cecabf23403078e2188437d1d"", ""sales_value"": 5629.62, ""delivered_orders"": 52, ""seller_risk_level"": ""Lower Risk"", ""average_review_score"": 4.0961538461538462, ""on_time_delivery_rate"": 92.31}"
14,"Seller Risk",556,"{""seller"": ""ad420dd0c4f92f8af951ac24b86d0cf5"", ""sales_value"": 5618.40, ""delivered_orders"": 42, ""seller_risk_level"": ""Lower Risk"", ""average_review_score"": 4.1250000000000000, ""on_time_delivery_rate"": 92.86}"
14,"Seller Risk",557,"{""seller"": ""11bfa66332777660bd0640ee84d47006"", ""sales_value"": 5608.54, ""delivered_orders"": 76, ""seller_risk_level"": ""Lower Risk"", ""average_review_score"": 3.8831168831168831, ""on_time_delivery_rate"": 84.21}"
14,"Seller Risk",558,"{""seller"": ""a3f0b55de503387383c7b1de3ad7f678"", ""sales_value"": 5577.74, ""delivered_orders"": 24, ""seller_risk_level"": ""Lower Risk"", ""average_review_score"": 4.4166666666666667, ""on_time_delivery_rate"": 95.83}"
14,"Seller Risk",559,"{""seller"": ""cc5a78bbad32776dc4e3af205218368c"", ""sales_value"": 5573.35, ""delivered_orders"": 33, ""seller_risk_level"": ""Lower Risk"", ""average_review_score"": 4.4545454545454545, ""on_time_delivery_rate"": 96.97}"
14,"Seller Risk",560,"{""seller"": ""ef990a83bbea832f36ebe81376335aa8"", ""sales_value"": 5557.24, ""delivered_orders"": 43, ""seller_risk_level"": ""Lower Risk"", ""average_review_score"": 3.6279069767441860, ""on_time_delivery_rate"": 74.42}"
14,"Seller Risk",561,"{""seller"": ""e0878efa0e0b7e5313ac0b43bc04c081"", ""sales_value"": 5542.53, ""delivered_orders"": 26, ""seller_risk_level"": ""Lower Risk"", ""average_review_score"": 3.6296296296296296, ""on_time_delivery_rate"": 80.77}"
14,"Seller Risk",562,"{""seller"": ""822166ed1e47908f7cfb49946d03c726"", ""sales_value"": 5535.95, ""delivered_orders"": 69, ""seller_risk_level"": ""Lower Risk"", ""average_review_score"": 4.0000000000000000, ""on_time_delivery_rate"": 98.55}"
14,"Seller Risk",563,"{""seller"": ""4bf2f4ee540798a61f9636d12cd9cc80"", ""sales_value"": 5501.01, ""delivered_orders"": 29, ""seller_risk_level"": ""Lower Risk"", ""average_review_score"": 4.1379310344827586, ""on_time_delivery_rate"": 96.55}"
14,"Seller Risk",564,"{""seller"": ""d379f449f2a3b271bc01c0782020f705"", ""sales_value"": 5499.80, ""delivered_orders"": 28, ""seller_risk_level"": ""Lower Risk"", ""average_review_score"": 3.8928571428571429, ""on_time_delivery_rate"": 96.43}"
14,"Seller Risk",565,"{""seller"": ""d673a59aac7a70d8b01e6902bf090a11"", ""sales_value"": 5499.56, ""delivered_orders"": 79, ""seller_risk_level"": ""Lower Risk"", ""average_review_score"": 3.9250000000000000, ""on_time_delivery_rate"": 89.87}"
14,"Seller Risk",566,"{""seller"": ""e9c6969d40e6a3d2d0f90013165c2b98"", ""sales_value"": 5481.98, ""delivered_orders"": 10, ""seller_risk_level"": ""Lower Risk"", ""average_review_score"": 4.4000000000000000, ""on_time_delivery_rate"": 100.00}"
14,"Seller Risk",567,"{""seller"": ""0ef83d7d83ed97cd2a0049ac8be5f88a"", ""sales_value"": 5447.81, ""delivered_orders"": 48, ""seller_risk_level"": ""Lower Risk"", ""average_review_score"": 4.1666666666666667, ""on_time_delivery_rate"": 97.92}"
14,"Seller Risk",568,"{""seller"": ""c68fb906c8f4b4b946d8386bfa6e5467"", ""sales_value"": 5433.61, ""delivered_orders"": 45, ""seller_risk_level"": ""Lower Risk"", ""average_review_score"": 4.5227272727272727, ""on_time_delivery_rate"": 97.78}"
14,"Seller Risk",569,"{""seller"": ""d20b021d3efdf267a402c402a48ea64b"", ""sales_value"": 5427.26, ""delivered_orders"": 86, ""seller_risk_level"": ""Lower Risk"", ""average_review_score"": 3.7674418604651163, ""on_time_delivery_rate"": 82.56}"
14,"Seller Risk",570,"{""seller"": ""8bd0f31cf0a614c658f6763bd02dea69"", ""sales_value"": 5423.32, ""delivered_orders"": 33, ""seller_risk_level"": ""Lower Risk"", ""average_review_score"": 4.2812500000000000, ""on_time_delivery_rate"": 96.97}"
14,"Seller Risk",571,"{""seller"": ""a3dd39f583bc80bd8c5901c95878921e"", ""sales_value"": 5412.16, ""delivered_orders"": 34, ""seller_risk_level"": ""Lower Risk"", ""average_review_score"": 4.6000000000000000, ""on_time_delivery_rate"": 97.06}"
14,"Seller Risk",572,"{""seller"": ""42b729f859728f5079499127a9c2ef37"", ""sales_value"": 5396.92, ""delivered_orders"": 103, ""seller_risk_level"": ""Lower Risk"", ""average_review_score"": 4.4803921568627451, ""on_time_delivery_rate"": 92.23}"
14,"Seller Risk",573,"{""seller"": ""45213867cefbf2cd4c6177e10216a951"", ""sales_value"": 5389.16, ""delivered_orders"": 14, ""seller_risk_level"": ""Lower Risk"", ""average_review_score"": 3.8571428571428571, ""on_time_delivery_rate"": 85.71}"
14,"Seller Risk",574,"{""seller"": ""45d33f715e24d15a6ccf5c17b3a23e3c"", ""sales_value"": 5383.47, ""delivered_orders"": 56, ""seller_risk_level"": ""Lower Risk"", ""average_review_score"": 4.1428571428571429, ""on_time_delivery_rate"": 92.86}"
14,"Seller Risk",575,"{""seller"": ""db4350fd57ae30082dec7acbaacc17f9"", ""sales_value"": 5369.02, ""delivered_orders"": 136, ""seller_risk_level"": ""Lower Risk"", ""average_review_score"": 4.1629629629629630, ""on_time_delivery_rate"": 96.32}"
14,"Seller Risk",576,"{""seller"": ""951e8cef368f09bb3f3d03c00ca4702c"", ""sales_value"": 5353.54, ""delivered_orders"": 62, ""seller_risk_level"": ""Lower Risk"", ""average_review_score"": 4.1333333333333333, ""on_time_delivery_rate"": 91.94}"
14,"Seller Risk",577,"{""seller"": ""503c1de08ae81a2d86f17951b204db55"", ""sales_value"": 5321.90, ""delivered_orders"": 22, ""seller_risk_level"": ""Lower Risk"", ""average_review_score"": 4.4090909090909091, ""on_time_delivery_rate"": 90.91}"
14,"Seller Risk",578,"{""seller"": ""6860153b69cc696d5dcfe1cdaaafcf62"", ""sales_value"": 5318.23, ""delivered_orders"": 74, ""seller_risk_level"": ""Lower Risk"", ""average_review_score"": 4.0958904109589041, ""on_time_delivery_rate"": 90.54}"
14,"Seller Risk",579,"{""seller"": ""715bbd5ba4e6b74cb0d2f29eb45058b0"", ""sales_value"": 5315.88, ""delivered_orders"": 62, ""seller_risk_level"": ""Lower Risk"", ""average_review_score"": 4.4677419354838710, ""on_time_delivery_rate"": 91.94}"
14,"Seller Risk",580,"{""seller"": ""beadbee30901a7f61d031b6b686095ad"", ""sales_value"": 5311.52, ""delivered_orders"": 64, ""seller_risk_level"": ""Lower Risk"", ""average_review_score"": 3.9062500000000000, ""on_time_delivery_rate"": 75.00}"
14,"Seller Risk",581,"{""seller"": ""ce69a8021d18961dd2a40269b7c2c293"", ""sales_value"": 5289.05, ""delivered_orders"": 19, ""seller_risk_level"": ""Lower Risk"", ""average_review_score"": 4.4736842105263158, ""on_time_delivery_rate"": 89.47}"
14,"Seller Risk",582,"{""seller"": ""b4a476fbd28de64b1e347abf9089366a"", ""sales_value"": 5275.11, ""delivered_orders"": 30, ""seller_risk_level"": ""Lower Risk"", ""average_review_score"": 4.1379310344827586, ""on_time_delivery_rate"": 90.00}"
14,"Seller Risk",583,"{""seller"": ""c12b92bf1c350f3e6bf88d3596219c86"", ""sales_value"": 5252.84, ""delivered_orders"": 17, ""seller_risk_level"": ""Lower Risk"", ""average_review_score"": 3.8823529411764706, ""on_time_delivery_rate"": 94.12}"
14,"Seller Risk",584,"{""seller"": ""834f8533b2ecb6598dd004ff3de7203a"", ""sales_value"": 5250.66, ""delivered_orders"": 41, ""seller_risk_level"": ""Lower Risk"", ""average_review_score"": 3.9772727272727273, ""on_time_delivery_rate"": 85.37}"
14,"Seller Risk",585,"{""seller"": ""d66c305afaec317ebee552073a674429"", ""sales_value"": 5235.50, ""delivered_orders"": 38, ""seller_risk_level"": ""Lower Risk"", ""average_review_score"": 4.4615384615384615, ""on_time_delivery_rate"": 97.37}"
14,"Seller Risk",586,"{""seller"": ""eed78ac17f7f795a19a709745f00cd4e"", ""sales_value"": 5195.84, ""delivered_orders"": 22, ""seller_risk_level"": ""Lower Risk"", ""average_review_score"": 3.7727272727272727, ""on_time_delivery_rate"": 100.00}"
14,"Seller Risk",587,"{""seller"": ""99002261c568a84cce14d43fcffb43ea"", ""sales_value"": 5188.33, ""delivered_orders"": 36, ""seller_risk_level"": ""Lower Risk"", ""average_review_score"": 3.7222222222222222, ""on_time_delivery_rate"": 91.67}"
14,"Seller Risk",588,"{""seller"": ""b19f3ca2ea475913750f25a5c37c8d8f"", ""sales_value"": 5176.65, ""delivered_orders"": 19, ""seller_risk_level"": ""Lower Risk"", ""average_review_score"": 3.2631578947368421, ""on_time_delivery_rate"": 68.42}"
14,"Seller Risk",589,"{""seller"": ""9df5750209b83567ec144eb299d7d634"", ""sales_value"": 5176.30, ""delivered_orders"": 11, ""seller_risk_level"": ""Lower Risk"", ""average_review_score"": 4.0000000000000000, ""on_time_delivery_rate"": 90.91}"
14,"Seller Risk",590,"{""seller"": ""4c498c7345e89aebad651544829beca0"", ""sales_value"": 5131.66, ""delivered_orders"": 47, ""seller_risk_level"": ""Lower Risk"", ""average_review_score"": 4.2765957446808511, ""on_time_delivery_rate"": 87.23}"
14,"Seller Risk",591,"{""seller"": ""6fc26fe110feebd80a433e1f012a84f9"", ""sales_value"": 5128.06, ""delivered_orders"": 35, ""seller_risk_level"": ""Lower Risk"", ""average_review_score"": 3.9117647058823529, ""on_time_delivery_rate"": 88.57}"
14,"Seller Risk",592,"{""seller"": ""1fe5540d7c1c37a595fefbacd5570d9e"", ""sales_value"": 5118.75, ""delivered_orders"": 20, ""seller_risk_level"": ""Lower Risk"", ""average_review_score"": 4.3000000000000000, ""on_time_delivery_rate"": 95.00}"
14,"Seller Risk",593,"{""seller"": ""0509040ea3fe50071181bbc359eb7738"", ""sales_value"": 5099.25, ""delivered_orders"": 87, ""seller_risk_level"": ""Lower Risk"", ""average_review_score"": 4.4767441860465116, ""on_time_delivery_rate"": 93.10}"
14,"Seller Risk",594,"{""seller"": ""8931a84a914b3fe9b1ddaa4d704947ca"", ""sales_value"": 5092.89, ""delivered_orders"": 29, ""seller_risk_level"": ""Lower Risk"", ""average_review_score"": 4.0714285714285714, ""on_time_delivery_rate"": 93.10}"
14,"Seller Risk",595,"{""seller"": ""f0b47fbbc6dee9aafe415a6e33051b3f"", ""sales_value"": 5087.90, ""delivered_orders"": 67, ""seller_risk_level"": ""Lower Risk"", ""average_review_score"": 4.2537313432835821, ""on_time_delivery_rate"": 89.55}"
14,"Seller Risk",596,"{""seller"": ""65febd49fd28ec955651299159b1f527"", ""sales_value"": 5085.38, ""delivered_orders"": 33, ""seller_risk_level"": ""Lower Risk"", ""average_review_score"": 4.4545454545454545, ""on_time_delivery_rate"": 93.94}"
14,"Seller Risk",597,"{""seller"": ""b90e891671cffd9557f33a97dc523645"", ""sales_value"": 5081.31, ""delivered_orders"": 34, ""seller_risk_level"": ""Lower Risk"", ""average_review_score"": 4.3235294117647059, ""on_time_delivery_rate"": 100.00}"
14,"Seller Risk",598,"{""seller"": ""d12c926d74ceff0a90a21184466ce161"", ""sales_value"": 5075.68, ""delivered_orders"": 76, ""seller_risk_level"": ""Lower Risk"", ""average_review_score"": 4.3461538461538462, ""on_time_delivery_rate"": 98.68}"
14,"Seller Risk",599,"{""seller"": ""8a130737016f838139d31878787a39c9"", ""sales_value"": 5064.32, ""delivered_orders"": 56, ""seller_risk_level"": ""Lower Risk"", ""average_review_score"": 4.4464285714285714, ""on_time_delivery_rate"": 92.86}"
14,"Seller Risk",600,"{""seller"": ""bccf933e006e9b94a6184af782963e77"", ""sales_value"": 5047.21, ""delivered_orders"": 45, ""seller_risk_level"": ""Lower Risk"", ""average_review_score"": 4.5227272727272727, ""on_time_delivery_rate"": 97.78}"
14,"Seller Risk",601,"{""seller"": ""31da954dc0855f2495c6310f70a2f931"", ""sales_value"": 5032.71, ""delivered_orders"": 29, ""seller_risk_level"": ""Lower Risk"", ""average_review_score"": 4.2068965517241379, ""on_time_delivery_rate"": 89.66}"
14,"Seller Risk",602,"{""seller"": ""15aac934c58d886785ac1b17953ea898"", ""sales_value"": 5019.60, ""delivered_orders"": 25, ""seller_risk_level"": ""Lower Risk"", ""average_review_score"": 4.2400000000000000, ""on_time_delivery_rate"": 88.00}"
14,"Seller Risk",603,"{""seller"": ""232a6014e7b10cba61c6c2b2ea6bb4b0"", ""sales_value"": 5017.04, ""delivered_orders"": 32, ""seller_risk_level"": ""Lower Risk"", ""average_review_score"": 4.1562500000000000, ""on_time_delivery_rate"": 93.75}"
14,"Seller Risk",604,"{""seller"": ""827f8f69dfa529c561901c4f2e0f332f"", ""sales_value"": 5003.96, ""delivered_orders"": 91, ""seller_risk_level"": ""Lower Risk"", ""average_review_score"": 4.2777777777777778, ""on_time_delivery_rate"": 90.11}"
14,"Seller Risk",605,"{""seller"": ""e81e1f9c3e762e620f3fb60a51499e16"", ""sales_value"": 4979.49, ""delivered_orders"": 17, ""seller_risk_level"": ""Lower Risk"", ""average_review_score"": 4.0000000000000000, ""on_time_delivery_rate"": 94.12}"
14,"Seller Risk",606,"{""seller"": ""891071be6ba827b591264c90c2ae8a63"", ""sales_value"": 4957.05, ""delivered_orders"": 85, ""seller_risk_level"": ""Lower Risk"", ""average_review_score"": 3.9651162790697674, ""on_time_delivery_rate"": 82.35}"
14,"Seller Risk",607,"{""seller"": ""fde0cc9ea29c8ccfc0a2c22256a58c71"", ""sales_value"": 4921.27, ""delivered_orders"": 35, ""seller_risk_level"": ""Lower Risk"", ""average_review_score"": 4.4857142857142857, ""on_time_delivery_rate"": 97.14}"
14,"Seller Risk",608,"{""seller"": ""3c03b12bab54d8b37d79d914bfdb1aa0"", ""sales_value"": 4919.77, ""delivered_orders"": 37, ""seller_risk_level"": ""Lower Risk"", ""average_review_score"": 3.8333333333333333, ""on_time_delivery_rate"": 83.78}"
14,"Seller Risk",609,"{""seller"": ""382229d1e840115ffe3dbf5ff460e417"", ""sales_value"": 4890.33, ""delivered_orders"": 45, ""seller_risk_level"": ""Lower Risk"", ""average_review_score"": 4.2666666666666667, ""on_time_delivery_rate"": 88.89}"
14,"Seller Risk",610,"{""seller"": ""968268a686aa05d1f529fb07dff08130"", ""sales_value"": 4880.84, ""delivered_orders"": 12, ""seller_risk_level"": ""Lower Risk"", ""average_review_score"": 3.5000000000000000, ""on_time_delivery_rate"": 100.00}"
14,"Seller Risk",611,"{""seller"": ""2addf05f476d0637864454e93ba673d5"", ""sales_value"": 4877.64, ""delivered_orders"": 12, ""seller_risk_level"": ""Lower Risk"", ""average_review_score"": 5.0000000000000000, ""on_time_delivery_rate"": 100.00}"
14,"Seller Risk",612,"{""seller"": ""99a54764c341d5dc80b4a8fac4eba3fb"", ""sales_value"": 4877.58, ""delivered_orders"": 44, ""seller_risk_level"": ""Lower Risk"", ""average_review_score"": 3.6744186046511628, ""on_time_delivery_rate"": 79.55}"
14,"Seller Risk",613,"{""seller"": ""55a5b51f93f2b70ea513f5a047b0262a"", ""sales_value"": 4849.38, ""delivered_orders"": 39, ""seller_risk_level"": ""Lower Risk"", ""average_review_score"": 4.4615384615384615, ""on_time_delivery_rate"": 92.31}"
14,"Seller Risk",614,"{""seller"": ""b76dba6c951ab00dc4edf0a1aa88037e"", ""sales_value"": 4827.34, ""delivered_orders"": 157, ""seller_risk_level"": ""Lower Risk"", ""average_review_score"": 4.2193548387096774, ""on_time_delivery_rate"": 96.82}"
14,"Seller Risk",615,"{""seller"": ""43f8c9950d11ecd03a0304a49e010da6"", ""sales_value"": 4807.22, ""delivered_orders"": 41, ""seller_risk_level"": ""Lower Risk"", ""average_review_score"": 4.5609756097560976, ""on_time_delivery_rate"": 92.68}"
14,"Seller Risk",616,"{""seller"": ""6b3bd31ad8fcda4b2635ec9f3ff2ecdf"", ""sales_value"": 4801.87, ""delivered_orders"": 35, ""seller_risk_level"": ""Lower Risk"", ""average_review_score"": 4.0857142857142857, ""on_time_delivery_rate"": 91.43}"
14,"Seller Risk",617,"{""seller"": ""6ec1a01e866584bb679eb9b098345919"", ""sales_value"": 4794.76, ""delivered_orders"": 30, ""seller_risk_level"": ""Lower Risk"", ""average_review_score"": 4.2413793103448276, ""on_time_delivery_rate"": 80.00}"
14,"Seller Risk",618,"{""seller"": ""9803a40e82e45418ab7fb84091af5231"", ""sales_value"": 4791.38, ""delivered_orders"": 11, ""seller_risk_level"": ""Lower Risk"", ""average_review_score"": 3.7272727272727273, ""on_time_delivery_rate"": 100.00}"
14,"Seller Risk",619,"{""seller"": ""e49c26c3edfa46d227d5121a6b6e4d37"", ""sales_value"": 4765.66, ""delivered_orders"": 34, ""seller_risk_level"": ""Lower Risk"", ""average_review_score"": 4.5588235294117647, ""on_time_delivery_rate"": 100.00}"
14,"Seller Risk",620,"{""seller"": ""520b493b57809f446cb0a233bb3e25c7"", ""sales_value"": 4762.87, ""delivered_orders"": 63, ""seller_risk_level"": ""Lower Risk"", ""average_review_score"": 4.2968750000000000, ""on_time_delivery_rate"": 96.83}"
14,"Seller Risk",621,"{""seller"": ""cd6efc47efaabf134f8bdb654e10b4f1"", ""sales_value"": 4757.16, ""delivered_orders"": 31, ""seller_risk_level"": ""Lower Risk"", ""average_review_score"": 4.4838709677419355, ""on_time_delivery_rate"": 90.32}"
14,"Seller Risk",622,"{""seller"": ""ec8879960bd2221d5c32f8e12f7da711"", ""sales_value"": 4756.26, ""delivered_orders"": 35, ""seller_risk_level"": ""Lower Risk"", ""average_review_score"": 4.2941176470588235, ""on_time_delivery_rate"": 82.86}"
14,"Seller Risk",623,"{""seller"": ""f76a3b1349b6df1ee875d1f3fa4340f0"", ""sales_value"": 4748.98, ""delivered_orders"": 24, ""seller_risk_level"": ""Lower Risk"", ""average_review_score"": 3.4583333333333333, ""on_time_delivery_rate"": 62.50}"
14,"Seller Risk",624,"{""seller"": ""81f89e42267213cb94da7ddc301651da"", ""sales_value"": 4721.18, ""delivered_orders"": 46, ""seller_risk_level"": ""Lower Risk"", ""average_review_score"": 3.6739130434782609, ""on_time_delivery_rate"": 100.00}"
14,"Seller Risk",625,"{""seller"": ""1b938a7ec6ac5061a66a3766e0e75f90"", ""sales_value"": 4719.45, ""delivered_orders"": 29, ""seller_risk_level"": ""Lower Risk"", ""average_review_score"": 4.4137931034482759, ""on_time_delivery_rate"": 96.55}"
14,"Seller Risk",626,"{""seller"": ""1eade46fba20122dc4aefb379f8c636b"", ""sales_value"": 4673.71, ""delivered_orders"": 58, ""seller_risk_level"": ""Lower Risk"", ""average_review_score"": 4.4310344827586207, ""on_time_delivery_rate"": 86.21}"
14,"Seller Risk",627,"{""seller"": ""f97e2b0650c2068227e1d366140eb62f"", ""sales_value"": 4665.98, ""delivered_orders"": 16, ""seller_risk_level"": ""Lower Risk"", ""average_review_score"": 4.0000000000000000, ""on_time_delivery_rate"": 93.75}"
14,"Seller Risk",628,"{""seller"": ""3f3486b61f45078d4f31ee5e43d8c5bb"", ""sales_value"": 4653.13, ""delivered_orders"": 39, ""seller_risk_level"": ""Lower Risk"", ""average_review_score"": 4.3333333333333333, ""on_time_delivery_rate"": 84.62}"
14,"Seller Risk",629,"{""seller"": ""cb41bfbcbda0aea354a834ab222f9a59"", ""sales_value"": 4650.66, ""delivered_orders"": 11, ""seller_risk_level"": ""Lower Risk"", ""average_review_score"": 3.2727272727272727, ""on_time_delivery_rate"": 63.64}"
14,"Seller Risk",630,"{""seller"": ""bf3c6d2a28b2b5501e6c15448982dcc9"", ""sales_value"": 4648.15, ""delivered_orders"": 35, ""seller_risk_level"": ""Lower Risk"", ""average_review_score"": 4.6000000000000000, ""on_time_delivery_rate"": 97.14}"
14,"Seller Risk",631,"{""seller"": ""13d058e4eeac2ce8217660b2f8a05812"", ""sales_value"": 4647.37, ""delivered_orders"": 22, ""seller_risk_level"": ""Lower Risk"", ""average_review_score"": 4.1818181818181818, ""on_time_delivery_rate"": 86.36}"
14,"Seller Risk",632,"{""seller"": ""8f119a0aee85c0c8fc534629734e94fd"", ""sales_value"": 4645.89, ""delivered_orders"": 75, ""seller_risk_level"": ""Lower Risk"", ""average_review_score"": 4.2800000000000000, ""on_time_delivery_rate"": 94.67}"
14,"Seller Risk",633,"{""seller"": ""f3da5b2ff499efb8d4a6d371d175d7dd"", ""sales_value"": 4640.59, ""delivered_orders"": 77, ""seller_risk_level"": ""Lower Risk"", ""average_review_score"": 3.8961038961038961, ""on_time_delivery_rate"": 85.71}"
14,"Seller Risk",634,"{""seller"": ""95f83f51203c626648c875dd41874c7f"", ""sales_value"": 4631.80, ""delivered_orders"": 50, ""seller_risk_level"": ""Lower Risk"", ""average_review_score"": 3.7000000000000000, ""on_time_delivery_rate"": 94.00}"
14,"Seller Risk",635,"{""seller"": ""3f995f07c49d0d55a99d5c54957f7d81"", ""sales_value"": 4627.20, ""delivered_orders"": 43, ""seller_risk_level"": ""Lower Risk"", ""average_review_score"": 4.2093023255813953, ""on_time_delivery_rate"": 97.67}"
14,"Seller Risk",636,"{""seller"": ""8cbac7e12637ed9cffa18c7875207478"", ""sales_value"": 4596.71, ""delivered_orders"": 66, ""seller_risk_level"": ""Lower Risk"", ""average_review_score"": 4.1666666666666667, ""on_time_delivery_rate"": 93.94}"
14,"Seller Risk",637,"{""seller"": ""681fce914360217db47784ae28905a96"", ""sales_value"": 4571.80, ""delivered_orders"": 23, ""seller_risk_level"": ""Lower Risk"", ""average_review_score"": 4.0000000000000000, ""on_time_delivery_rate"": 86.96}"
14,"Seller Risk",638,"{""seller"": ""8ed8ea9a57c862f2c18c2fe41f601d56"", ""sales_value"": 4562.97, ""delivered_orders"": 19, ""seller_risk_level"": ""Lower Risk"", ""average_review_score"": 4.4736842105263158, ""on_time_delivery_rate"": 100.00}"
14,"Seller Risk",639,"{""seller"": ""6b333a05bf188ef3e1f1662a86bd9855"", ""sales_value"": 4554.88, ""delivered_orders"": 12, ""seller_risk_level"": ""Lower Risk"", ""average_review_score"": 4.3333333333333333, ""on_time_delivery_rate"": 91.67}"
14,"Seller Risk",640,"{""seller"": ""e883aa812c37a7413226856f4579fe91"", ""sales_value"": 4554.46, ""delivered_orders"": 26, ""seller_risk_level"": ""Lower Risk"", ""average_review_score"": 4.1538461538461538, ""on_time_delivery_rate"": 96.15}"
14,"Seller Risk",641,"{""seller"": ""238fac594e170b59c6d228f5a4f4f1d9"", ""sales_value"": 4545.52, ""delivered_orders"": 29, ""seller_risk_level"": ""Lower Risk"", ""average_review_score"": 4.0000000000000000, ""on_time_delivery_rate"": 89.66}"
14,"Seller Risk",642,"{""seller"": ""3361277dc30b7cccdb0c286b24219756"", ""sales_value"": 4540.90, ""delivered_orders"": 29, ""seller_risk_level"": ""Lower Risk"", ""average_review_score"": 4.3448275862068966, ""on_time_delivery_rate"": 93.10}"
14,"Seller Risk",643,"{""seller"": ""1fdc574883ef3b33ad41562d93f3a74a"", ""sales_value"": 4524.27, ""delivered_orders"": 18, ""seller_risk_level"": ""Lower Risk"", ""average_review_score"": 4.4444444444444444, ""on_time_delivery_rate"": 94.44}"
14,"Seller Risk",644,"{""seller"": ""6a0cbc8af2e8abd1bdfb777943d174c6"", ""sales_value"": 4517.15, ""delivered_orders"": 34, ""seller_risk_level"": ""Lower Risk"", ""average_review_score"": 4.0303030303030303, ""on_time_delivery_rate"": 91.18}"
14,"Seller Risk",645,"{""seller"": ""7f152321c60a266edc53af1925ef96c1"", ""sales_value"": 4471.92, ""delivered_orders"": 20, ""seller_risk_level"": ""Lower Risk"", ""average_review_score"": 3.8000000000000000, ""on_time_delivery_rate"": 70.00}"
14,"Seller Risk",646,"{""seller"": ""56642bcb79900e777d68e91915cb4267"", ""sales_value"": 4471.79, ""delivered_orders"": 48, ""seller_risk_level"": ""Lower Risk"", ""average_review_score"": 4.0625000000000000, ""on_time_delivery_rate"": 91.67}"
14,"Seller Risk",647,"{""seller"": ""f00e21b1e91a79653163b7fd8f293ff1"", ""sales_value"": 4471.06, ""delivered_orders"": 31, ""seller_risk_level"": ""Lower Risk"", ""average_review_score"": 4.1000000000000000, ""on_time_delivery_rate"": 96.77}"
14,"Seller Risk",648,"{""seller"": ""602044f2c16190c2c6e45eb35c2e21cb"", ""sales_value"": 4468.93, ""delivered_orders"": 48, ""seller_risk_level"": ""Lower Risk"", ""average_review_score"": 3.2244897959183673, ""on_time_delivery_rate"": 81.25}"
14,"Seller Risk",649,"{""seller"": ""f4aba7c0bca51484c30ab7bdc34bcdd1"", ""sales_value"": 4467.13, ""delivered_orders"": 108, ""seller_risk_level"": ""Lower Risk"", ""average_review_score"": 3.9444444444444444, ""on_time_delivery_rate"": 93.52}"
14,"Seller Risk",650,"{""seller"": ""6288c69c4ce638e59925e59193f98b16"", ""sales_value"": 4467.01, ""delivered_orders"": 20, ""seller_risk_level"": ""Lower Risk"", ""average_review_score"": 4.2500000000000000, ""on_time_delivery_rate"": 95.00}"
14,"Seller Risk",651,"{""seller"": ""02f5837340d7eb4f653d676c7256523a"", ""sales_value"": 4463.88, ""delivered_orders"": 30, ""seller_risk_level"": ""Lower Risk"", ""average_review_score"": 4.8333333333333333, ""on_time_delivery_rate"": 96.67}"
14,"Seller Risk",652,"{""seller"": ""406822777a0b9eb5c50e442dd4cd3ec5"", ""sales_value"": 4449.21, ""delivered_orders"": 44, ""seller_risk_level"": ""Lower Risk"", ""average_review_score"": 4.3255813953488372, ""on_time_delivery_rate"": 86.36}"
14,"Seller Risk",653,"{""seller"": ""14d7985702e72162bbf13b6beb74ab2b"", ""sales_value"": 4441.00, ""delivered_orders"": 37, ""seller_risk_level"": ""Lower Risk"", ""average_review_score"": 4.3243243243243243, ""on_time_delivery_rate"": 86.49}"
14,"Seller Risk",654,"{""seller"": ""870d0118f7a9d85960f29ad89d5d989a"", ""sales_value"": 4428.03, ""delivered_orders"": 45, ""seller_risk_level"": ""Lower Risk"", ""average_review_score"": 4.0851063829787234, ""on_time_delivery_rate"": 95.56}"
14,"Seller Risk",655,"{""seller"": ""6bb0724edf0b62fb91ac404873a97241"", ""sales_value"": 4416.52, ""delivered_orders"": 17, ""seller_risk_level"": ""Lower Risk"", ""average_review_score"": 4.4666666666666667, ""on_time_delivery_rate"": 82.35}"
14,"Seller Risk",656,"{""seller"": ""d5ba419e26d246a0719437cf37d9b46d"", ""sales_value"": 4415.80, ""delivered_orders"": 33, ""seller_risk_level"": ""Lower Risk"", ""average_review_score"": 4.0000000000000000, ""on_time_delivery_rate"": 87.88}"
14,"Seller Risk",657,"{""seller"": ""b17b679f4f5ce2e03ce6968c62648246"", ""sales_value"": 4404.36, ""delivered_orders"": 50, ""seller_risk_level"": ""Lower Risk"", ""average_review_score"": 3.9800000000000000, ""on_time_delivery_rate"": 82.00}"
14,"Seller Risk",658,"{""seller"": ""79ed755314cfe6df0daef2c6cd3022cd"", ""sales_value"": 4366.66, ""delivered_orders"": 23, ""seller_risk_level"": ""Lower Risk"", ""average_review_score"": 4.7272727272727273, ""on_time_delivery_rate"": 100.00}"
14,"Seller Risk",659,"{""seller"": ""edf96ef93ed595084bbcbd9224bd2894"", ""sales_value"": 4365.78, ""delivered_orders"": 25, ""seller_risk_level"": ""Lower Risk"", ""average_review_score"": 3.8800000000000000, ""on_time_delivery_rate"": 88.00}"
14,"Seller Risk",660,"{""seller"": ""2745f798279e0ed033addcc1474776d7"", ""sales_value"": 4364.99, ""delivered_orders"": 32, ""seller_risk_level"": ""Lower Risk"", ""average_review_score"": 3.9677419354838710, ""on_time_delivery_rate"": 90.63}"
14,"Seller Risk",661,"{""seller"": ""42fa4ee7240e9b8eb4576358ec142ba7"", ""sales_value"": 4364.47, ""delivered_orders"": 22, ""seller_risk_level"": ""Lower Risk"", ""average_review_score"": 4.8095238095238095, ""on_time_delivery_rate"": 100.00}"
14,"Seller Risk",662,"{""seller"": ""3c4e0452bff7a2a788179488d3d77032"", ""sales_value"": 4352.52, ""delivered_orders"": 32, ""seller_risk_level"": ""Lower Risk"", ""average_review_score"": 3.8387096774193548, ""on_time_delivery_rate"": 96.88}"
14,"Seller Risk",663,"{""seller"": ""ed4311e67debd72b8610a5347a743087"", ""sales_value"": 4342.81, ""delivered_orders"": 25, ""seller_risk_level"": ""Lower Risk"", ""average_review_score"": 4.6250000000000000, ""on_time_delivery_rate"": 92.00}"
14,"Seller Risk",664,"{""seller"": ""6481e96574816ead57975da2c0f6d80d"", ""sales_value"": 4340.86, ""delivered_orders"": 32, ""seller_risk_level"": ""Lower Risk"", ""average_review_score"": 4.1875000000000000, ""on_time_delivery_rate"": 96.88}"
14,"Seller Risk",665,"{""seller"": ""1b8356dabde1d35e17cef975c3f82730"", ""sales_value"": 4336.63, ""delivered_orders"": 55, ""seller_risk_level"": ""Lower Risk"", ""average_review_score"": 4.2181818181818182, ""on_time_delivery_rate"": 98.18}"
14,"Seller Risk",666,"{""seller"": ""38e679b9e0064cd94c6f035707344dae"", ""sales_value"": 4336.62, ""delivered_orders"": 27, ""seller_risk_level"": ""Lower Risk"", ""average_review_score"": 4.1153846153846154, ""on_time_delivery_rate"": 96.30}"
14,"Seller Risk",667,"{""seller"": ""8b2492b7ff4468839593fafeed55bad9"", ""sales_value"": 4336.26, ""delivered_orders"": 29, ""seller_risk_level"": ""Lower Risk"", ""average_review_score"": 4.1724137931034483, ""on_time_delivery_rate"": 93.10}"
14,"Seller Risk",668,"{""seller"": ""4c18691b6037662be2df78a765d98ab5"", ""sales_value"": 4316.51, ""delivered_orders"": 63, ""seller_risk_level"": ""Lower Risk"", ""average_review_score"": 3.8730158730158730, ""on_time_delivery_rate"": 92.06}"
14,"Seller Risk",669,"{""seller"": ""2e13c71026e1a39ba5cc1b86dcb679aa"", ""sales_value"": 4310.21, ""delivered_orders"": 24, ""seller_risk_level"": ""Lower Risk"", ""average_review_score"": 4.3750000000000000, ""on_time_delivery_rate"": 91.67}"
14,"Seller Risk",670,"{""seller"": ""2199e7fe213c16213bf5d6a7eadc9a5d"", ""sales_value"": 4309.10, ""delivered_orders"": 24, ""seller_risk_level"": ""Lower Risk"", ""average_review_score"": 4.3750000000000000, ""on_time_delivery_rate"": 95.83}"
14,"Seller Risk",671,"{""seller"": ""23a0ffca143a15b9b5bbdb7d552f626a"", ""sales_value"": 4304.28, ""delivered_orders"": 23, ""seller_risk_level"": ""Lower Risk"", ""average_review_score"": 3.9130434782608696, ""on_time_delivery_rate"": 86.96}"
14,"Seller Risk",672,"{""seller"": ""070d165398b553f3b4b851c216b8a358"", ""sales_value"": 4301.11, ""delivered_orders"": 31, ""seller_risk_level"": ""Lower Risk"", ""average_review_score"": 3.3666666666666667, ""on_time_delivery_rate"": 83.87}"
14,"Seller Risk",673,"{""seller"": ""8090490573c6c0aa343a7231ebcb8c86"", ""sales_value"": 4298.03, ""delivered_orders"": 26, ""seller_risk_level"": ""Lower Risk"", ""average_review_score"": 4.1923076923076923, ""on_time_delivery_rate"": 92.31}"
14,"Seller Risk",674,"{""seller"": ""3d8fa2f5b647373c8620330c4e077a9f"", ""sales_value"": 4295.72, ""delivered_orders"": 42, ""seller_risk_level"": ""Lower Risk"", ""average_review_score"": 4.1666666666666667, ""on_time_delivery_rate"": 97.62}"
14,"Seller Risk",675,"{""seller"": ""a44fb5a447105f8469bdf16bf9159f25"", ""sales_value"": 4292.71, ""delivered_orders"": 19, ""seller_risk_level"": ""Lower Risk"", ""average_review_score"": 4.0526315789473684, ""on_time_delivery_rate"": 73.68}"
14,"Seller Risk",676,"{""seller"": ""c9a06ece156bb057372c68718ec8909b"", ""sales_value"": 4281.96, ""delivered_orders"": 11, ""seller_risk_level"": ""Lower Risk"", ""average_review_score"": 3.3636363636363636, ""on_time_delivery_rate"": 100.00}"
14,"Seller Risk",677,"{""seller"": ""c731d18cea9bf687ffee82a241c25b11"", ""sales_value"": 4272.65, ""delivered_orders"": 24, ""seller_risk_level"": ""Lower Risk"", ""average_review_score"": 4.2173913043478261, ""on_time_delivery_rate"": 100.00}"
14,"Seller Risk",678,"{""seller"": ""96804ea39d96eb908e7c3afdb671bb9e"", ""sales_value"": 4268.00, ""delivered_orders"": 37, ""seller_risk_level"": ""Lower Risk"", ""average_review_score"": 4.1351351351351351, ""on_time_delivery_rate"": 97.30}"
14,"Seller Risk",679,"{""seller"": ""5f5b43b2bffa8656e4bc6efeb13cc649"", ""sales_value"": 4232.65, ""delivered_orders"": 27, ""seller_risk_level"": ""Lower Risk"", ""average_review_score"": 4.4074074074074074, ""on_time_delivery_rate"": 96.30}"
14,"Seller Risk",680,"{""seller"": ""271c58a1d139c45eaf3316107c6d3a3b"", ""sales_value"": 4232.55, ""delivered_orders"": 27, ""seller_risk_level"": ""Lower Risk"", ""average_review_score"": 4.1851851851851852, ""on_time_delivery_rate"": 92.59}"
14,"Seller Risk",681,"{""seller"": ""66dc1b1632bd6a3e508510c5b3492107"", ""sales_value"": 4231.90, ""delivered_orders"": 36, ""seller_risk_level"": ""Lower Risk"", ""average_review_score"": 3.6388888888888889, ""on_time_delivery_rate"": 97.22}"
14,"Seller Risk",682,"{""seller"": ""2d2c62bef4c8ba0dd74e0e228e808539"", ""sales_value"": 4230.48, ""delivered_orders"": 16, ""seller_risk_level"": ""Lower Risk"", ""average_review_score"": 4.1250000000000000, ""on_time_delivery_rate"": 87.50}"
14,"Seller Risk",683,"{""seller"": ""e7d5b006eb624f13074497221eb37807"", ""sales_value"": 4220.42, ""delivered_orders"": 28, ""seller_risk_level"": ""Lower Risk"", ""average_review_score"": 3.9285714285714286, ""on_time_delivery_rate"": 92.86}"
14,"Seller Risk",684,"{""seller"": ""4559697a8f7e637227c2eeaed843baff"", ""sales_value"": 4189.52, ""delivered_orders"": 39, ""seller_risk_level"": ""Lower Risk"", ""average_review_score"": 4.2195121951219512, ""on_time_delivery_rate"": 92.31}"
14,"Seller Risk",685,"{""seller"": ""276677b5d08786d5dce7c2149dcce48b"", ""sales_value"": 4189.45, ""delivered_orders"": 31, ""seller_risk_level"": ""Lower Risk"", ""average_review_score"": 4.0322580645161290, ""on_time_delivery_rate"": 90.32}"
14,"Seller Risk",686,"{""seller"": ""5d3bb11474a06bdc23fb9e89f1164ee0"", ""sales_value"": 4178.82, ""delivered_orders"": 31, ""seller_risk_level"": ""Lower Risk"", ""average_review_score"": 3.9032258064516129, ""on_time_delivery_rate"": 96.77}"
14,"Seller Risk",687,"{""seller"": ""e8f6dc8e6a1dcde89d20e3995c8d90b3"", ""sales_value"": 4165.54, ""delivered_orders"": 35, ""seller_risk_level"": ""Lower Risk"", ""average_review_score"": 4.0000000000000000, ""on_time_delivery_rate"": 91.43}"
14,"Seller Risk",688,"{""seller"": ""71039d19d4303bf9054d69e9a9236699"", ""sales_value"": 4158.65, ""delivered_orders"": 35, ""seller_risk_level"": ""Lower Risk"", ""average_review_score"": 3.8000000000000000, ""on_time_delivery_rate"": 77.14}"
14,"Seller Risk",689,"{""seller"": ""9646c3513289980f17226a2fc4720dbd"", ""sales_value"": 4152.23, ""delivered_orders"": 69, ""seller_risk_level"": ""Lower Risk"", ""average_review_score"": 4.4492753623188406, ""on_time_delivery_rate"": 97.10}"
14,"Seller Risk",690,"{""seller"": ""33ac3e28642ab8bda860a2f693000e78"", ""sales_value"": 4151.12, ""delivered_orders"": 34, ""seller_risk_level"": ""Lower Risk"", ""average_review_score"": 4.2058823529411765, ""on_time_delivery_rate"": 100.00}"
14,"Seller Risk",691,"{""seller"": ""594f9aaa48e5bf431f011ddc5669b0d5"", ""sales_value"": 4136.41, ""delivered_orders"": 37, ""seller_risk_level"": ""Lower Risk"", ""average_review_score"": 4.5945945945945946, ""on_time_delivery_rate"": 97.30}"
14,"Seller Risk",692,"{""seller"": ""5d9dc90a686a8fddacffab6bab5653a3"", ""sales_value"": 4131.27, ""delivered_orders"": 12, ""seller_risk_level"": ""Lower Risk"", ""average_review_score"": 4.1666666666666667, ""on_time_delivery_rate"": 91.67}"
14,"Seller Risk",693,"{""seller"": ""643214e62b870443ccbe55ab29a4dccf"", ""sales_value"": 4120.71, ""delivered_orders"": 65, ""seller_risk_level"": ""Lower Risk"", ""average_review_score"": 4.4000000000000000, ""on_time_delivery_rate"": 87.69}"
14,"Seller Risk",694,"{""seller"": ""d57e18d5f73c7ccb7f7339b61166898d"", ""sales_value"": 4111.19, ""delivered_orders"": 61, ""seller_risk_level"": ""Lower Risk"", ""average_review_score"": 4.4262295081967213, ""on_time_delivery_rate"": 96.72}"
14,"Seller Risk",695,"{""seller"": ""c0563dd588b775f2e37747ef6ad6c92c"", ""sales_value"": 4094.68, ""delivered_orders"": 28, ""seller_risk_level"": ""Lower Risk"", ""average_review_score"": 4.3571428571428571, ""on_time_delivery_rate"": 89.29}"
14,"Seller Risk",696,"{""seller"": ""77e4abfd739aed9c46480f90f81c0eb4"", ""sales_value"": 4092.21, ""delivered_orders"": 18, ""seller_risk_level"": ""Lower Risk"", ""average_review_score"": 4.7777777777777778, ""on_time_delivery_rate"": 100.00}"
14,"Seller Risk",697,"{""seller"": ""b1fecf4da1fa2689bccffa0121953643"", ""sales_value"": 4066.72, ""delivered_orders"": 19, ""seller_risk_level"": ""Lower Risk"", ""average_review_score"": 4.9473684210526316, ""on_time_delivery_rate"": 100.00}"
14,"Seller Risk",698,"{""seller"": ""6b90f847357d8981edd79a1eb1bf0acb"", ""sales_value"": 4059.73, ""delivered_orders"": 45, ""seller_risk_level"": ""Lower Risk"", ""average_review_score"": 4.3695652173913043, ""on_time_delivery_rate"": 95.56}"
14,"Seller Risk",699,"{""seller"": ""cfd7ddab722b902f7ac5b5f3ba6d723d"", ""sales_value"": 4058.11, ""delivered_orders"": 12, ""seller_risk_level"": ""Lower Risk"", ""average_review_score"": 4.7500000000000000, ""on_time_delivery_rate"": 100.00}"
14,"Seller Risk",700,"{""seller"": ""f0837c8d71434931d9e38e7b79234797"", ""sales_value"": 4049.36, ""delivered_orders"": 22, ""seller_risk_level"": ""Lower Risk"", ""average_review_score"": 4.6086956521739130, ""on_time_delivery_rate"": 95.45}"
14,"Seller Risk",701,"{""seller"": ""994f04b3718c2bab35c2adfa8afecd2a"", ""sales_value"": 4044.45, ""delivered_orders"": 47, ""seller_risk_level"": ""Lower Risk"", ""average_review_score"": 4.2978723404255319, ""on_time_delivery_rate"": 91.49}"
14,"Seller Risk",702,"{""seller"": ""3bdff180c7e1f6551a643b99c265a120"", ""sales_value"": 4012.08, ""delivered_orders"": 56, ""seller_risk_level"": ""Lower Risk"", ""average_review_score"": 4.2545454545454545, ""on_time_delivery_rate"": 94.64}"
14,"Seller Risk",703,"{""seller"": ""a2b5b6105ea5942300631d2e76f4ffe0"", ""sales_value"": 4009.34, ""delivered_orders"": 16, ""seller_risk_level"": ""Lower Risk"", ""average_review_score"": 4.7500000000000000, ""on_time_delivery_rate"": 87.50}"
14,"Seller Risk",704,"{""seller"": ""3c010235b7345c92f125d14ee232a76b"", ""sales_value"": 4005.32, ""delivered_orders"": 15, ""seller_risk_level"": ""Lower Risk"", ""average_review_score"": 4.6666666666666667, ""on_time_delivery_rate"": 100.00}"
14,"Seller Risk",705,"{""seller"": ""df560393f3a51e74553ab94004ba5c87"", ""sales_value"": 3999.89, ""delivered_orders"": 26, ""seller_risk_level"": ""Lower Risk"", ""average_review_score"": 3.8846153846153846, ""on_time_delivery_rate"": 92.31}"
14,"Seller Risk",706,"{""seller"": ""7f2617c58d5d06806987308b45654351"", ""sales_value"": 3983.27, ""delivered_orders"": 22, ""seller_risk_level"": ""Lower Risk"", ""average_review_score"": 3.8181818181818182, ""on_time_delivery_rate"": 90.91}"
14,"Seller Risk",707,"{""seller"": ""4da0e408c99d2fdc2126dc9fce518060"", ""sales_value"": 3964.73, ""delivered_orders"": 44, ""seller_risk_level"": ""Lower Risk"", ""average_review_score"": 4.4583333333333333, ""on_time_delivery_rate"": 100.00}"
14,"Seller Risk",708,"{""seller"": ""1838dd9b8977065acf51d95e0053ea7a"", ""sales_value"": 3963.29, ""delivered_orders"": 62, ""seller_risk_level"": ""Lower Risk"", ""average_review_score"": 4.3709677419354839, ""on_time_delivery_rate"": 95.16}"
14,"Seller Risk",709,"{""seller"": ""eb4df17aed01d918c65f0f8d650900c0"", ""sales_value"": 3925.46, ""delivered_orders"": 11, ""seller_risk_level"": ""Lower Risk"", ""average_review_score"": 3.9090909090909091, ""on_time_delivery_rate"": 72.73}"
14,"Seller Risk",710,"{""seller"": ""f4db9b37944bcb8873e6b456ee190bbf"", ""sales_value"": 3909.94, ""delivered_orders"": 21, ""seller_risk_level"": ""Lower Risk"", ""average_review_score"": 4.5714285714285714, ""on_time_delivery_rate"": 90.48}"
14,"Seller Risk",711,"{""seller"": ""ec80e49e69745ab6c14f984bf2149423"", ""sales_value"": 3897.31, ""delivered_orders"": 12, ""seller_risk_level"": ""Lower Risk"", ""average_review_score"": 4.0000000000000000, ""on_time_delivery_rate"": 83.33}"
14,"Seller Risk",712,"{""seller"": ""0c7533c71df861ec58ad7ff999ed0e8d"", ""sales_value"": 3863.51, ""delivered_orders"": 61, ""seller_risk_level"": ""Lower Risk"", ""average_review_score"": 4.0967741935483871, ""on_time_delivery_rate"": 95.08}"
14,"Seller Risk",713,"{""seller"": ""960945e1a9535cbc0cd6ddd35fbe7ae8"", ""sales_value"": 3861.53, ""delivered_orders"": 28, ""seller_risk_level"": ""Lower Risk"", ""average_review_score"": 4.6428571428571429, ""on_time_delivery_rate"": 100.00}"
14,"Seller Risk",714,"{""seller"": ""aae3bfea055532c57fb453ed3ec80b30"", ""sales_value"": 3857.17, ""delivered_orders"": 48, ""seller_risk_level"": ""Lower Risk"", ""average_review_score"": 3.5957446808510638, ""on_time_delivery_rate"": 100.00}"
14,"Seller Risk",715,"{""seller"": ""f7ccf836d21b2fb1de37564105216cc1"", ""sales_value"": 3856.34, ""delivered_orders"": 69, ""seller_risk_level"": ""Lower Risk"", ""average_review_score"": 3.8507462686567164, ""on_time_delivery_rate"": 89.86}"
14,"Seller Risk",716,"{""seller"": ""3b872fd4747f01cc56206f2934198618"", ""sales_value"": 3843.11, ""delivered_orders"": 25, ""seller_risk_level"": ""Lower Risk"", ""average_review_score"": 3.8800000000000000, ""on_time_delivery_rate"": 84.00}"
14,"Seller Risk",717,"{""seller"": ""4677a5437afda5fa7140b927b07be1cc"", ""sales_value"": 3835.70, ""delivered_orders"": 11, ""seller_risk_level"": ""Lower Risk"", ""average_review_score"": 4.3636363636363636, ""on_time_delivery_rate"": 90.91}"
14,"Seller Risk",718,"{""seller"": ""e48b04bf1aa1ef711caebeb7aede6180"", ""sales_value"": 3832.73, ""delivered_orders"": 25, ""seller_risk_level"": ""Lower Risk"", ""average_review_score"": 4.4800000000000000, ""on_time_delivery_rate"": 100.00}"
14,"Seller Risk",719,"{""seller"": ""218f991754f360af9c2daa5e0b8e990c"", ""sales_value"": 3819.54, ""delivered_orders"": 14, ""seller_risk_level"": ""Lower Risk"", ""average_review_score"": 3.6428571428571429, ""on_time_delivery_rate"": 85.71}"
14,"Seller Risk",720,"{""seller"": ""5f1dc28029d2c244352a68107ec2b542"", ""sales_value"": 3803.46, ""delivered_orders"": 62, ""seller_risk_level"": ""Lower Risk"", ""average_review_score"": 4.4262295081967213, ""on_time_delivery_rate"": 93.55}"
14,"Seller Risk",721,"{""seller"": ""c8b3445d737de6befde0c88ede534a5e"", ""sales_value"": 3800.79, ""delivered_orders"": 30, ""seller_risk_level"": ""Lower Risk"", ""average_review_score"": 4.4333333333333333, ""on_time_delivery_rate"": 96.67}"
14,"Seller Risk",722,"{""seller"": ""244c2f1bff6afe1f2eaf9bfe9b2aed38"", ""sales_value"": 3794.87, ""delivered_orders"": 23, ""seller_risk_level"": ""Lower Risk"", ""average_review_score"": 3.6800000000000000, ""on_time_delivery_rate"": 91.30}"
14,"Seller Risk",723,"{""seller"": ""a938325a4b357fd23a6a4d5bb126408e"", ""sales_value"": 3791.81, ""delivered_orders"": 24, ""seller_risk_level"": ""Lower Risk"", ""average_review_score"": 3.8333333333333333, ""on_time_delivery_rate"": 95.83}"
14,"Seller Risk",724,"{""seller"": ""a17f621c590ea0fab3d5d883e1630ec6"", ""sales_value"": 3772.27, ""delivered_orders"": 63, ""seller_risk_level"": ""Lower Risk"", ""average_review_score"": 4.1639344262295082, ""on_time_delivery_rate"": 92.06}"
14,"Seller Risk",725,"{""seller"": ""2d50d6282f8aa2257819a77bfaa0efe0"", ""sales_value"": 3762.65, ""delivered_orders"": 42, ""seller_risk_level"": ""Lower Risk"", ""average_review_score"": 3.8095238095238095, ""on_time_delivery_rate"": 85.71}"
14,"Seller Risk",726,"{""seller"": ""54c04bdb5ec46762f8f08c7e8f86ed4a"", ""sales_value"": 3757.78, ""delivered_orders"": 18, ""seller_risk_level"": ""Lower Risk"", ""average_review_score"": 4.3333333333333333, ""on_time_delivery_rate"": 88.89}"
14,"Seller Risk",727,"{""seller"": ""5bc24d989e71e93c33e50a7782431b0e"", ""sales_value"": 3736.53, ""delivered_orders"": 17, ""seller_risk_level"": ""Lower Risk"", ""average_review_score"": 4.3529411764705882, ""on_time_delivery_rate"": 100.00}"
14,"Seller Risk",728,"{""seller"": ""b1ac6ea7895bc3dd6f0f6f4abbdd2821"", ""sales_value"": 3734.36, ""delivered_orders"": 38, ""seller_risk_level"": ""Lower Risk"", ""average_review_score"": 4.5263157894736842, ""on_time_delivery_rate"": 100.00}"
14,"Seller Risk",729,"{""seller"": ""52562a9f449c3dc3d53f5f5b9ed74903"", ""sales_value"": 3710.64, ""delivered_orders"": 14, ""seller_risk_level"": ""Lower Risk"", ""average_review_score"": 4.7857142857142857, ""on_time_delivery_rate"": 100.00}"
14,"Seller Risk",730,"{""seller"": ""bce6a5ecf98e99fd2a8868b15c51f04b"", ""sales_value"": 3706.50, ""delivered_orders"": 14, ""seller_risk_level"": ""Lower Risk"", ""average_review_score"": 4.0714285714285714, ""on_time_delivery_rate"": 78.57}"
14,"Seller Risk",731,"{""seller"": ""0ebd97a106433a45a4aebe57c1799778"", ""sales_value"": 3661.68, ""delivered_orders"": 31, ""seller_risk_level"": ""Lower Risk"", ""average_review_score"": 4.4838709677419355, ""on_time_delivery_rate"": 100.00}"
14,"Seller Risk",732,"{""seller"": ""e89c4adbe7b1d0819dbb636e16461cf1"", ""sales_value"": 3636.15, ""delivered_orders"": 24, ""seller_risk_level"": ""Lower Risk"", ""average_review_score"": 3.8333333333333333, ""on_time_delivery_rate"": 87.50}"
14,"Seller Risk",733,"{""seller"": ""b8555308bfdb4ca1ed54325a58da9a97"", ""sales_value"": 3630.03, ""delivered_orders"": 26, ""seller_risk_level"": ""Lower Risk"", ""average_review_score"": 4.0000000000000000, ""on_time_delivery_rate"": 92.31}"
14,"Seller Risk",734,"{""seller"": ""d93919c944be9cff128f6c9cb899eacb"", ""sales_value"": 3624.01, ""delivered_orders"": 33, ""seller_risk_level"": ""Lower Risk"", ""average_review_score"": 4.0000000000000000, ""on_time_delivery_rate"": 81.82}"
14,"Seller Risk",735,"{""seller"": ""977f9f63dd360c2a32ece2f93ad6d306"", ""sales_value"": 3621.92, ""delivered_orders"": 23, ""seller_risk_level"": ""Lower Risk"", ""average_review_score"": 3.8695652173913043, ""on_time_delivery_rate"": 86.96}"
14,"Seller Risk",736,"{""seller"": ""432c37c9dfba871172ec162e20118b8c"", ""sales_value"": 3614.80, ""delivered_orders"": 44, ""seller_risk_level"": ""Lower Risk"", ""average_review_score"": 4.2500000000000000, ""on_time_delivery_rate"": 90.91}"
14,"Seller Risk",737,"{""seller"": ""cb3dd9ce66268c7a3ca7241ac70ab58c"", ""sales_value"": 3608.67, ""delivered_orders"": 48, ""seller_risk_level"": ""Lower Risk"", ""average_review_score"": 4.2200000000000000, ""on_time_delivery_rate"": 93.75}"
14,"Seller Risk",738,"{""seller"": ""21e83881401b92b49fb09a16d3852291"", ""sales_value"": 3606.09, ""delivered_orders"": 12, ""seller_risk_level"": ""Lower Risk"", ""average_review_score"": 4.8333333333333333, ""on_time_delivery_rate"": 100.00}"
14,"Seller Risk",739,"{""seller"": ""afa6714acee029b2dfdf357e5579cc03"", ""sales_value"": 3603.58, ""delivered_orders"": 16, ""seller_risk_level"": ""Lower Risk"", ""average_review_score"": 4.2500000000000000, ""on_time_delivery_rate"": 87.50}"
14,"Seller Risk",740,"{""seller"": ""5c6d4016c2a288f074fa0848a2b653d2"", ""sales_value"": 3598.13, ""delivered_orders"": 31, ""seller_risk_level"": ""Lower Risk"", ""average_review_score"": 4.1612903225806452, ""on_time_delivery_rate"": 90.32}"
14,"Seller Risk",741,"{""seller"": ""cce6ab8d1682639fe45ab70234f1665f"", ""sales_value"": 3579.59, ""delivered_orders"": 61, ""seller_risk_level"": ""Lower Risk"", ""average_review_score"": 4.5081967213114754, ""on_time_delivery_rate"": 95.08}"
14,"Seller Risk",742,"{""seller"": ""a6fe7de3d16f6149ffe280349a8535a0"", ""sales_value"": 3574.44, ""delivered_orders"": 50, ""seller_risk_level"": ""Lower Risk"", ""average_review_score"": 4.0408163265306122, ""on_time_delivery_rate"": 84.00}"
14,"Seller Risk",743,"{""seller"": ""20d83f3ef0e6925fd74bfd59170babf7"", ""sales_value"": 3557.21, ""delivered_orders"": 40, ""seller_risk_level"": ""Lower Risk"", ""average_review_score"": 4.4000000000000000, ""on_time_delivery_rate"": 95.00}"
14,"Seller Risk",744,"{""seller"": ""5b51032eddd242adc84c38acab88f23d"", ""sales_value"": 3548.95, ""delivered_orders"": 12, ""seller_risk_level"": ""Lower Risk"", ""average_review_score"": 4.0000000000000000, ""on_time_delivery_rate"": 100.00}"
14,"Seller Risk",745,"{""seller"": ""318f287a62ab7ac10b703ac37435a231"", ""sales_value"": 3529.52, ""delivered_orders"": 51, ""seller_risk_level"": ""Lower Risk"", ""average_review_score"": 3.9215686274509804, ""on_time_delivery_rate"": 90.20}"
14,"Seller Risk",746,"{""seller"": ""f61c63d13f7cd800549d5acdd390ae72"", ""sales_value"": 3501.69, ""delivered_orders"": 26, ""seller_risk_level"": ""Lower Risk"", ""average_review_score"": 4.0000000000000000, ""on_time_delivery_rate"": 92.31}"
14,"Seller Risk",747,"{""seller"": ""c9aafcd0621b2207c10e32c649cada4d"", ""sales_value"": 3488.55, ""delivered_orders"": 40, ""seller_risk_level"": ""Lower Risk"", ""average_review_score"": 4.3250000000000000, ""on_time_delivery_rate"": 90.00}"
14,"Seller Risk",748,"{""seller"": ""d17f467e4bf608a510c20d82f4ba3b6b"", ""sales_value"": 3471.31, ""delivered_orders"": 11, ""seller_risk_level"": ""Lower Risk"", ""average_review_score"": 4.2727272727272727, ""on_time_delivery_rate"": 81.82}"
14,"Seller Risk",749,"{""seller"": ""1771297ac436903d1dd6b0e9279aa505"", ""sales_value"": 3466.43, ""delivered_orders"": 28, ""seller_risk_level"": ""Lower Risk"", ""average_review_score"": 4.6296296296296296, ""on_time_delivery_rate"": 96.43}"
14,"Seller Risk",750,"{""seller"": ""2a1348e9addc1af5aaa619b1a3679d6b"", ""sales_value"": 3424.77, ""delivered_orders"": 48, ""seller_risk_level"": ""Lower Risk"", ""average_review_score"": 3.1702127659574468, ""on_time_delivery_rate"": 72.92}"
14,"Seller Risk",751,"{""seller"": ""55f7a3319d80f7fdf078b8f03e6725fe"", ""sales_value"": 3420.45, ""delivered_orders"": 22, ""seller_risk_level"": ""Lower Risk"", ""average_review_score"": 3.7727272727272727, ""on_time_delivery_rate"": 90.91}"
14,"Seller Risk",752,"{""seller"": ""1ce3ae5a399804d1a87e706f8a813c3e"", ""sales_value"": 3416.69, ""delivered_orders"": 40, ""seller_risk_level"": ""Lower Risk"", ""average_review_score"": 3.7500000000000000, ""on_time_delivery_rate"": 90.00}"
14,"Seller Risk",753,"{""seller"": ""430315b7bb4b6e4b3c978f9dfa9b0558"", ""sales_value"": 3414.56, ""delivered_orders"": 19, ""seller_risk_level"": ""Lower Risk"", ""average_review_score"": 3.9473684210526316, ""on_time_delivery_rate"": 94.74}"
14,"Seller Risk",754,"{""seller"": ""a1474fd46fd3430168f7ec202da39408"", ""sales_value"": 3413.52, ""delivered_orders"": 12, ""seller_risk_level"": ""Lower Risk"", ""average_review_score"": 4.3333333333333333, ""on_time_delivery_rate"": 83.33}"
14,"Seller Risk",755,"{""seller"": ""5bc55dbe2f12b6af6d83ed46023e0dc8"", ""sales_value"": 3409.38, ""delivered_orders"": 17, ""seller_risk_level"": ""Lower Risk"", ""average_review_score"": 2.4117647058823529, ""on_time_delivery_rate"": 76.47}"
14,"Seller Risk",756,"{""seller"": ""5cbbd5a299cab112b7bf23862255e43e"", ""sales_value"": 3385.21, ""delivered_orders"": 36, ""seller_risk_level"": ""Lower Risk"", ""average_review_score"": 4.2777777777777778, ""on_time_delivery_rate"": 100.00}"
14,"Seller Risk",757,"{""seller"": ""d25aa0aaacb370e912f8cf6efeba38b3"", ""sales_value"": 3373.13, ""delivered_orders"": 17, ""seller_risk_level"": ""Lower Risk"", ""average_review_score"": 4.4705882352941176, ""on_time_delivery_rate"": 94.12}"
14,"Seller Risk",758,"{""seller"": ""f7720c4fa8e3aba4546301ab80ea1f1b"", ""sales_value"": 3360.79, ""delivered_orders"": 59, ""seller_risk_level"": ""Lower Risk"", ""average_review_score"": 4.2500000000000000, ""on_time_delivery_rate"": 94.92}"
14,"Seller Risk",759,"{""seller"": ""8d79c8a04e42d722a75097ce5cbcf2ef"", ""sales_value"": 3347.25, ""delivered_orders"": 26, ""seller_risk_level"": ""Lower Risk"", ""average_review_score"": 4.5769230769230769, ""on_time_delivery_rate"": 84.62}"
14,"Seller Risk",760,"{""seller"": ""dd533b429f380718b70ad9922c294bae"", ""sales_value"": 3336.18, ""delivered_orders"": 39, ""seller_risk_level"": ""Lower Risk"", ""average_review_score"": 3.9230769230769231, ""on_time_delivery_rate"": 87.18}"
14,"Seller Risk",761,"{""seller"": ""31561f325664a8a7aba4c8d0c3a9b3db"", ""sales_value"": 3329.36, ""delivered_orders"": 36, ""seller_risk_level"": ""Lower Risk"", ""average_review_score"": 4.6388888888888889, ""on_time_delivery_rate"": 97.22}"
14,"Seller Risk",762,"{""seller"": ""fd386aa7bed2af3c7035c65506c9b4a3"", ""sales_value"": 3316.17, ""delivered_orders"": 69, ""seller_risk_level"": ""Lower Risk"", ""average_review_score"": 4.3478260869565217, ""on_time_delivery_rate"": 89.86}"
14,"Seller Risk",763,"{""seller"": ""2156f2671501a81034d7d07f217609d0"", ""sales_value"": 3302.99, ""delivered_orders"": 21, ""seller_risk_level"": ""Lower Risk"", ""average_review_score"": 4.0000000000000000, ""on_time_delivery_rate"": 85.71}"
14,"Seller Risk",764,"{""seller"": ""3fd1e727ba94cfe122d165e176ce7967"", ""sales_value"": 3295.89, ""delivered_orders"": 35, ""seller_risk_level"": ""Lower Risk"", ""average_review_score"": 3.9428571428571429, ""on_time_delivery_rate"": 80.00}"
14,"Seller Risk",765,"{""seller"": ""33576ec5412fb5905d876f12f33bfde6"", ""sales_value"": 3287.98, ""delivered_orders"": 31, ""seller_risk_level"": ""Lower Risk"", ""average_review_score"": 4.0937500000000000, ""on_time_delivery_rate"": 96.77}"
14,"Seller Risk",766,"{""seller"": ""cd06602b43d8800bd0afad514919d35c"", ""sales_value"": 3287.85, ""delivered_orders"": 43, ""seller_risk_level"": ""Lower Risk"", ""average_review_score"": 3.7441860465116279, ""on_time_delivery_rate"": 95.35}"
14,"Seller Risk",767,"{""seller"": ""51702dc2a3e106c76dbff722b5bf0726"", ""sales_value"": 3287.04, ""delivered_orders"": 13, ""seller_risk_level"": ""Lower Risk"", ""average_review_score"": 4.3076923076923077, ""on_time_delivery_rate"": 100.00}"
14,"Seller Risk",768,"{""seller"": ""730937bf88cb151eb2eb849f642fc213"", ""sales_value"": 3277.17, ""delivered_orders"": 22, ""seller_risk_level"": ""Lower Risk"", ""average_review_score"": 4.4090909090909091, ""on_time_delivery_rate"": 95.45}"
14,"Seller Risk",769,"{""seller"": ""f593898ec748b7a8cb81fc04edafd98a"", ""sales_value"": 3272.35, ""delivered_orders"": 19, ""seller_risk_level"": ""Lower Risk"", ""average_review_score"": 3.6842105263157895, ""on_time_delivery_rate"": 84.21}"
14,"Seller Risk",770,"{""seller"": ""df56d7b40d437f88407c5f78b63bc328"", ""sales_value"": 3251.50, ""delivered_orders"": 22, ""seller_risk_level"": ""Lower Risk"", ""average_review_score"": 4.0909090909090909, ""on_time_delivery_rate"": 95.45}"
14,"Seller Risk",771,"{""seller"": ""60562ab00b8054280520d390c8c0045c"", ""sales_value"": 3247.09, ""delivered_orders"": 17, ""seller_risk_level"": ""Lower Risk"", ""average_review_score"": 4.7647058823529412, ""on_time_delivery_rate"": 100.00}"
14,"Seller Risk",772,"{""seller"": ""e99e927c81e3f51739c94fcdfca9f10f"", ""sales_value"": 3236.93, ""delivered_orders"": 21, ""seller_risk_level"": ""Lower Risk"", ""average_review_score"": 3.7142857142857143, ""on_time_delivery_rate"": 80.95}"
14,"Seller Risk",773,"{""seller"": ""d93844a9c55ba7ce353388bcf849ea56"", ""sales_value"": 3229.52, ""delivered_orders"": 12, ""seller_risk_level"": ""Lower Risk"", ""average_review_score"": 4.2500000000000000, ""on_time_delivery_rate"": 91.67}"
14,"Seller Risk",774,"{""seller"": ""efcd8d2104f1a05d028af7bad20d974b"", ""sales_value"": 3225.10, ""delivered_orders"": 46, ""seller_risk_level"": ""Lower Risk"", ""average_review_score"": 4.2083333333333333, ""on_time_delivery_rate"": 97.83}"
14,"Seller Risk",775,"{""seller"": ""49e7217cfe4e427191c378ec626d8737"", ""sales_value"": 3220.89, ""delivered_orders"": 12, ""seller_risk_level"": ""Lower Risk"", ""average_review_score"": 4.0833333333333333, ""on_time_delivery_rate"": 100.00}"
14,"Seller Risk",776,"{""seller"": ""a369d693961cb93b61ca2cc518872a85"", ""sales_value"": 3213.79, ""delivered_orders"": 11, ""seller_risk_level"": ""Lower Risk"", ""average_review_score"": 3.9090909090909091, ""on_time_delivery_rate"": 100.00}"
14,"Seller Risk",777,"{""seller"": ""6338ea67c41078a46ad99cc009654956"", ""sales_value"": 3210.39, ""delivered_orders"": 37, ""seller_risk_level"": ""Lower Risk"", ""average_review_score"": 4.6000000000000000, ""on_time_delivery_rate"": 100.00}"
14,"Seller Risk",778,"{""seller"": ""8ab42aa58097fd4668d60cc648225d5f"", ""sales_value"": 3210.39, ""delivered_orders"": 20, ""seller_risk_level"": ""Lower Risk"", ""average_review_score"": 4.2000000000000000, ""on_time_delivery_rate"": 100.00}"
14,"Seller Risk",779,"{""seller"": ""bd697db56ff8e7c9cd1abeb7f72029b2"", ""sales_value"": 3198.93, ""delivered_orders"": 21, ""seller_risk_level"": ""Lower Risk"", ""average_review_score"": 4.3333333333333333, ""on_time_delivery_rate"": 100.00}"
14,"Seller Risk",780,"{""seller"": ""974cf2cb8f4b7add98709c30df02fe10"", ""sales_value"": 3191.90, ""delivered_orders"": 30, ""seller_risk_level"": ""Lower Risk"", ""average_review_score"": 4.1666666666666667, ""on_time_delivery_rate"": 96.67}"
14,"Seller Risk",781,"{""seller"": ""f44b6f775a2b390380e0e30b5c9d3eee"", ""sales_value"": 3188.24, ""delivered_orders"": 10, ""seller_risk_level"": ""Lower Risk"", ""average_review_score"": 4.9000000000000000, ""on_time_delivery_rate"": 100.00}"
14,"Seller Risk",782,"{""seller"": ""4992e76a42cb3aad7a7047e0d3d7e729"", ""sales_value"": 3163.56, ""delivered_orders"": 56, ""seller_risk_level"": ""Lower Risk"", ""average_review_score"": 3.9642857142857143, ""on_time_delivery_rate"": 92.86}"
14,"Seller Risk",783,"{""seller"": ""1987cd4be10fe09ee50454f9c354d1c6"", ""sales_value"": 3135.23, ""delivered_orders"": 14, ""seller_risk_level"": ""Lower Risk"", ""average_review_score"": 4.3571428571428571, ""on_time_delivery_rate"": 92.86}"
14,"Seller Risk",784,"{""seller"": ""b494891378bd8f4560abe576c52deacd"", ""sales_value"": 3134.98, ""delivered_orders"": 19, ""seller_risk_level"": ""Lower Risk"", ""average_review_score"": 4.7368421052631579, ""on_time_delivery_rate"": 94.74}"
14,"Seller Risk",785,"{""seller"": ""8f54d64f28a993550aa7943f12572959"", ""sales_value"": 3133.12, ""delivered_orders"": 15, ""seller_risk_level"": ""Lower Risk"", ""average_review_score"": 3.7333333333333333, ""on_time_delivery_rate"": 93.33}"
14,"Seller Risk",786,"{""seller"": ""157c3e4b42f81ac4a44e8b1ca2fe9876"", ""sales_value"": 3131.82, ""delivered_orders"": 23, ""seller_risk_level"": ""Lower Risk"", ""average_review_score"": 3.6956521739130435, ""on_time_delivery_rate"": 91.30}"
14,"Seller Risk",787,"{""seller"": ""9906e7aa42a3c067b7c9a564d01c4320"", ""sales_value"": 3115.60, ""delivered_orders"": 12, ""seller_risk_level"": ""Lower Risk"", ""average_review_score"": 4.5000000000000000, ""on_time_delivery_rate"": 83.33}"
14,"Seller Risk",788,"{""seller"": ""9c068d10aca38e85c50202e17b4a7e88"", ""sales_value"": 3108.83, ""delivered_orders"": 17, ""seller_risk_level"": ""Lower Risk"", ""average_review_score"": 4.1250000000000000, ""on_time_delivery_rate"": 82.35}"
14,"Seller Risk",789,"{""seller"": ""d32e3909cfb714fb2a6cb092c85b9c5f"", ""sales_value"": 3078.90, ""delivered_orders"": 10, ""seller_risk_level"": ""Lower Risk"", ""average_review_score"": 3.5000000000000000, ""on_time_delivery_rate"": 70.00}"
14,"Seller Risk",790,"{""seller"": ""820cc752a266cdc6c1a1e61dd4583330"", ""sales_value"": 3078.77, ""delivered_orders"": 15, ""seller_risk_level"": ""Lower Risk"", ""average_review_score"": 4.1333333333333333, ""on_time_delivery_rate"": 86.67}"
14,"Seller Risk",791,"{""seller"": ""0885aaf116795758dfeb5f1032487bcd"", ""sales_value"": 3072.14, ""delivered_orders"": 27, ""seller_risk_level"": ""Lower Risk"", ""average_review_score"": 4.2592592592592593, ""on_time_delivery_rate"": 96.30}"
14,"Seller Risk",792,"{""seller"": ""082e0bf4cb865a6533b1e8e498cc0255"", ""sales_value"": 3064.33, ""delivered_orders"": 11, ""seller_risk_level"": ""Lower Risk"", ""average_review_score"": 3.2727272727272727, ""on_time_delivery_rate"": 81.82}"
14,"Seller Risk",793,"{""seller"": ""ede0c03645598cdfc63ca8237acbe73d"", ""sales_value"": 3060.45, ""delivered_orders"": 43, ""seller_risk_level"": ""Lower Risk"", ""average_review_score"": 3.5714285714285714, ""on_time_delivery_rate"": 65.12}"
14,"Seller Risk",794,"{""seller"": ""ccf8813e5a7d6c84d865cd38bfc2b130"", ""sales_value"": 3051.29, ""delivered_orders"": 26, ""seller_risk_level"": ""Lower Risk"", ""average_review_score"": 4.3846153846153846, ""on_time_delivery_rate"": 92.31}"
14,"Seller Risk",795,"{""seller"": ""f125f3a310c2e5f822d116147de1e474"", ""sales_value"": 3049.29, ""delivered_orders"": 16, ""seller_risk_level"": ""Lower Risk"", ""average_review_score"": 4.1875000000000000, ""on_time_delivery_rate"": 87.50}"
14,"Seller Risk",796,"{""seller"": ""bb7a14e229b1c95156719c3d9552eeee"", ""sales_value"": 3047.61, ""delivered_orders"": 10, ""seller_risk_level"": ""Lower Risk"", ""average_review_score"": 4.5000000000000000, ""on_time_delivery_rate"": 90.00}"
14,"Seller Risk",797,"{""seller"": ""b335c59ab742f751a85db9c411a86739"", ""sales_value"": 3039.04, ""delivered_orders"": 30, ""seller_risk_level"": ""Lower Risk"", ""average_review_score"": 4.0333333333333333, ""on_time_delivery_rate"": 96.67}"
14,"Seller Risk",798,"{""seller"": ""3504c0cb71d7fa48d967e0e4c94d59d9"", ""sales_value"": 3037.31, ""delivered_orders"": 53, ""seller_risk_level"": ""Lower Risk"", ""average_review_score"": 4.4150943396226415, ""on_time_delivery_rate"": 100.00}"
14,"Seller Risk",799,"{""seller"": ""ffa6adafb71b807dc13159e26431354c"", ""sales_value"": 3017.38, ""delivered_orders"": 17, ""seller_risk_level"": ""Lower Risk"", ""average_review_score"": 3.9411764705882353, ""on_time_delivery_rate"": 100.00}"
14,"Seller Risk",800,"{""seller"": ""4305fe92735c8a43d154ff6dd2b8d927"", ""sales_value"": 2999.64, ""delivered_orders"": 17, ""seller_risk_level"": ""Lower Risk"", ""average_review_score"": 4.1764705882352941, ""on_time_delivery_rate"": 100.00}"
14,"Seller Risk",801,"{""seller"": ""b56906f7fd1696e043f1bcce164c487b"", ""sales_value"": 2995.42, ""delivered_orders"": 40, ""seller_risk_level"": ""Lower Risk"", ""average_review_score"": 4.0000000000000000, ""on_time_delivery_rate"": 95.00}"
14,"Seller Risk",802,"{""seller"": ""6f229cc508fc6915ed5c499efd93baa4"", ""sales_value"": 2988.68, ""delivered_orders"": 13, ""seller_risk_level"": ""Lower Risk"", ""average_review_score"": 4.3846153846153846, ""on_time_delivery_rate"": 84.62}"
14,"Seller Risk",803,"{""seller"": ""5abb8ea023c77787f2c15da891c8d384"", ""sales_value"": 2987.20, ""delivered_orders"": 13, ""seller_risk_level"": ""Lower Risk"", ""average_review_score"": 3.9230769230769231, ""on_time_delivery_rate"": 76.92}"
14,"Seller Risk",804,"{""seller"": ""b74d1c09cb380e1d03a6f859c6f4224b"", ""sales_value"": 2984.58, ""delivered_orders"": 30, ""seller_risk_level"": ""Lower Risk"", ""average_review_score"": 4.3000000000000000, ""on_time_delivery_rate"": 86.67}"
14,"Seller Risk",805,"{""seller"": ""cac876b37d3abcd6bd76caca30277996"", ""sales_value"": 2958.79, ""delivered_orders"": 27, ""seller_risk_level"": ""Lower Risk"", ""average_review_score"": 4.4615384615384615, ""on_time_delivery_rate"": 96.30}"
14,"Seller Risk",806,"{""seller"": ""4b0fdb526525f9890eb145bf1534640e"", ""sales_value"": 2954.21, ""delivered_orders"": 18, ""seller_risk_level"": ""Lower Risk"", ""average_review_score"": 4.0555555555555556, ""on_time_delivery_rate"": 100.00}"
14,"Seller Risk",807,"{""seller"": ""5a93f3ab0ef4c84ed5e1b5dbf23978bc"", ""sales_value"": 2952.22, ""delivered_orders"": 38, ""seller_risk_level"": ""Lower Risk"", ""average_review_score"": 4.7894736842105263, ""on_time_delivery_rate"": 97.37}"
14,"Seller Risk",808,"{""seller"": ""116ccb1a1604bc88e4d234a8c23f33de"", ""sales_value"": 2948.33, ""delivered_orders"": 61, ""seller_risk_level"": ""Lower Risk"", ""average_review_score"": 4.6393442622950820, ""on_time_delivery_rate"": 93.44}"
14,"Seller Risk",809,"{""seller"": ""888faa8bfb0b159c37de6d898b961c31"", ""sales_value"": 2945.00, ""delivered_orders"": 19, ""seller_risk_level"": ""Lower Risk"", ""average_review_score"": 4.2105263157894737, ""on_time_delivery_rate"": 100.00}"
14,"Seller Risk",810,"{""seller"": ""1d4587203296c8f4ad134dc286fa6db0"", ""sales_value"": 2941.91, ""delivered_orders"": 40, ""seller_risk_level"": ""Lower Risk"", ""average_review_score"": 4.3500000000000000, ""on_time_delivery_rate"": 95.00}"
14,"Seller Risk",811,"{""seller"": ""f214d28e8d8e3ef068748498ccc2f813"", ""sales_value"": 2937.84, ""delivered_orders"": 52, ""seller_risk_level"": ""Lower Risk"", ""average_review_score"": 4.2745098039215686, ""on_time_delivery_rate"": 92.31}"
14,"Seller Risk",812,"{""seller"": ""bc302730ea8cf49b5c74f579febb5bbf"", ""sales_value"": 2930.17, ""delivered_orders"": 11, ""seller_risk_level"": ""Lower Risk"", ""average_review_score"": 3.8181818181818182, ""on_time_delivery_rate"": 90.91}"
14,"Seller Risk",813,"{""seller"": ""655220df33262c7e0c4949a147366f94"", ""sales_value"": 2926.53, ""delivered_orders"": 13, ""seller_risk_level"": ""Lower Risk"", ""average_review_score"": 4.0769230769230769, ""on_time_delivery_rate"": 84.62}"
14,"Seller Risk",814,"{""seller"": ""0bb738e4d789e63e2267697c42d35a2d"", ""sales_value"": 2925.34, ""delivered_orders"": 29, ""seller_risk_level"": ""Lower Risk"", ""average_review_score"": 4.6551724137931034, ""on_time_delivery_rate"": 93.10}"
14,"Seller Risk",815,"{""seller"": ""2c4c47cb51acd5ea5db5e0ae0e26542a"", ""sales_value"": 2917.37, ""delivered_orders"": 12, ""seller_risk_level"": ""Lower Risk"", ""average_review_score"": 4.6666666666666667, ""on_time_delivery_rate"": 100.00}"
14,"Seller Risk",816,"{""seller"": ""d3f39f05462b79a4562d35893a28f159"", ""sales_value"": 2893.37, ""delivered_orders"": 33, ""seller_risk_level"": ""Lower Risk"", ""average_review_score"": 3.6060606060606061, ""on_time_delivery_rate"": 87.88}"
14,"Seller Risk",817,"{""seller"": ""41ab63a91b8b264e8c8780368bf1dd5b"", ""sales_value"": 2874.22, ""delivered_orders"": 12, ""seller_risk_level"": ""Lower Risk"", ""average_review_score"": 4.2500000000000000, ""on_time_delivery_rate"": 100.00}"
14,"Seller Risk",818,"{""seller"": ""0725b8c0f3f906e58f70cbe76b7c748c"", ""sales_value"": 2865.47, ""delivered_orders"": 16, ""seller_risk_level"": ""Lower Risk"", ""average_review_score"": 3.6470588235294118, ""on_time_delivery_rate"": 62.50}"
14,"Seller Risk",819,"{""seller"": ""fdaaf5bfda82b7b80535610c831b8d09"", ""sales_value"": 2848.32, ""delivered_orders"": 10, ""seller_risk_level"": ""Lower Risk"", ""average_review_score"": 4.2000000000000000, ""on_time_delivery_rate"": 90.00}"
14,"Seller Risk",820,"{""seller"": ""bb5bd94c8f59cc050072d2930c869cac"", ""sales_value"": 2846.64, ""delivered_orders"": 16, ""seller_risk_level"": ""Lower Risk"", ""average_review_score"": 4.1764705882352941, ""on_time_delivery_rate"": 93.75}"
14,"Seller Risk",821,"{""seller"": ""8603f0038fe0e52fedd3382d266723de"", ""sales_value"": 2845.12, ""delivered_orders"": 10, ""seller_risk_level"": ""Lower Risk"", ""average_review_score"": 4.4000000000000000, ""on_time_delivery_rate"": 100.00}"
14,"Seller Risk",822,"{""seller"": ""1c40343cc5d18c2d8248ac2f3366de34"", ""sales_value"": 2839.42, ""delivered_orders"": 21, ""seller_risk_level"": ""Lower Risk"", ""average_review_score"": 4.6190476190476190, ""on_time_delivery_rate"": 90.48}"
14,"Seller Risk",823,"{""seller"": ""5160d23075764e18e07c1f4a87fad743"", ""sales_value"": 2837.64, ""delivered_orders"": 33, ""seller_risk_level"": ""Lower Risk"", ""average_review_score"": 4.3636363636363636, ""on_time_delivery_rate"": 96.97}"
14,"Seller Risk",824,"{""seller"": ""7fc87cc3e89b3d1d5cabdca32f8485aa"", ""sales_value"": 2835.82, ""delivered_orders"": 14, ""seller_risk_level"": ""Lower Risk"", ""average_review_score"": 3.5714285714285714, ""on_time_delivery_rate"": 71.43}"
14,"Seller Risk",825,"{""seller"": ""7238a95bb63ef7e498389fb863b834a1"", ""sales_value"": 2835.11, ""delivered_orders"": 15, ""seller_risk_level"": ""Lower Risk"", ""average_review_score"": 4.7333333333333333, ""on_time_delivery_rate"": 93.33}"
14,"Seller Risk",826,"{""seller"": ""cea729054f157f5870bdd321a958d994"", ""sales_value"": 2831.62, ""delivered_orders"": 24, ""seller_risk_level"": ""Lower Risk"", ""average_review_score"": 4.1250000000000000, ""on_time_delivery_rate"": 95.83}"
14,"Seller Risk",827,"{""seller"": ""ffdd9f82b9a447f6f8d4b91554cc7dd3"", ""sales_value"": 2828.66, ""delivered_orders"": 18, ""seller_risk_level"": ""Lower Risk"", ""average_review_score"": 4.3333333333333333, ""on_time_delivery_rate"": 100.00}"
14,"Seller Risk",828,"{""seller"": ""c013e57c075a06e5b5c48ee03c525719"", ""sales_value"": 2828.66, ""delivered_orders"": 42, ""seller_risk_level"": ""Lower Risk"", ""average_review_score"": 4.2380952380952381, ""on_time_delivery_rate"": 92.86}"
14,"Seller Risk",829,"{""seller"": ""e9511df20ccd82658a30c37b7fb343af"", ""sales_value"": 2823.10, ""delivered_orders"": 22, ""seller_risk_level"": ""Lower Risk"", ""average_review_score"": 4.3181818181818182, ""on_time_delivery_rate"": 100.00}"
14,"Seller Risk",830,"{""seller"": ""47efca563408aae19bb7206c2d969ea9"", ""sales_value"": 2791.55, ""delivered_orders"": 11, ""seller_risk_level"": ""Lower Risk"", ""average_review_score"": 4.3636363636363636, ""on_time_delivery_rate"": 100.00}"
14,"Seller Risk",831,"{""seller"": ""1b7e5006cb25dd23ce8686691013b121"", ""sales_value"": 2785.96, ""delivered_orders"": 11, ""seller_risk_level"": ""Lower Risk"", ""average_review_score"": 4.3636363636363636, ""on_time_delivery_rate"": 81.82}"
14,"Seller Risk",832,"{""seller"": ""14a08204d03bb6b6bde8029f801ae0eb"", ""sales_value"": 2779.10, ""delivered_orders"": 28, ""seller_risk_level"": ""Lower Risk"", ""average_review_score"": 3.8928571428571429, ""on_time_delivery_rate"": 100.00}"
14,"Seller Risk",833,"{""seller"": ""82bd0703a4aefd6b599e5bfdaed378fb"", ""sales_value"": 2772.41, ""delivered_orders"": 20, ""seller_risk_level"": ""Lower Risk"", ""average_review_score"": 3.9047619047619048, ""on_time_delivery_rate"": 95.00}"
14,"Seller Risk",834,"{""seller"": ""323ce52b5b81df2cd804b017b7f09aa7"", ""sales_value"": 2767.65, ""delivered_orders"": 29, ""seller_risk_level"": ""Lower Risk"", ""average_review_score"": 4.4285714285714286, ""on_time_delivery_rate"": 82.76}"
14,"Seller Risk",835,"{""seller"": ""13074f016982ff2bd6c58ced8682f000"", ""sales_value"": 2752.66, ""delivered_orders"": 13, ""seller_risk_level"": ""Lower Risk"", ""average_review_score"": 4.1538461538461538, ""on_time_delivery_rate"": 69.23}"
14,"Seller Risk",836,"{""seller"": ""2e3be8a987a30d7544dbbda6861cc14e"", ""sales_value"": 2750.91, ""delivered_orders"": 14, ""seller_risk_level"": ""Lower Risk"", ""average_review_score"": 3.7857142857142857, ""on_time_delivery_rate"": 92.86}"
14,"Seller Risk",837,"{""seller"": ""0ffa40d54288e4f3499b8780dd0f144f"", ""sales_value"": 2746.47, ""delivered_orders"": 33, ""seller_risk_level"": ""Lower Risk"", ""average_review_score"": 4.4848484848484848, ""on_time_delivery_rate"": 84.85}"
14,"Seller Risk",838,"{""seller"": ""8f78f0903005064036736c7173a5c2ed"", ""sales_value"": 2745.95, ""delivered_orders"": 13, ""seller_risk_level"": ""Lower Risk"", ""average_review_score"": 3.7692307692307692, ""on_time_delivery_rate"": 92.31}"
14,"Seller Risk",839,"{""seller"": ""729b2d09b2a0bdab221076327f13d050"", ""sales_value"": 2739.91, ""delivered_orders"": 48, ""seller_risk_level"": ""Lower Risk"", ""average_review_score"": 4.5625000000000000, ""on_time_delivery_rate"": 91.67}"
14,"Seller Risk",840,"{""seller"": ""e38db885400cd35c71dfd162f2c1dbcf"", ""sales_value"": 2737.55, ""delivered_orders"": 30, ""seller_risk_level"": ""Lower Risk"", ""average_review_score"": 4.4666666666666667, ""on_time_delivery_rate"": 86.67}"
14,"Seller Risk",841,"{""seller"": ""04aba03279157f6d4e0fe8ccaf21963c"", ""sales_value"": 2735.23, ""delivered_orders"": 15, ""seller_risk_level"": ""Lower Risk"", ""average_review_score"": 4.5333333333333333, ""on_time_delivery_rate"": 93.33}"
14,"Seller Risk",842,"{""seller"": ""850913d59ce317156b00f3705f1c3edb"", ""sales_value"": 2701.90, ""delivered_orders"": 29, ""seller_risk_level"": ""Lower Risk"", ""average_review_score"": 3.5862068965517241, ""on_time_delivery_rate"": 82.76}"
14,"Seller Risk",843,"{""seller"": ""c2d70ce2c5d0a2eb75e78668236e6dc8"", ""sales_value"": 2699.92, ""delivered_orders"": 13, ""seller_risk_level"": ""Lower Risk"", ""average_review_score"": 4.6153846153846154, ""on_time_delivery_rate"": 100.00}"
14,"Seller Risk",844,"{""seller"": ""de0c78824586e9a5f5f04fd84e25df39"", ""sales_value"": 2697.83, ""delivered_orders"": 14, ""seller_risk_level"": ""Lower Risk"", ""average_review_score"": 4.6428571428571429, ""on_time_delivery_rate"": 100.00}"
14,"Seller Risk",845,"{""seller"": ""0ed6ce5d87fd9c69eaacaeb778d67235"", ""sales_value"": 2697.30, ""delivered_orders"": 42, ""seller_risk_level"": ""Lower Risk"", ""average_review_score"": 4.3902439024390244, ""on_time_delivery_rate"": 85.71}"
14,"Seller Risk",846,"{""seller"": ""4978a02ea9c8be7a9b5480680f40334e"", ""sales_value"": 2696.84, ""delivered_orders"": 18, ""seller_risk_level"": ""Lower Risk"", ""average_review_score"": 3.5555555555555556, ""on_time_delivery_rate"": 100.00}"
14,"Seller Risk",847,"{""seller"": ""78c99c6dff4eeae5be99bf635ed21e3f"", ""sales_value"": 2695.77, ""delivered_orders"": 31, ""seller_risk_level"": ""Lower Risk"", ""average_review_score"": 4.4193548387096774, ""on_time_delivery_rate"": 90.32}"
14,"Seller Risk",848,"{""seller"": ""1354d51653f645349064725ed204e85e"", ""sales_value"": 2694.72, ""delivered_orders"": 18, ""seller_risk_level"": ""Lower Risk"", ""average_review_score"": 3.7894736842105263, ""on_time_delivery_rate"": 94.44}"
14,"Seller Risk",849,"{""seller"": ""fe49ee029e61e789a1f3a5525f57ba8d"", ""sales_value"": 2691.15, ""delivered_orders"": 16, ""seller_risk_level"": ""Lower Risk"", ""average_review_score"": 4.2500000000000000, ""on_time_delivery_rate"": 93.75}"
14,"Seller Risk",850,"{""seller"": ""fb89df7f89fd1b8f03fa2acca1ba7364"", ""sales_value"": 2687.43, ""delivered_orders"": 22, ""seller_risk_level"": ""Lower Risk"", ""average_review_score"": 3.8636363636363636, ""on_time_delivery_rate"": 90.91}"
14,"Seller Risk",851,"{""seller"": ""cfe94489ddd337d1e29e12f2a7205d10"", ""sales_value"": 2672.82, ""delivered_orders"": 20, ""seller_risk_level"": ""Lower Risk"", ""average_review_score"": 4.3000000000000000, ""on_time_delivery_rate"": 90.00}"
14,"Seller Risk",852,"{""seller"": ""6df688df543f90e9b38f4319e75a9d88"", ""sales_value"": 2661.20, ""delivered_orders"": 39, ""seller_risk_level"": ""Lower Risk"", ""average_review_score"": 4.5641025641025641, ""on_time_delivery_rate"": 100.00}"
14,"Seller Risk",853,"{""seller"": ""acadd4d36859671cb635527c6c977533"", ""sales_value"": 2646.94, ""delivered_orders"": 12, ""seller_risk_level"": ""Lower Risk"", ""average_review_score"": 4.2500000000000000, ""on_time_delivery_rate"": 83.33}"
14,"Seller Risk",854,"{""seller"": ""6bbcb8924baf70b7fe2fe2097e8cd407"", ""sales_value"": 2646.83, ""delivered_orders"": 10, ""seller_risk_level"": ""Lower Risk"", ""average_review_score"": 4.5000000000000000, ""on_time_delivery_rate"": 100.00}"
14,"Seller Risk",855,"{""seller"": ""d06d019f72a04e5497a0b64190af170c"", ""sales_value"": 2641.44, ""delivered_orders"": 17, ""seller_risk_level"": ""Lower Risk"", ""average_review_score"": 4.5294117647058824, ""on_time_delivery_rate"": 94.12}"
14,"Seller Risk",856,"{""seller"": ""9a84ba99f5367fdbd4598363496f1ea2"", ""sales_value"": 2638.45, ""delivered_orders"": 15, ""seller_risk_level"": ""Lower Risk"", ""average_review_score"": 3.8750000000000000, ""on_time_delivery_rate"": 100.00}"
14,"Seller Risk",857,"{""seller"": ""7f7b8245c336066a1f9933c359f11d77"", ""sales_value"": 2630.23, ""delivered_orders"": 38, ""seller_risk_level"": ""Lower Risk"", ""average_review_score"": 4.5526315789473684, ""on_time_delivery_rate"": 97.37}"
14,"Seller Risk",858,"{""seller"": ""c6381d2d013342748761e906d45aff76"", ""sales_value"": 2614.26, ""delivered_orders"": 15, ""seller_risk_level"": ""Lower Risk"", ""average_review_score"": 3.8666666666666667, ""on_time_delivery_rate"": 100.00}"
14,"Seller Risk",859,"{""seller"": ""77a515caa36327151d1cc6c32a9f00e1"", ""sales_value"": 2613.58, ""delivered_orders"": 26, ""seller_risk_level"": ""Lower Risk"", ""average_review_score"": 4.4230769230769231, ""on_time_delivery_rate"": 88.46}"
14,"Seller Risk",860,"{""seller"": ""62c50c1af4dfdc4149d25c5222043d39"", ""sales_value"": 2607.78, ""delivered_orders"": 12, ""seller_risk_level"": ""Lower Risk"", ""average_review_score"": 4.0833333333333333, ""on_time_delivery_rate"": 100.00}"
14,"Seller Risk",861,"{""seller"": ""412a4720f3e9431b4afa1476a1acddbe"", ""sales_value"": 2569.16, ""delivered_orders"": 21, ""seller_risk_level"": ""Lower Risk"", ""average_review_score"": 4.2380952380952381, ""on_time_delivery_rate"": 95.24}"
14,"Seller Risk",862,"{""seller"": ""b83cedfb587e7911540e3f576d6917ce"", ""sales_value"": 2568.75, ""delivered_orders"": 24, ""seller_risk_level"": ""Lower Risk"", ""average_review_score"": 4.2083333333333333, ""on_time_delivery_rate"": 91.67}"
14,"Seller Risk",863,"{""seller"": ""723cd880edaacdb998898b67c8f9da30"", ""sales_value"": 2549.63, ""delivered_orders"": 11, ""seller_risk_level"": ""Lower Risk"", ""average_review_score"": 4.0909090909090909, ""on_time_delivery_rate"": 90.91}"
14,"Seller Risk",864,"{""seller"": ""3481aa57cd91f9f9d3fa1fa12d9a3bf7"", ""sales_value"": 2547.17, ""delivered_orders"": 25, ""seller_risk_level"": ""Lower Risk"", ""average_review_score"": 3.8800000000000000, ""on_time_delivery_rate"": 100.00}"
14,"Seller Risk",865,"{""seller"": ""91f0eec23d4a61d7d7caeefa3f0ad1ca"", ""sales_value"": 2545.26, ""delivered_orders"": 11, ""seller_risk_level"": ""Lower Risk"", ""average_review_score"": 3.5454545454545455, ""on_time_delivery_rate"": 72.73}"
14,"Seller Risk",866,"{""seller"": ""cf2384dd2f1dddea3f838efed0945e65"", ""sales_value"": 2534.94, ""delivered_orders"": 16, ""seller_risk_level"": ""Lower Risk"", ""average_review_score"": 3.9375000000000000, ""on_time_delivery_rate"": 100.00}"
14,"Seller Risk",867,"{""seller"": ""9bcdfa7b615b3abb9461d9e3ad9886ae"", ""sales_value"": 2523.79, ""delivered_orders"": 14, ""seller_risk_level"": ""Lower Risk"", ""average_review_score"": 4.4285714285714286, ""on_time_delivery_rate"": 92.86}"
14,"Seller Risk",868,"{""seller"": ""0417b067eeab773d2f7061a726dc477f"", ""sales_value"": 2501.75, ""delivered_orders"": 13, ""seller_risk_level"": ""Lower Risk"", ""average_review_score"": 3.9230769230769231, ""on_time_delivery_rate"": 69.23}"
14,"Seller Risk",869,"{""seller"": ""17908cf9b444ee34047cadd5c0f4a516"", ""sales_value"": 2495.41, ""delivered_orders"": 11, ""seller_risk_level"": ""Lower Risk"", ""average_review_score"": 4.5454545454545455, ""on_time_delivery_rate"": 90.91}"
14,"Seller Risk",870,"{""seller"": ""165b1235e9e9942cb5fae67103576fb0"", ""sales_value"": 2489.80, ""delivered_orders"": 11, ""seller_risk_level"": ""Lower Risk"", ""average_review_score"": 4.3636363636363636, ""on_time_delivery_rate"": 90.91}"
14,"Seller Risk",871,"{""seller"": ""2be17df1c49978426251562096c3cc09"", ""sales_value"": 2477.55, ""delivered_orders"": 16, ""seller_risk_level"": ""Lower Risk"", ""average_review_score"": 4.1875000000000000, ""on_time_delivery_rate"": 93.75}"
14,"Seller Risk",872,"{""seller"": ""f5f2ab9bdb6b30c14c61be68c5ed37da"", ""sales_value"": 2474.55, ""delivered_orders"": 18, ""seller_risk_level"": ""Lower Risk"", ""average_review_score"": 4.2777777777777778, ""on_time_delivery_rate"": 88.89}"
14,"Seller Risk",873,"{""seller"": ""3a734b715d333a2588a3d54a0c9b8746"", ""sales_value"": 2469.82, ""delivered_orders"": 15, ""seller_risk_level"": ""Lower Risk"", ""average_review_score"": 4.5333333333333333, ""on_time_delivery_rate"": 93.33}"
14,"Seller Risk",874,"{""seller"": ""53d00c40e32aeb924a84ce72b1af869d"", ""sales_value"": 2462.07, ""delivered_orders"": 17, ""seller_risk_level"": ""Lower Risk"", ""average_review_score"": 4.3529411764705882, ""on_time_delivery_rate"": 76.47}"
14,"Seller Risk",875,"{""seller"": ""df91910b6a03bb2e3358fa6a35e32f6f"", ""sales_value"": 2456.22, ""delivered_orders"": 13, ""seller_risk_level"": ""Lower Risk"", ""average_review_score"": 4.6153846153846154, ""on_time_delivery_rate"": 100.00}"
14,"Seller Risk",876,"{""seller"": ""daeb5653dd96c1b11860f72209795012"", ""sales_value"": 2452.99, ""delivered_orders"": 38, ""seller_risk_level"": ""Lower Risk"", ""average_review_score"": 4.2000000000000000, ""on_time_delivery_rate"": 92.11}"
14,"Seller Risk",877,"{""seller"": ""e5475dcab1e07b63d7f6e902d8f5eda8"", ""sales_value"": 2443.22, ""delivered_orders"": 19, ""seller_risk_level"": ""Lower Risk"", ""average_review_score"": 4.1052631578947368, ""on_time_delivery_rate"": 94.74}"
14,"Seller Risk",878,"{""seller"": ""8ca1551acf9832a4cf467bbbac15851f"", ""sales_value"": 2442.94, ""delivered_orders"": 11, ""seller_risk_level"": ""Lower Risk"", ""average_review_score"": 3.9090909090909091, ""on_time_delivery_rate"": 90.91}"
14,"Seller Risk",879,"{""seller"": ""c8467937e403e76a8ee9f0ab13f6f5ef"", ""sales_value"": 2442.74, ""delivered_orders"": 30, ""seller_risk_level"": ""Lower Risk"", ""average_review_score"": 4.0714285714285714, ""on_time_delivery_rate"": 86.67}"
14,"Seller Risk",880,"{""seller"": ""373ee4a3a775a733770ca3f790b8b9ac"", ""sales_value"": 2431.81, ""delivered_orders"": 13, ""seller_risk_level"": ""Lower Risk"", ""average_review_score"": 3.9285714285714286, ""on_time_delivery_rate"": 92.31}"
14,"Seller Risk",881,"{""seller"": ""f615fe7efbef0f4f08fd3086bc7a3e60"", ""sales_value"": 2431.08, ""delivered_orders"": 22, ""seller_risk_level"": ""Lower Risk"", ""average_review_score"": 4.5000000000000000, ""on_time_delivery_rate"": 90.91}"
14,"Seller Risk",882,"{""seller"": ""07bf9669d84d1f11be443a9dd938f698"", ""sales_value"": 2422.22, ""delivered_orders"": 18, ""seller_risk_level"": ""Lower Risk"", ""average_review_score"": 3.7222222222222222, ""on_time_delivery_rate"": 100.00}"
14,"Seller Risk",883,"{""seller"": ""9dda5bbacd45e18d6485fee649205d09"", ""sales_value"": 2419.33, ""delivered_orders"": 19, ""seller_risk_level"": ""Lower Risk"", ""average_review_score"": 4.1052631578947368, ""on_time_delivery_rate"": 89.47}"
14,"Seller Risk",884,"{""seller"": ""1b1ae47a313a825a7ccceb8e2e30fa9d"", ""sales_value"": 2413.37, ""delivered_orders"": 10, ""seller_risk_level"": ""Lower Risk"", ""average_review_score"": 4.2222222222222222, ""on_time_delivery_rate"": 100.00}"
14,"Seller Risk",885,"{""seller"": ""6aa3928696eab49a19a466e665a649fd"", ""sales_value"": 2410.68, ""delivered_orders"": 18, ""seller_risk_level"": ""Lower Risk"", ""average_review_score"": 4.6111111111111111, ""on_time_delivery_rate"": 94.44}"
14,"Seller Risk",886,"{""seller"": ""72bc2cce903c872fe376a8faaa81d237"", ""sales_value"": 2404.97, ""delivered_orders"": 17, ""seller_risk_level"": ""Lower Risk"", ""average_review_score"": 4.6470588235294118, ""on_time_delivery_rate"": 100.00}"
14,"Seller Risk",887,"{""seller"": ""55bb6fe5bebe5012e2d7d9928e1128ff"", ""sales_value"": 2393.02, ""delivered_orders"": 15, ""seller_risk_level"": ""Lower Risk"", ""average_review_score"": 3.4666666666666667, ""on_time_delivery_rate"": 86.67}"
14,"Seller Risk",888,"{""seller"": ""54583ab379489add547fe47b628db589"", ""sales_value"": 2391.08, ""delivered_orders"": 10, ""seller_risk_level"": ""Lower Risk"", ""average_review_score"": 4.8000000000000000, ""on_time_delivery_rate"": 100.00}"
14,"Seller Risk",889,"{""seller"": ""5debea795b07621e1f90532e18f96145"", ""sales_value"": 2388.13, ""delivered_orders"": 25, ""seller_risk_level"": ""Lower Risk"", ""average_review_score"": 4.3600000000000000, ""on_time_delivery_rate"": 100.00}"
14,"Seller Risk",890,"{""seller"": ""6a38087bc8ad4f89ff453561005f6dea"", ""sales_value"": 2381.35, ""delivered_orders"": 15, ""seller_risk_level"": ""Lower Risk"", ""average_review_score"": 4.6000000000000000, ""on_time_delivery_rate"": 100.00}"
14,"Seller Risk",891,"{""seller"": ""3a1a1fec38dd360f15fc912e821e169d"", ""sales_value"": 2378.63, ""delivered_orders"": 15, ""seller_risk_level"": ""Lower Risk"", ""average_review_score"": 3.8666666666666667, ""on_time_delivery_rate"": 73.33}"
14,"Seller Risk",892,"{""seller"": ""272f092de69afedd4d2969440b37f18f"", ""sales_value"": 2374.46, ""delivered_orders"": 25, ""seller_risk_level"": ""Lower Risk"", ""average_review_score"": 3.8400000000000000, ""on_time_delivery_rate"": 100.00}"
14,"Seller Risk",893,"{""seller"": ""93b9a99027bd8bd6af682aff18dd19bf"", ""sales_value"": 2366.79, ""delivered_orders"": 19, ""seller_risk_level"": ""Lower Risk"", ""average_review_score"": 4.1111111111111111, ""on_time_delivery_rate"": 100.00}"
14,"Seller Risk",894,"{""seller"": ""25cf099de44674fde97473224f9d59ab"", ""sales_value"": 2359.55, ""delivered_orders"": 50, ""seller_risk_level"": ""Lower Risk"", ""average_review_score"": 4.3265306122448980, ""on_time_delivery_rate"": 96.00}"
14,"Seller Risk",895,"{""seller"": ""bf84056e679dbe9c69929847a40e338f"", ""sales_value"": 2356.58, ""delivered_orders"": 35, ""seller_risk_level"": ""Lower Risk"", ""average_review_score"": 3.7714285714285714, ""on_time_delivery_rate"": 91.43}"
14,"Seller Risk",896,"{""seller"": ""6b536a23086fba0d58c08d68814397f6"", ""sales_value"": 2356.54, ""delivered_orders"": 18, ""seller_risk_level"": ""Lower Risk"", ""average_review_score"": 4.1111111111111111, ""on_time_delivery_rate"": 94.44}"
14,"Seller Risk",897,"{""seller"": ""3586b8580d9c917874e053a1bb37b5ff"", ""sales_value"": 2352.35, ""delivered_orders"": 36, ""seller_risk_level"": ""Lower Risk"", ""average_review_score"": 4.4166666666666667, ""on_time_delivery_rate"": 97.22}"
14,"Seller Risk",898,"{""seller"": ""87d30a6a0cbf89356e49324971ab1d24"", ""sales_value"": 2349.91, ""delivered_orders"": 17, ""seller_risk_level"": ""Lower Risk"", ""average_review_score"": 4.3529411764705882, ""on_time_delivery_rate"": 94.12}"
14,"Seller Risk",899,"{""seller"": ""bf100ecb7997df312b285358fb32f92c"", ""sales_value"": 2337.01, ""delivered_orders"": 20, ""seller_risk_level"": ""Lower Risk"", ""average_review_score"": 4.4444444444444444, ""on_time_delivery_rate"": 100.00}"
14,"Seller Risk",900,"{""seller"": ""65b081a070633e057c462abdd6fb9dd8"", ""sales_value"": 2326.67, ""delivered_orders"": 19, ""seller_risk_level"": ""Lower Risk"", ""average_review_score"": 4.3157894736842105, ""on_time_delivery_rate"": 100.00}"
14,"Seller Risk",901,"{""seller"": ""8bdd8e3fd58bafa48af76b2c5fd71974"", ""sales_value"": 2314.22, ""delivered_orders"": 10, ""seller_risk_level"": ""Lower Risk"", ""average_review_score"": 4.9000000000000000, ""on_time_delivery_rate"": 80.00}"
14,"Seller Risk",902,"{""seller"": ""95ec4458365c4d11f452ccf538377619"", ""sales_value"": 2303.43, ""delivered_orders"": 27, ""seller_risk_level"": ""Lower Risk"", ""average_review_score"": 4.6153846153846154, ""on_time_delivery_rate"": 96.30}"
14,"Seller Risk",903,"{""seller"": ""1dc2de47ee26a0a5b12dc14fd6dc0dea"", ""sales_value"": 2287.50, ""delivered_orders"": 25, ""seller_risk_level"": ""Lower Risk"", ""average_review_score"": 4.5600000000000000, ""on_time_delivery_rate"": 88.00}"
14,"Seller Risk",904,"{""seller"": ""f41ce2e25237f9092cd8e6e7516c7a2f"", ""sales_value"": 2285.82, ""delivered_orders"": 26, ""seller_risk_level"": ""Lower Risk"", ""average_review_score"": 4.4230769230769231, ""on_time_delivery_rate"": 100.00}"
14,"Seller Risk",905,"{""seller"": ""bc2ac6b95e1accce9858528ee566c17e"", ""sales_value"": 2279.56, ""delivered_orders"": 18, ""seller_risk_level"": ""Lower Risk"", ""average_review_score"": 4.5555555555555556, ""on_time_delivery_rate"": 100.00}"
14,"Seller Risk",906,"{""seller"": ""d97df38225e5abadaff1e72cb72b823c"", ""sales_value"": 2277.55, ""delivered_orders"": 28, ""seller_risk_level"": ""Lower Risk"", ""average_review_score"": 3.9259259259259259, ""on_time_delivery_rate"": 82.14}"
14,"Seller Risk",907,"{""seller"": ""7ade73f1b9b4e965f9009a4c3a7e2c15"", ""sales_value"": 2274.75, ""delivered_orders"": 26, ""seller_risk_level"": ""Lower Risk"", ""average_review_score"": 4.7692307692307692, ""on_time_delivery_rate"": 100.00}"
14,"Seller Risk",908,"{""seller"": ""4c8b8048e33af2bf94f2eb547746a916"", ""sales_value"": 2267.88, ""delivered_orders"": 19, ""seller_risk_level"": ""Lower Risk"", ""average_review_score"": 3.3684210526315789, ""on_time_delivery_rate"": 89.47}"
14,"Seller Risk",909,"{""seller"": ""2a6fbeaa7ab9e5d59a35841a8da71ce4"", ""sales_value"": 2265.28, ""delivered_orders"": 30, ""seller_risk_level"": ""Lower Risk"", ""average_review_score"": 3.9310344827586207, ""on_time_delivery_rate"": 93.33}"
14,"Seller Risk",910,"{""seller"": ""ffeee66ac5d5a62fe688b9d26f83f534"", ""sales_value"": 2259.55, ""delivered_orders"": 14, ""seller_risk_level"": ""Lower Risk"", ""average_review_score"": 4.2142857142857143, ""on_time_delivery_rate"": 85.71}"
14,"Seller Risk",911,"{""seller"": ""dc8798cbf453b7e0f98745e396cc5616"", ""sales_value"": 2258.95, ""delivered_orders"": 35, ""seller_risk_level"": ""Lower Risk"", ""average_review_score"": 3.3714285714285714, ""on_time_delivery_rate"": 94.29}"
14,"Seller Risk",912,"{""seller"": ""e24d3429d294b2eb200b064ebb035879"", ""sales_value"": 2250.70, ""delivered_orders"": 19, ""seller_risk_level"": ""Lower Risk"", ""average_review_score"": 4.2631578947368421, ""on_time_delivery_rate"": 94.74}"
14,"Seller Risk",913,"{""seller"": ""7139dc5186aa238b006e066d8fbab2e4"", ""sales_value"": 2247.93, ""delivered_orders"": 22, ""seller_risk_level"": ""Lower Risk"", ""average_review_score"": 4.0000000000000000, ""on_time_delivery_rate"": 86.36}"
14,"Seller Risk",914,"{""seller"": ""f63d8f293af3a6454377546bd9dd19ff"", ""sales_value"": 2246.95, ""delivered_orders"": 17, ""seller_risk_level"": ""Lower Risk"", ""average_review_score"": 4.4705882352941176, ""on_time_delivery_rate"": 88.24}"
14,"Seller Risk",915,"{""seller"": ""5b33b527da3c5b969cc99dc435cad09a"", ""sales_value"": 2238.34, ""delivered_orders"": 16, ""seller_risk_level"": ""Lower Risk"", ""average_review_score"": 4.1250000000000000, ""on_time_delivery_rate"": 93.75}"
14,"Seller Risk",916,"{""seller"": ""d6ab728cf30867cf3f1a2e216ae2f9b7"", ""sales_value"": 2233.82, ""delivered_orders"": 12, ""seller_risk_level"": ""Lower Risk"", ""average_review_score"": 4.4166666666666667, ""on_time_delivery_rate"": 100.00}"
14,"Seller Risk",917,"{""seller"": ""4e5725ba188db8252977a4f0227bd462"", ""sales_value"": 2229.36, ""delivered_orders"": 21, ""seller_risk_level"": ""Lower Risk"", ""average_review_score"": 3.5238095238095238, ""on_time_delivery_rate"": 71.43}"
14,"Seller Risk",918,"{""seller"": ""198c7ea11960a9844b544d9bcdca860c"", ""sales_value"": 2225.38, ""delivered_orders"": 25, ""seller_risk_level"": ""Lower Risk"", ""average_review_score"": 3.8800000000000000, ""on_time_delivery_rate"": 88.00}"
14,"Seller Risk",919,"{""seller"": ""5b581417df4480f632484ba681e53944"", ""sales_value"": 2214.01, ""delivered_orders"": 11, ""seller_risk_level"": ""Lower Risk"", ""average_review_score"": 3.7272727272727273, ""on_time_delivery_rate"": 72.73}"
14,"Seller Risk",920,"{""seller"": ""c679fb69a36e1d8349e8c50a217b4d58"", ""sales_value"": 2213.89, ""delivered_orders"": 14, ""seller_risk_level"": ""Lower Risk"", ""average_review_score"": 3.8461538461538462, ""on_time_delivery_rate"": 85.71}"
14,"Seller Risk",921,"{""seller"": ""3d2531eccfbde1d7c8db7a3a12fb267a"", ""sales_value"": 2212.60, ""delivered_orders"": 10, ""seller_risk_level"": ""Lower Risk"", ""average_review_score"": 4.2222222222222222, ""on_time_delivery_rate"": 100.00}"
14,"Seller Risk",922,"{""seller"": ""c8417879a15366a17c30af34c798c332"", ""sales_value"": 2192.85, ""delivered_orders"": 25, ""seller_risk_level"": ""Lower Risk"", ""average_review_score"": 4.2916666666666667, ""on_time_delivery_rate"": 88.00}"
14,"Seller Risk",923,"{""seller"": ""15cd6eefe58588619aaed41dfa6621b1"", ""sales_value"": 2188.86, ""delivered_orders"": 16, ""seller_risk_level"": ""Lower Risk"", ""average_review_score"": 4.2500000000000000, ""on_time_delivery_rate"": 93.75}"
14,"Seller Risk",924,"{""seller"": ""411f3b52d857390502ee4e4d5ceabc2d"", ""sales_value"": 2182.72, ""delivered_orders"": 21, ""seller_risk_level"": ""Lower Risk"", ""average_review_score"": 4.1052631578947368, ""on_time_delivery_rate"": 85.71}"
14,"Seller Risk",925,"{""seller"": ""a36b125ac6d5fdbc7f50de85c9157bdc"", ""sales_value"": 2167.54, ""delivered_orders"": 23, ""seller_risk_level"": ""Lower Risk"", ""average_review_score"": 3.9565217391304348, ""on_time_delivery_rate"": 86.96}"
14,"Seller Risk",926,"{""seller"": ""a5a1bfcf728ab0e19182959cf0771ee4"", ""sales_value"": 2160.85, ""delivered_orders"": 21, ""seller_risk_level"": ""Lower Risk"", ""average_review_score"": 4.3333333333333333, ""on_time_delivery_rate"": 90.48}"
14,"Seller Risk",927,"{""seller"": ""5ab05b6d86d417796c69ffd6774ec832"", ""sales_value"": 2142.85, ""delivered_orders"": 10, ""seller_risk_level"": ""Lower Risk"", ""average_review_score"": 3.8000000000000000, ""on_time_delivery_rate"": 90.00}"
14,"Seller Risk",928,"{""seller"": ""3ca08eeb8d5595949fed424bd3677742"", ""sales_value"": 2137.98, ""delivered_orders"": 13, ""seller_risk_level"": ""Lower Risk"", ""average_review_score"": 4.6923076923076923, ""on_time_delivery_rate"": 100.00}"
14,"Seller Risk",929,"{""seller"": ""9b00ed88b7fdb95d6ff76e27c1b52d16"", ""sales_value"": 2135.68, ""delivered_orders"": 46, ""seller_risk_level"": ""Lower Risk"", ""average_review_score"": 4.5434782608695652, ""on_time_delivery_rate"": 93.48}"
14,"Seller Risk",930,"{""seller"": ""c4fb51fb1c5b7c07bc5e67be6e7e8f6e"", ""sales_value"": 2126.61, ""delivered_orders"": 15, ""seller_risk_level"": ""Lower Risk"", ""average_review_score"": 3.5333333333333333, ""on_time_delivery_rate"": 86.67}"
14,"Seller Risk",931,"{""seller"": ""dfc475d54e1b6dbeeb7d7d9bdaa63827"", ""sales_value"": 2122.13, ""delivered_orders"": 18, ""seller_risk_level"": ""Lower Risk"", ""average_review_score"": 4.5000000000000000, ""on_time_delivery_rate"": 94.44}"
14,"Seller Risk",932,"{""seller"": ""d9a84e1403de8da0c3aa531d6d108ba6"", ""sales_value"": 2109.15, ""delivered_orders"": 53, ""seller_risk_level"": ""Lower Risk"", ""average_review_score"": 4.5849056603773585, ""on_time_delivery_rate"": 94.34}"
14,"Seller Risk",933,"{""seller"": ""d3674f271c91f824f82d24d92011f669"", ""sales_value"": 2101.82, ""delivered_orders"": 20, ""seller_risk_level"": ""Lower Risk"", ""average_review_score"": 4.1000000000000000, ""on_time_delivery_rate"": 90.00}"
14,"Seller Risk",934,"{""seller"": ""f9903dd0f812c7e771fcad47b6fff231"", ""sales_value"": 2101.48, ""delivered_orders"": 10, ""seller_risk_level"": ""Lower Risk"", ""average_review_score"": 3.2000000000000000, ""on_time_delivery_rate"": 100.00}"
14,"Seller Risk",935,"{""seller"": ""3935fe5fe0f82787a9dcb8deb62be09d"", ""sales_value"": 2101.35, ""delivered_orders"": 16, ""seller_risk_level"": ""Lower Risk"", ""average_review_score"": 4.0000000000000000, ""on_time_delivery_rate"": 87.50}"
14,"Seller Risk",936,"{""seller"": ""5b85809efd0d0e4dea1a9544e1280ed9"", ""sales_value"": 2097.36, ""delivered_orders"": 12, ""seller_risk_level"": ""Lower Risk"", ""average_review_score"": 4.2500000000000000, ""on_time_delivery_rate"": 100.00}"
14,"Seller Risk",937,"{""seller"": ""d1ef48b38baca7e831711c4a0aeb398f"", ""sales_value"": 2091.77, ""delivered_orders"": 28, ""seller_risk_level"": ""Lower Risk"", ""average_review_score"": 4.5714285714285714, ""on_time_delivery_rate"": 89.29}"
14,"Seller Risk",938,"{""seller"": ""013900e863eace745d3ec7614cab5b1a"", ""sales_value"": 2089.37, ""delivered_orders"": 23, ""seller_risk_level"": ""Lower Risk"", ""average_review_score"": 4.6956521739130435, ""on_time_delivery_rate"": 100.00}"
14,"Seller Risk",939,"{""seller"": ""cb5df0dcb9e280b1780e9d589889f2c7"", ""sales_value"": 2068.80, ""delivered_orders"": 11, ""seller_risk_level"": ""Lower Risk"", ""average_review_score"": 3.4000000000000000, ""on_time_delivery_rate"": 81.82}"
14,"Seller Risk",940,"{""seller"": ""c5f7feb04a6a1fb3596322bfc3cf1917"", ""sales_value"": 2058.46, ""delivered_orders"": 11, ""seller_risk_level"": ""Lower Risk"", ""average_review_score"": 4.2727272727272727, ""on_time_delivery_rate"": 90.91}"
14,"Seller Risk",941,"{""seller"": ""7ecd59e5e20407131822c1a68ac59c1f"", ""sales_value"": 2054.52, ""delivered_orders"": 24, ""seller_risk_level"": ""Lower Risk"", ""average_review_score"": 4.4166666666666667, ""on_time_delivery_rate"": 83.33}"
14,"Seller Risk",942,"{""seller"": ""1dfe5347016252a7884b694d4f10f5c4"", ""sales_value"": 2052.54, ""delivered_orders"": 20, ""seller_risk_level"": ""Lower Risk"", ""average_review_score"": 3.4000000000000000, ""on_time_delivery_rate"": 75.00}"
14,"Seller Risk",943,"{""seller"": ""845e8036c3f7bf62099352f5ed910240"", ""sales_value"": 2045.24, ""delivered_orders"": 21, ""seller_risk_level"": ""Lower Risk"", ""average_review_score"": 3.9523809523809524, ""on_time_delivery_rate"": 100.00}"
14,"Seller Risk",944,"{""seller"": ""b2a6d334e2833acea353624840e25a0e"", ""sales_value"": 2038.59, ""delivered_orders"": 25, ""seller_risk_level"": ""Lower Risk"", ""average_review_score"": 4.4800000000000000, ""on_time_delivery_rate"": 100.00}"
14,"Seller Risk",945,"{""seller"": ""3785b653b1b82de85ab47dd139938091"", ""sales_value"": 2033.27, ""delivered_orders"": 21, ""seller_risk_level"": ""Lower Risk"", ""average_review_score"": 4.7272727272727273, ""on_time_delivery_rate"": 100.00}"
14,"Seller Risk",946,"{""seller"": ""f1ed6bd0a9b11b581f16c851c6a5a527"", ""sales_value"": 1996.58, ""delivered_orders"": 17, ""seller_risk_level"": ""Lower Risk"", ""average_review_score"": 4.3888888888888889, ""on_time_delivery_rate"": 94.12}"
14,"Seller Risk",947,"{""seller"": ""002100f778ceb8431b7a1020ff7ab48f"", ""sales_value"": 1995.16, ""delivered_orders"": 50, ""seller_risk_level"": ""Lower Risk"", ""average_review_score"": 3.9607843137254902, ""on_time_delivery_rate"": 82.00}"
14,"Seller Risk",948,"{""seller"": ""7586919161935337bf6b6d7ff5779648"", ""sales_value"": 1994.93, ""delivered_orders"": 11, ""seller_risk_level"": ""Lower Risk"", ""average_review_score"": 3.8181818181818182, ""on_time_delivery_rate"": 81.82}"
14,"Seller Risk",949,"{""seller"": ""75fbb52eda0cbc24f479d3b2fbfa8d3e"", ""sales_value"": 1994.45, ""delivered_orders"": 38, ""seller_risk_level"": ""Lower Risk"", ""average_review_score"": 4.4473684210526316, ""on_time_delivery_rate"": 94.74}"
14,"Seller Risk",950,"{""seller"": ""5b0cc932433fa5184b5b94bfe6bcc256"", ""sales_value"": 1994.09, ""delivered_orders"": 12, ""seller_risk_level"": ""Lower Risk"", ""average_review_score"": 3.5833333333333333, ""on_time_delivery_rate"": 75.00}"
14,"Seller Risk",951,"{""seller"": ""1690cada046eb7e92c12f98b1f8a8167"", ""sales_value"": 1992.91, ""delivered_orders"": 10, ""seller_risk_level"": ""Lower Risk"", ""average_review_score"": 4.9000000000000000, ""on_time_delivery_rate"": 90.00}"
14,"Seller Risk",952,"{""seller"": ""058cb5aeb36d7c0fcae20fc85d5e0a59"", ""sales_value"": 1983.82, ""delivered_orders"": 11, ""seller_risk_level"": ""Lower Risk"", ""average_review_score"": 3.8181818181818182, ""on_time_delivery_rate"": 90.91}"
14,"Seller Risk",953,"{""seller"": ""094ced053e257ae8cae57205592d6712"", ""sales_value"": 1978.23, ""delivered_orders"": 19, ""seller_risk_level"": ""Lower Risk"", ""average_review_score"": 4.0526315789473684, ""on_time_delivery_rate"": 100.00}"
14,"Seller Risk",954,"{""seller"": ""ca4b77513ac2040591b0d8fae6958380"", ""sales_value"": 1973.62, ""delivered_orders"": 14, ""seller_risk_level"": ""Lower Risk"", ""average_review_score"": 4.5000000000000000, ""on_time_delivery_rate"": 78.57}"
14,"Seller Risk",955,"{""seller"": ""2a61c271b1ac763450d846849783e922"", ""sales_value"": 1969.04, ""delivered_orders"": 17, ""seller_risk_level"": ""Lower Risk"", ""average_review_score"": 4.1176470588235294, ""on_time_delivery_rate"": 82.35}"
14,"Seller Risk",956,"{""seller"": ""c3e1abd72a42fe690fcd89cf5720fe29"", ""sales_value"": 1967.58, ""delivered_orders"": 13, ""seller_risk_level"": ""Lower Risk"", ""average_review_score"": 4.4615384615384615, ""on_time_delivery_rate"": 100.00}"
14,"Seller Risk",957,"{""seller"": ""e2c92f9c1c7746d899d18f2e158bbff7"", ""sales_value"": 1956.30, ""delivered_orders"": 12, ""seller_risk_level"": ""Lower Risk"", ""average_review_score"": 4.5833333333333333, ""on_time_delivery_rate"": 100.00}"
14,"Seller Risk",958,"{""seller"": ""ffc470761de7d0232558ba5e786e57b7"", ""sales_value"": 1950.22, ""delivered_orders"": 27, ""seller_risk_level"": ""Lower Risk"", ""average_review_score"": 4.4444444444444444, ""on_time_delivery_rate"": 96.30}"
14,"Seller Risk",959,"{""seller"": ""df0f42bc4c2142eacf0eaf2cffd0cfbb"", ""sales_value"": 1946.45, ""delivered_orders"": 14, ""seller_risk_level"": ""Lower Risk"", ""average_review_score"": 4.1428571428571429, ""on_time_delivery_rate"": 100.00}"
14,"Seller Risk",960,"{""seller"": ""8a2d12a90e92f012ce5226fc6592b653"", ""sales_value"": 1933.62, ""delivered_orders"": 18, ""seller_risk_level"": ""Lower Risk"", ""average_review_score"": 4.6111111111111111, ""on_time_delivery_rate"": 100.00}"
14,"Seller Risk",961,"{""seller"": ""e63e8bfa530fb16910dd6956e592bb81"", ""sales_value"": 1928.21, ""delivered_orders"": 41, ""seller_risk_level"": ""Lower Risk"", ""average_review_score"": 4.3333333333333333, ""on_time_delivery_rate"": 95.12}"
14,"Seller Risk",962,"{""seller"": ""26e2c91ef821e1ff8985f408788fe35b"", ""sales_value"": 1923.87, ""delivered_orders"": 12, ""seller_risk_level"": ""Lower Risk"", ""average_review_score"": 3.0000000000000000, ""on_time_delivery_rate"": 58.33}"
14,"Seller Risk",963,"{""seller"": ""0ac4201fda2c68ebc0e47cb9423cf3c9"", ""sales_value"": 1910.87, ""delivered_orders"": 13, ""seller_risk_level"": ""Lower Risk"", ""average_review_score"": 4.2857142857142857, ""on_time_delivery_rate"": 92.31}"
14,"Seller Risk",964,"{""seller"": ""718539d38d07dd351c76db862760e2e2"", ""sales_value"": 1907.61, ""delivered_orders"": 35, ""seller_risk_level"": ""Lower Risk"", ""average_review_score"": 4.6285714285714286, ""on_time_delivery_rate"": 100.00}"
14,"Seller Risk",965,"{""seller"": ""39d54ff918774174706fb065d7f9dc07"", ""sales_value"": 1902.72, ""delivered_orders"": 22, ""seller_risk_level"": ""Lower Risk"", ""average_review_score"": 4.0454545454545455, ""on_time_delivery_rate"": 86.36}"
14,"Seller Risk",966,"{""seller"": ""6ddc28b61be28373b4503a1f61cf98a9"", ""sales_value"": 1900.09, ""delivered_orders"": 11, ""seller_risk_level"": ""Lower Risk"", ""average_review_score"": 4.1818181818181818, ""on_time_delivery_rate"": 90.91}"
14,"Seller Risk",967,"{""seller"": ""e64d65bc8dbec2accda90c58de5d1246"", ""sales_value"": 1899.96, ""delivered_orders"": 12, ""seller_risk_level"": ""Lower Risk"", ""average_review_score"": 3.0833333333333333, ""on_time_delivery_rate"": 66.67}"
14,"Seller Risk",968,"{""seller"": ""66fd84ee7528c0c0de85d0f44a73d5ab"", ""sales_value"": 1891.30, ""delivered_orders"": 11, ""seller_risk_level"": ""Lower Risk"", ""average_review_score"": 3.3636363636363636, ""on_time_delivery_rate"": 90.91}"
14,"Seller Risk",969,"{""seller"": ""52f0fe436a347ddad7ed5f9aa4e27eaa"", ""sales_value"": 1888.83, ""delivered_orders"": 19, ""seller_risk_level"": ""Lower Risk"", ""average_review_score"": 3.7368421052631579, ""on_time_delivery_rate"": 84.21}"
14,"Seller Risk",970,"{""seller"": ""8daab2245ebdc277c51098d01c5ad8ef"", ""sales_value"": 1888.64, ""delivered_orders"": 16, ""seller_risk_level"": ""Lower Risk"", ""average_review_score"": 4.6250000000000000, ""on_time_delivery_rate"": 93.75}"
14,"Seller Risk",971,"{""seller"": ""77fccaae319668a8ab6cd0fd16aec48c"", ""sales_value"": 1888.44, ""delivered_orders"": 11, ""seller_risk_level"": ""Lower Risk"", ""average_review_score"": 4.4545454545454545, ""on_time_delivery_rate"": 100.00}"
14,"Seller Risk",972,"{""seller"": ""392e0502231ae2f8b29994ef6398cd77"", ""sales_value"": 1882.79, ""delivered_orders"": 17, ""seller_risk_level"": ""Lower Risk"", ""average_review_score"": 4.3529411764705882, ""on_time_delivery_rate"": 88.24}"
14,"Seller Risk",973,"{""seller"": ""659e8466eb3ff1b0e8740d74fb7bbedd"", ""sales_value"": 1880.00, ""delivered_orders"": 11, ""seller_risk_level"": ""Lower Risk"", ""average_review_score"": 4.3636363636363636, ""on_time_delivery_rate"": 100.00}"
14,"Seller Risk",974,"{""seller"": ""af3ef48d0e13835e529c29ac573c63e5"", ""sales_value"": 1873.13, ""delivered_orders"": 21, ""seller_risk_level"": ""Lower Risk"", ""average_review_score"": 3.7619047619047619, ""on_time_delivery_rate"": 95.24}"
14,"Seller Risk",975,"{""seller"": ""5075aaa8404020ae6aa8bf4792099b41"", ""sales_value"": 1872.15, ""delivered_orders"": 10, ""seller_risk_level"": ""Lower Risk"", ""average_review_score"": 3.9000000000000000, ""on_time_delivery_rate"": 100.00}"
14,"Seller Risk",976,"{""seller"": ""5f67c6082caacb26e431a7b17940cece"", ""sales_value"": 1871.03, ""delivered_orders"": 13, ""seller_risk_level"": ""Lower Risk"", ""average_review_score"": 3.5384615384615385, ""on_time_delivery_rate"": 69.23}"
14,"Seller Risk",977,"{""seller"": ""ec4608a1f76453166bb312b2968aeaf4"", ""sales_value"": 1863.36, ""delivered_orders"": 17, ""seller_risk_level"": ""Lower Risk"", ""average_review_score"": 3.2941176470588235, ""on_time_delivery_rate"": 76.47}"
14,"Seller Risk",978,"{""seller"": ""b33aaadd1a8891d2dfef0c4c3bdf0371"", ""sales_value"": 1863.04, ""delivered_orders"": 16, ""seller_risk_level"": ""Lower Risk"", ""average_review_score"": 3.9375000000000000, ""on_time_delivery_rate"": 87.50}"
14,"Seller Risk",979,"{""seller"": ""0887a9f087bcd5d9f6642b52f897fc6c"", ""sales_value"": 1862.35, ""delivered_orders"": 12, ""seller_risk_level"": ""Lower Risk"", ""average_review_score"": 4.4166666666666667, ""on_time_delivery_rate"": 91.67}"
14,"Seller Risk",980,"{""seller"": ""06bb3a2fe5e7b7a845b13e8fb91bd944"", ""sales_value"": 1862.33, ""delivered_orders"": 17, ""seller_risk_level"": ""Lower Risk"", ""average_review_score"": 4.5882352941176471, ""on_time_delivery_rate"": 100.00}"
14,"Seller Risk",981,"{""seller"": ""7a2d2949aea47fab95fd98d6c9f618b1"", ""sales_value"": 1850.23, ""delivered_orders"": 11, ""seller_risk_level"": ""Lower Risk"", ""average_review_score"": 4.2727272727272727, ""on_time_delivery_rate"": 100.00}"
14,"Seller Risk",982,"{""seller"": ""3771c85bac139d2344864ede5d9341e3"", ""sales_value"": 1842.26, ""delivered_orders"": 26, ""seller_risk_level"": ""Lower Risk"", ""average_review_score"": 3.8461538461538462, ""on_time_delivery_rate"": 84.62}"
14,"Seller Risk",983,"{""seller"": ""d4e12e7884759a14fa0f5f896c791cae"", ""sales_value"": 1839.67, ""delivered_orders"": 29, ""seller_risk_level"": ""Lower Risk"", ""average_review_score"": 4.6206896551724138, ""on_time_delivery_rate"": 93.10}"
14,"Seller Risk",984,"{""seller"": ""f918546be4bec7104d117789ba758b2b"", ""sales_value"": 1830.15, ""delivered_orders"": 20, ""seller_risk_level"": ""Lower Risk"", ""average_review_score"": 3.8500000000000000, ""on_time_delivery_rate"": 80.00}"
14,"Seller Risk",985,"{""seller"": ""41b86b552e54e3a7009596125aa8b167"", ""sales_value"": 1829.91, ""delivered_orders"": 10, ""seller_risk_level"": ""Lower Risk"", ""average_review_score"": 4.3000000000000000, ""on_time_delivery_rate"": 100.00}"
14,"Seller Risk",986,"{""seller"": ""f3c38ab652836d21de61fb8314b69182"", ""sales_value"": 1828.59, ""delivered_orders"": 15, ""seller_risk_level"": ""Lower Risk"", ""average_review_score"": 4.2666666666666667, ""on_time_delivery_rate"": 93.33}"
14,"Seller Risk",987,"{""seller"": ""1660ad786c27fd935378b6192a90b417"", ""sales_value"": 1818.28, ""delivered_orders"": 12, ""seller_risk_level"": ""Lower Risk"", ""average_review_score"": 4.5833333333333333, ""on_time_delivery_rate"": 91.67}"
14,"Seller Risk",988,"{""seller"": ""cbf09e831b0c11f6f23ffb51004db972"", ""sales_value"": 1815.40, ""delivered_orders"": 10, ""seller_risk_level"": ""Lower Risk"", ""average_review_score"": 4.4000000000000000, ""on_time_delivery_rate"": 100.00}"
14,"Seller Risk",989,"{""seller"": ""138dbe45fc62f1e244378131a6801526"", ""sales_value"": 1814.80, ""delivered_orders"": 49, ""seller_risk_level"": ""Lower Risk"", ""average_review_score"": 4.0816326530612245, ""on_time_delivery_rate"": 95.92}"
14,"Seller Risk",990,"{""seller"": ""e256a62e0ac58c0edfba09966142d561"", ""sales_value"": 1809.55, ""delivered_orders"": 12, ""seller_risk_level"": ""Lower Risk"", ""average_review_score"": 4.4166666666666667, ""on_time_delivery_rate"": 100.00}"
14,"Seller Risk",991,"{""seller"": ""97512d3fc193b2d1dfcdba0f9d1f0f8a"", ""sales_value"": 1800.42, ""delivered_orders"": 12, ""seller_risk_level"": ""Lower Risk"", ""average_review_score"": 4.2500000000000000, ""on_time_delivery_rate"": 91.67}"
14,"Seller Risk",992,"{""seller"": ""d354c38a7182125a748cb10474fe963b"", ""sales_value"": 1793.71, ""delivered_orders"": 17, ""seller_risk_level"": ""Lower Risk"", ""average_review_score"": 4.3750000000000000, ""on_time_delivery_rate"": 94.12}"
14,"Seller Risk",993,"{""seller"": ""a23266650e7c84bb93fbbba502137478"", ""sales_value"": 1791.44, ""delivered_orders"": 11, ""seller_risk_level"": ""Lower Risk"", ""average_review_score"": 3.8181818181818182, ""on_time_delivery_rate"": 100.00}"
14,"Seller Risk",994,"{""seller"": ""d8c7ba53e7e38711eaef8c2849d6d2e1"", ""sales_value"": 1788.34, ""delivered_orders"": 22, ""seller_risk_level"": ""Lower Risk"", ""average_review_score"": 4.5000000000000000, ""on_time_delivery_rate"": 100.00}"
14,"Seller Risk",995,"{""seller"": ""817f85dbb65aa3e70831d90fe75cdf89"", ""sales_value"": 1783.89, ""delivered_orders"": 11, ""seller_risk_level"": ""Lower Risk"", ""average_review_score"": 4.5454545454545455, ""on_time_delivery_rate"": 100.00}"
14,"Seller Risk",996,"{""seller"": ""01fd077212124329bac32490e8ef80d9"", ""sales_value"": 1783.36, ""delivered_orders"": 31, ""seller_risk_level"": ""Lower Risk"", ""average_review_score"": 4.1612903225806452, ""on_time_delivery_rate"": 96.77}"
14,"Seller Risk",997,"{""seller"": ""6806dad1da97bfb5a9038eac6881f706"", ""sales_value"": 1783.26, ""delivered_orders"": 10, ""seller_risk_level"": ""Lower Risk"", ""average_review_score"": 3.9090909090909091, ""on_time_delivery_rate"": 90.00}"
14,"Seller Risk",998,"{""seller"": ""d2e753bb80b7d4faa77483ed00edc8ca"", ""sales_value"": 1774.94, ""delivered_orders"": 14, ""seller_risk_level"": ""Lower Risk"", ""average_review_score"": 3.6000000000000000, ""on_time_delivery_rate"": 92.86}"
14,"Seller Risk",999,"{""seller"": ""02c988090b766852e088c69d7fb3b551"", ""sales_value"": 1770.94, ""delivered_orders"": 12, ""seller_risk_level"": ""Lower Risk"", ""average_review_score"": 4.5833333333333333, ""on_time_delivery_rate"": 100.00}"
14,"Seller Risk",1000,"{""seller"": ""0eaa7e33d73809f1f925f7d07c506cbd"", ""sales_value"": 1746.90, ""delivered_orders"": 15, ""seller_risk_level"": ""Lower Risk"", ""average_review_score"": 4.7142857142857143, ""on_time_delivery_rate"": 100.00}"
14,"Seller Risk",1001,"{""seller"": ""5f3ae9136c875522250f8184f253413a"", ""sales_value"": 1739.77, ""delivered_orders"": 42, ""seller_risk_level"": ""Lower Risk"", ""average_review_score"": 4.6428571428571429, ""on_time_delivery_rate"": 92.86}"
14,"Seller Risk",1002,"{""seller"": ""7e26c750b4cb9f6766f58265ff9ebe95"", ""sales_value"": 1733.18, ""delivered_orders"": 23, ""seller_risk_level"": ""Lower Risk"", ""average_review_score"": 4.4347826086956522, ""on_time_delivery_rate"": 100.00}"
14,"Seller Risk",1003,"{""seller"": ""2709af9587499e95e803a6498a5a56e9"", ""sales_value"": 1730.29, ""delivered_orders"": 25, ""seller_risk_level"": ""Lower Risk"", ""average_review_score"": 3.9583333333333333, ""on_time_delivery_rate"": 88.00}"
14,"Seller Risk",1004,"{""seller"": ""d4ffeb15b67e81ff9af2b4252d99fb7e"", ""sales_value"": 1724.81, ""delivered_orders"": 11, ""seller_risk_level"": ""Lower Risk"", ""average_review_score"": 4.3000000000000000, ""on_time_delivery_rate"": 100.00}"
14,"Seller Risk",1005,"{""seller"": ""2e1a7d075abe038c1b2743005fe42ff1"", ""sales_value"": 1711.69, ""delivered_orders"": 18, ""seller_risk_level"": ""Lower Risk"", ""average_review_score"": 4.2222222222222222, ""on_time_delivery_rate"": 83.33}"
14,"Seller Risk",1006,"{""seller"": ""b6e1504972665f739dec4facb9943775"", ""sales_value"": 1710.37, ""delivered_orders"": 14, ""seller_risk_level"": ""Lower Risk"", ""average_review_score"": 4.3571428571428571, ""on_time_delivery_rate"": 92.86}"
14,"Seller Risk",1007,"{""seller"": ""671585f5a2af58b6e276bc01003c0d2b"", ""sales_value"": 1692.11, ""delivered_orders"": 27, ""seller_risk_level"": ""Lower Risk"", ""average_review_score"": 4.7037037037037037, ""on_time_delivery_rate"": 100.00}"
14,"Seller Risk",1008,"{""seller"": ""f5f1f2c5f923f36ad79ea1d07185ddc9"", ""sales_value"": 1691.50, ""delivered_orders"": 10, ""seller_risk_level"": ""Lower Risk"", ""average_review_score"": 3.7000000000000000, ""on_time_delivery_rate"": 90.00}"
14,"Seller Risk",1009,"{""seller"": ""b9ca8e8baa5d4aa038394a700f63e69f"", ""sales_value"": 1677.95, ""delivered_orders"": 14, ""seller_risk_level"": ""Lower Risk"", ""average_review_score"": 4.2142857142857143, ""on_time_delivery_rate"": 92.86}"
14,"Seller Risk",1010,"{""seller"": ""8ff1a9df749e454105c55cda13e79143"", ""sales_value"": 1677.81, ""delivered_orders"": 13, ""seller_risk_level"": ""Lower Risk"", ""average_review_score"": 3.7272727272727273, ""on_time_delivery_rate"": 100.00}"
14,"Seller Risk",1011,"{""seller"": ""9f50216bfd01913736a55a11b55ea842"", ""sales_value"": 1671.10, ""delivered_orders"": 17, ""seller_risk_level"": ""Lower Risk"", ""average_review_score"": 4.4117647058823529, ""on_time_delivery_rate"": 82.35}"
14,"Seller Risk",1012,"{""seller"": ""4ba52dfeba874da5b9ee7b17c7494f04"", ""sales_value"": 1667.91, ""delivered_orders"": 11, ""seller_risk_level"": ""Lower Risk"", ""average_review_score"": 4.3636363636363636, ""on_time_delivery_rate"": 90.91}"
14,"Seller Risk",1013,"{""seller"": ""542917da124346b47ea1ac79a93ce454"", ""sales_value"": 1667.08, ""delivered_orders"": 20, ""seller_risk_level"": ""Lower Risk"", ""average_review_score"": 4.1904761904761905, ""on_time_delivery_rate"": 95.00}"
14,"Seller Risk",1014,"{""seller"": ""c5f7e746b7e6d07def6c0dae9903279b"", ""sales_value"": 1658.92, ""delivered_orders"": 10, ""seller_risk_level"": ""Lower Risk"", ""average_review_score"": 4.4000000000000000, ""on_time_delivery_rate"": 100.00}"
14,"Seller Risk",1015,"{""seller"": ""42ef3192a9ff87a22d1867b74b3ee205"", ""sales_value"": 1655.97, ""delivered_orders"": 23, ""seller_risk_level"": ""Lower Risk"", ""average_review_score"": 4.6521739130434783, ""on_time_delivery_rate"": 100.00}"
14,"Seller Risk",1016,"{""seller"": ""1b8b75e227c9a9c100d0c210fb6176ce"", ""sales_value"": 1648.49, ""delivered_orders"": 15, ""seller_risk_level"": ""Lower Risk"", ""average_review_score"": 3.9333333333333333, ""on_time_delivery_rate"": 93.33}"
14,"Seller Risk",1017,"{""seller"": ""01bcc9d254a0143f0ce9791b960b2a47"", ""sales_value"": 1644.69, ""delivered_orders"": 10, ""seller_risk_level"": ""Lower Risk"", ""average_review_score"": 4.4000000000000000, ""on_time_delivery_rate"": 100.00}"
14,"Seller Risk",1018,"{""seller"": ""b9a03475e6447e631b6799ec8274800f"", ""sales_value"": 1644.08, ""delivered_orders"": 10, ""seller_risk_level"": ""Lower Risk"", ""average_review_score"": 4.2000000000000000, ""on_time_delivery_rate"": 100.00}"
14,"Seller Risk",1019,"{""seller"": ""e7f3bf1ecd8526eb7f3b18059e6716e5"", ""sales_value"": 1642.81, ""delivered_orders"": 17, ""seller_risk_level"": ""Lower Risk"", ""average_review_score"": 4.6470588235294118, ""on_time_delivery_rate"": 100.00}"
14,"Seller Risk",1020,"{""seller"": ""921323538c9f1c4e816f2720eac02bea"", ""sales_value"": 1642.20, ""delivered_orders"": 15, ""seller_risk_level"": ""Lower Risk"", ""average_review_score"": 3.9333333333333333, ""on_time_delivery_rate"": 80.00}"
14,"Seller Risk",1021,"{""seller"": ""81336a0f57a33776419727a300249e90"", ""sales_value"": 1629.70, ""delivered_orders"": 15, ""seller_risk_level"": ""Lower Risk"", ""average_review_score"": 4.0666666666666667, ""on_time_delivery_rate"": 80.00}"
14,"Seller Risk",1022,"{""seller"": ""20cb7c2fde3e5bf10f0bbe7394e1c6a9"", ""sales_value"": 1625.15, ""delivered_orders"": 31, ""seller_risk_level"": ""Lower Risk"", ""average_review_score"": 4.0967741935483871, ""on_time_delivery_rate"": 90.32}"
14,"Seller Risk",1023,"{""seller"": ""02dcd3e8e25bee036e32512bcf175493"", ""sales_value"": 1623.49, ""delivered_orders"": 13, ""seller_risk_level"": ""Lower Risk"", ""average_review_score"": 3.8571428571428571, ""on_time_delivery_rate"": 69.23}"
14,"Seller Risk",1024,"{""seller"": ""49067458c68f7701fd334ce326accbe0"", ""sales_value"": 1621.50, ""delivered_orders"": 17, ""seller_risk_level"": ""Lower Risk"", ""average_review_score"": 3.4444444444444444, ""on_time_delivery_rate"": 94.12}"
14,"Seller Risk",1025,"{""seller"": ""57c764b4a836300be881e2ff86e449f9"", ""sales_value"": 1613.49, ""delivered_orders"": 28, ""seller_risk_level"": ""Lower Risk"", ""average_review_score"": 4.2222222222222222, ""on_time_delivery_rate"": 85.71}"
14,"Seller Risk",1026,"{""seller"": ""88cf19ec1fc2c58f161aee259d57142c"", ""sales_value"": 1607.68, ""delivered_orders"": 14, ""seller_risk_level"": ""Lower Risk"", ""average_review_score"": 4.4666666666666667, ""on_time_delivery_rate"": 100.00}"
14,"Seller Risk",1027,"{""seller"": ""985c92cc412091f8529c12d7f23d3fef"", ""sales_value"": 1606.63, ""delivered_orders"": 12, ""seller_risk_level"": ""Lower Risk"", ""average_review_score"": 4.7500000000000000, ""on_time_delivery_rate"": 91.67}"
14,"Seller Risk",1028,"{""seller"": ""863d2ebcd347ce4922de7a0f9a5581d6"", ""sales_value"": 1605.58, ""delivered_orders"": 17, ""seller_risk_level"": ""Lower Risk"", ""average_review_score"": 4.0588235294117647, ""on_time_delivery_rate"": 82.35}"
14,"Seller Risk",1029,"{""seller"": ""f08c008c8a8d31417763738a1788a2a8"", ""sales_value"": 1604.00, ""delivered_orders"": 20, ""seller_risk_level"": ""Lower Risk"", ""average_review_score"": 3.4210526315789474, ""on_time_delivery_rate"": 85.00}"
14,"Seller Risk",1030,"{""seller"": ""36890be00bbfc1cdb9a4a38a6af05a69"", ""sales_value"": 1600.88, ""delivered_orders"": 13, ""seller_risk_level"": ""Lower Risk"", ""average_review_score"": 4.2307692307692308, ""on_time_delivery_rate"": 76.92}"
14,"Seller Risk",1031,"{""seller"": ""adcf50477d6a1f5d91bb9d54c4903cb5"", ""sales_value"": 1597.63, ""delivered_orders"": 16, ""seller_risk_level"": ""Lower Risk"", ""average_review_score"": 3.5625000000000000, ""on_time_delivery_rate"": 81.25}"
14,"Seller Risk",1032,"{""seller"": ""6426d21aca402a131fc0a5d0960a3c90"", ""sales_value"": 1593.82, ""delivered_orders"": 23, ""seller_risk_level"": ""Lower Risk"", ""average_review_score"": 4.1739130434782609, ""on_time_delivery_rate"": 95.65}"
14,"Seller Risk",1033,"{""seller"": ""5a425cc503b39b262a847fd6212bf53b"", ""sales_value"": 1591.88, ""delivered_orders"": 14, ""seller_risk_level"": ""Lower Risk"", ""average_review_score"": 4.4615384615384615, ""on_time_delivery_rate"": 92.86}"
14,"Seller Risk",1034,"{""seller"": ""141440cad9341e553f8401c574a2aa38"", ""sales_value"": 1579.00, ""delivered_orders"": 11, ""seller_risk_level"": ""Lower Risk"", ""average_review_score"": 4.4545454545454545, ""on_time_delivery_rate"": 100.00}"
14,"Seller Risk",1035,"{""seller"": ""fe701d88b67eaca109dffd464d1be9f9"", ""sales_value"": 1578.02, ""delivered_orders"": 10, ""seller_risk_level"": ""Lower Risk"", ""average_review_score"": 4.3000000000000000, ""on_time_delivery_rate"": 90.00}"
14,"Seller Risk",1036,"{""seller"": ""431050a06a317f2b38168dec3dcd2b46"", ""sales_value"": 1576.15, ""delivered_orders"": 10, ""seller_risk_level"": ""Lower Risk"", ""average_review_score"": 4.5000000000000000, ""on_time_delivery_rate"": 100.00}"
14,"Seller Risk",1037,"{""seller"": ""25e47381a6c510ddeb36084e33b89f0c"", ""sales_value"": 1571.71, ""delivered_orders"": 16, ""seller_risk_level"": ""Lower Risk"", ""average_review_score"": 4.2500000000000000, ""on_time_delivery_rate"": 100.00}"
14,"Seller Risk",1038,"{""seller"": ""b1aaae6b66ad3c40f54b389d7ea4bee0"", ""sales_value"": 1569.24, ""delivered_orders"": 15, ""seller_risk_level"": ""Lower Risk"", ""average_review_score"": 4.4000000000000000, ""on_time_delivery_rate"": 100.00}"
14,"Seller Risk",1039,"{""seller"": ""52f9db5cfb423382a2fa5c9e39303202"", ""sales_value"": 1564.53, ""delivered_orders"": 21, ""seller_risk_level"": ""Lower Risk"", ""average_review_score"": 4.2857142857142857, ""on_time_delivery_rate"": 100.00}"
14,"Seller Risk",1040,"{""seller"": ""a13580f0e8f782b7a543885a0ef99f08"", ""sales_value"": 1563.68, ""delivered_orders"": 10, ""seller_risk_level"": ""Lower Risk"", ""average_review_score"": 4.4000000000000000, ""on_time_delivery_rate"": 80.00}"
14,"Seller Risk",1041,"{""seller"": ""093805f8f2aeb63881444571e1f48f30"", ""sales_value"": 1559.73, ""delivered_orders"": 22, ""seller_risk_level"": ""Lower Risk"", ""average_review_score"": 4.1818181818181818, ""on_time_delivery_rate"": 95.45}"
14,"Seller Risk",1042,"{""seller"": ""d101c6da914ae3d53f7bee42283f2fe2"", ""sales_value"": 1557.55, ""delivered_orders"": 13, ""seller_risk_level"": ""Lower Risk"", ""average_review_score"": 3.7142857142857143, ""on_time_delivery_rate"": 92.31}"
14,"Seller Risk",1043,"{""seller"": ""0afccdb8a34ee5c79f7c06faf2b4d56e"", ""sales_value"": 1557.09, ""delivered_orders"": 24, ""seller_risk_level"": ""Lower Risk"", ""average_review_score"": 4.0869565217391304, ""on_time_delivery_rate"": 91.67}"
14,"Seller Risk",1044,"{""seller"": ""f4a04f7be452aa3bb31760bf00055dd0"", ""sales_value"": 1553.95, ""delivered_orders"": 18, ""seller_risk_level"": ""Lower Risk"", ""average_review_score"": 4.6666666666666667, ""on_time_delivery_rate"": 94.44}"
14,"Seller Risk",1045,"{""seller"": ""2646baaf662d4d92ac48f047e35db92d"", ""sales_value"": 1549.39, ""delivered_orders"": 15, ""seller_risk_level"": ""Lower Risk"", ""average_review_score"": 4.4666666666666667, ""on_time_delivery_rate"": 86.67}"
14,"Seller Risk",1046,"{""seller"": ""7357b52d27cbaa90f81a96cbc1279396"", ""sales_value"": 1545.83, ""delivered_orders"": 12, ""seller_risk_level"": ""Lower Risk"", ""average_review_score"": 4.3333333333333333, ""on_time_delivery_rate"": 91.67}"
14,"Seller Risk",1047,"{""seller"": ""c794dab4928dd97beb41d05514441e86"", ""sales_value"": 1544.59, ""delivered_orders"": 16, ""seller_risk_level"": ""Lower Risk"", ""average_review_score"": 4.3750000000000000, ""on_time_delivery_rate"": 87.50}"
14,"Seller Risk",1048,"{""seller"": ""2d518637f53161b973e01f56ea4bb88e"", ""sales_value"": 1539.70, ""delivered_orders"": 13, ""seller_risk_level"": ""Lower Risk"", ""average_review_score"": 4.9230769230769231, ""on_time_delivery_rate"": 100.00}"
14,"Seller Risk",1049,"{""seller"": ""113e3a788b935f48aad63e1c41dac1bd"", ""sales_value"": 1533.95, ""delivered_orders"": 39, ""seller_risk_level"": ""Lower Risk"", ""average_review_score"": 4.3157894736842105, ""on_time_delivery_rate"": 94.87}"
14,"Seller Risk",1050,"{""seller"": ""8e2b3afb420011ef0c88c9d5f11ea526"", ""sales_value"": 1532.43, ""delivered_orders"": 11, ""seller_risk_level"": ""Lower Risk"", ""average_review_score"": 4.2727272727272727, ""on_time_delivery_rate"": 90.91}"
14,"Seller Risk",1051,"{""seller"": ""1caf283236cd69af44cbc09a0a1e7d32"", ""sales_value"": 1530.25, ""delivered_orders"": 33, ""seller_risk_level"": ""Lower Risk"", ""average_review_score"": 4.6060606060606061, ""on_time_delivery_rate"": 90.91}"
14,"Seller Risk",1052,"{""seller"": ""3f8034bfc6b8b4135534975d49f04c63"", ""sales_value"": 1522.93, ""delivered_orders"": 11, ""seller_risk_level"": ""Lower Risk"", ""average_review_score"": 4.0000000000000000, ""on_time_delivery_rate"": 100.00}"
14,"Seller Risk",1053,"{""seller"": ""bb135baca94c82fcb731335ad5b04a03"", ""sales_value"": 1522.68, ""delivered_orders"": 18, ""seller_risk_level"": ""Lower Risk"", ""average_review_score"": 3.0555555555555556, ""on_time_delivery_rate"": 100.00}"
14,"Seller Risk",1054,"{""seller"": ""128f9bfbe4c7d5185033914b1de3d39a"", ""sales_value"": 1519.37, ""delivered_orders"": 13, ""seller_risk_level"": ""Lower Risk"", ""average_review_score"": 4.7692307692307692, ""on_time_delivery_rate"": 92.31}"
14,"Seller Risk",1055,"{""seller"": ""c35672b10ad50968f567ea3f4b91e877"", ""sales_value"": 1515.35, ""delivered_orders"": 18, ""seller_risk_level"": ""Lower Risk"", ""average_review_score"": 4.5000000000000000, ""on_time_delivery_rate"": 94.44}"
14,"Seller Risk",1056,"{""seller"": ""4e06067cc08b3f41d837768d392c3ee3"", ""sales_value"": 1514.25, ""delivered_orders"": 31, ""seller_risk_level"": ""Lower Risk"", ""average_review_score"": 4.1290322580645161, ""on_time_delivery_rate"": 96.77}"
14,"Seller Risk",1057,"{""seller"": ""1464afc72f696af775557a821c2e253f"", ""sales_value"": 1513.78, ""delivered_orders"": 29, ""seller_risk_level"": ""Lower Risk"", ""average_review_score"": 4.2413793103448276, ""on_time_delivery_rate"": 96.55}"
14,"Seller Risk",1058,"{""seller"": ""7a425d299613df3e613bcf9d2eaf5c49"", ""sales_value"": 1505.47, ""delivered_orders"": 18, ""seller_risk_level"": ""Lower Risk"", ""average_review_score"": 4.1111111111111111, ""on_time_delivery_rate"": 94.44}"
14,"Seller Risk",1059,"{""seller"": ""da7039f29f90ce5b4846ffc0fcc93beb"", ""sales_value"": 1503.55, ""delivered_orders"": 17, ""seller_risk_level"": ""Lower Risk"", ""average_review_score"": 4.5294117647058824, ""on_time_delivery_rate"": 94.12}"
14,"Seller Risk",1060,"{""seller"": ""8629c241b3622ac12cd4118afdc8d394"", ""sales_value"": 1502.02, ""delivered_orders"": 13, ""seller_risk_level"": ""Lower Risk"", ""average_review_score"": 4.0769230769230769, ""on_time_delivery_rate"": 92.31}"
14,"Seller Risk",1061,"{""seller"": ""3092c0b297aacfb4bb6e056ebe13b9b8"", ""sales_value"": 1498.28, ""delivered_orders"": 16, ""seller_risk_level"": ""Lower Risk"", ""average_review_score"": 4.1250000000000000, ""on_time_delivery_rate"": 100.00}"
14,"Seller Risk",1062,"{""seller"": ""1dcfa3835714681d4ba4a93bc1e0fd41"", ""sales_value"": 1483.48, ""delivered_orders"": 12, ""seller_risk_level"": ""Lower Risk"", ""average_review_score"": 4.2727272727272727, ""on_time_delivery_rate"": 100.00}"
14,"Seller Risk",1063,"{""seller"": ""d1c7fa84e48cfa21a0e595167c1c500e"", ""sales_value"": 1477.38, ""delivered_orders"": 12, ""seller_risk_level"": ""Lower Risk"", ""average_review_score"": 4.3333333333333333, ""on_time_delivery_rate"": 100.00}"
14,"Seller Risk",1064,"{""seller"": ""4736e9d642ef4257cd7622516931eb51"", ""sales_value"": 1449.77, ""delivered_orders"": 16, ""seller_risk_level"": ""Lower Risk"", ""average_review_score"": 4.1764705882352941, ""on_time_delivery_rate"": 100.00}"
14,"Seller Risk",1065,"{""seller"": ""c273175f7c6c80fb02f051e2fc6d0d72"", ""sales_value"": 1443.45, ""delivered_orders"": 14, ""seller_risk_level"": ""Lower Risk"", ""average_review_score"": 3.7857142857142857, ""on_time_delivery_rate"": 92.86}"
14,"Seller Risk",1066,"{""seller"": ""325f3178fb58e2a9778334621eecdbf9"", ""sales_value"": 1433.37, ""delivered_orders"": 36, ""seller_risk_level"": ""Lower Risk"", ""average_review_score"": 4.4444444444444444, ""on_time_delivery_rate"": 100.00}"
14,"Seller Risk",1067,"{""seller"": ""3fac58ce0ad699020c7944d53c41329c"", ""sales_value"": 1427.97, ""delivered_orders"": 10, ""seller_risk_level"": ""Lower Risk"", ""average_review_score"": 4.4000000000000000, ""on_time_delivery_rate"": 80.00}"
14,"Seller Risk",1068,"{""seller"": ""334cab711dee080b079fa5779b584783"", ""sales_value"": 1421.37, ""delivered_orders"": 11, ""seller_risk_level"": ""Lower Risk"", ""average_review_score"": 4.9090909090909091, ""on_time_delivery_rate"": 100.00}"
14,"Seller Risk",1069,"{""seller"": ""cda598c48d7c614bc1cad7d8ff6f0010"", ""sales_value"": 1420.20, ""delivered_orders"": 17, ""seller_risk_level"": ""Lower Risk"", ""average_review_score"": 4.0588235294117647, ""on_time_delivery_rate"": 100.00}"
14,"Seller Risk",1070,"{""seller"": ""30a81d8cf85fb2ada1b1b094c9583a95"", ""sales_value"": 1413.52, ""delivered_orders"": 17, ""seller_risk_level"": ""Lower Risk"", ""average_review_score"": 4.8235294117647059, ""on_time_delivery_rate"": 100.00}"
14,"Seller Risk",1071,"{""seller"": ""e48cc16ab70bfa09e1401740dce0b3d7"", ""sales_value"": 1411.13, ""delivered_orders"": 14, ""seller_risk_level"": ""Lower Risk"", ""average_review_score"": 3.5714285714285714, ""on_time_delivery_rate"": 92.86}"
14,"Seller Risk",1072,"{""seller"": ""bc07d855eac23aab5ac8a120f21d16b2"", ""sales_value"": 1407.36, ""delivered_orders"": 11, ""seller_risk_level"": ""Lower Risk"", ""average_review_score"": 4.4545454545454545, ""on_time_delivery_rate"": 81.82}"
14,"Seller Risk",1073,"{""seller"": ""7ff588a03c2aeae4fbd23f9ae64b760d"", ""sales_value"": 1403.38, ""delivered_orders"": 14, ""seller_risk_level"": ""Lower Risk"", ""average_review_score"": 4.6428571428571429, ""on_time_delivery_rate"": 100.00}"
14,"Seller Risk",1074,"{""seller"": ""a425f92c199eb576938df686728acd20"", ""sales_value"": 1399.69, ""delivered_orders"": 16, ""seller_risk_level"": ""Lower Risk"", ""average_review_score"": 4.5000000000000000, ""on_time_delivery_rate"": 100.00}"
14,"Seller Risk",1075,"{""seller"": ""788e857f317e53de488d393e65a80f45"", ""sales_value"": 1394.95, ""delivered_orders"": 11, ""seller_risk_level"": ""Lower Risk"", ""average_review_score"": 4.9090909090909091, ""on_time_delivery_rate"": 100.00}"
14,"Seller Risk",1076,"{""seller"": ""b55638ad525e906c698fa2ce742c1742"", ""sales_value"": 1385.67, ""delivered_orders"": 11, ""seller_risk_level"": ""Lower Risk"", ""average_review_score"": 4.1818181818181818, ""on_time_delivery_rate"": 81.82}"
14,"Seller Risk",1077,"{""seller"": ""4324dd16853115efb0fd9d0d131ba6f4"", ""sales_value"": 1379.47, ""delivered_orders"": 12, ""seller_risk_level"": ""Lower Risk"", ""average_review_score"": 4.0833333333333333, ""on_time_delivery_rate"": 91.67}"
14,"Seller Risk",1078,"{""seller"": ""8fdca8e349553f99bc738833a62c8802"", ""sales_value"": 1370.22, ""delivered_orders"": 22, ""seller_risk_level"": ""Lower Risk"", ""average_review_score"": 4.1904761904761905, ""on_time_delivery_rate"": 95.45}"
14,"Seller Risk",1079,"{""seller"": ""d4910f1cdcfdabd48d6b316e395d4a23"", ""sales_value"": 1361.92, ""delivered_orders"": 11, ""seller_risk_level"": ""Lower Risk"", ""average_review_score"": 4.9090909090909091, ""on_time_delivery_rate"": 90.91}"
14,"Seller Risk",1080,"{""seller"": ""5f26c1408a65b42a7224cd463bdf3292"", ""sales_value"": 1357.09, ""delivered_orders"": 10, ""seller_risk_level"": ""Lower Risk"", ""average_review_score"": 4.8000000000000000, ""on_time_delivery_rate"": 100.00}"
14,"Seller Risk",1081,"{""seller"": ""d1b9d4be4b6f9ebd85f8acd6745ba612"", ""sales_value"": 1348.53, ""delivered_orders"": 11, ""seller_risk_level"": ""Lower Risk"", ""average_review_score"": 4.1818181818181818, ""on_time_delivery_rate"": 100.00}"
14,"Seller Risk",1082,"{""seller"": ""04e38a233f726ef161074ab1c9b0399a"", ""sales_value"": 1347.27, ""delivered_orders"": 19, ""seller_risk_level"": ""Lower Risk"", ""average_review_score"": 4.1052631578947368, ""on_time_delivery_rate"": 84.21}"
14,"Seller Risk",1083,"{""seller"": ""a066df7361163e7ddc5d7452dd17448b"", ""sales_value"": 1344.62, ""delivered_orders"": 15, ""seller_risk_level"": ""Lower Risk"", ""average_review_score"": 4.4000000000000000, ""on_time_delivery_rate"": 80.00}"
14,"Seller Risk",1084,"{""seller"": ""5b2e94f2c22b39ccc24d34ad0f669672"", ""sales_value"": 1340.14, ""delivered_orders"": 10, ""seller_risk_level"": ""Lower Risk"", ""average_review_score"": 4.9000000000000000, ""on_time_delivery_rate"": 90.00}"
14,"Seller Risk",1085,"{""seller"": ""ecccfa2bb93b34a3bf033cc5d1dcdc69"", ""sales_value"": 1333.32, ""delivered_orders"": 12, ""seller_risk_level"": ""Lower Risk"", ""average_review_score"": 2.8333333333333333, ""on_time_delivery_rate"": 83.33}"
14,"Seller Risk",1086,"{""seller"": ""9d7a1d34a5052409006425275ba1c2b4"", ""sales_value"": 1331.87, ""delivered_orders"": 13, ""seller_risk_level"": ""Lower Risk"", ""average_review_score"": 4.3846153846153846, ""on_time_delivery_rate"": 92.31}"
14,"Seller Risk",1087,"{""seller"": ""e504a4e2efaa45cbff7e268a2c58c956"", ""sales_value"": 1329.70, ""delivered_orders"": 10, ""seller_risk_level"": ""Lower Risk"", ""average_review_score"": 3.8000000000000000, ""on_time_delivery_rate"": 70.00}"
14,"Seller Risk",1088,"{""seller"": ""abc015ebac1d283a323ca9db35ede4b9"", ""sales_value"": 1329.65, ""delivered_orders"": 12, ""seller_risk_level"": ""Lower Risk"", ""average_review_score"": 4.4166666666666667, ""on_time_delivery_rate"": 100.00}"
14,"Seller Risk",1089,"{""seller"": ""00720abe85ba0859807595bbf045a33b"", ""sales_value"": 1323.48, ""delivered_orders"": 13, ""seller_risk_level"": ""Lower Risk"", ""average_review_score"": 3.6153846153846154, ""on_time_delivery_rate"": 84.62}"
14,"Seller Risk",1090,"{""seller"": ""5b07547f10dd980738a1a27f685af669"", ""sales_value"": 1320.07, ""delivered_orders"": 13, ""seller_risk_level"": ""Lower Risk"", ""average_review_score"": 4.4615384615384615, ""on_time_delivery_rate"": 84.62}"
14,"Seller Risk",1091,"{""seller"": ""89f69225956f951295ca4c7fb1266553"", ""sales_value"": 1318.71, ""delivered_orders"": 11, ""seller_risk_level"": ""Lower Risk"", ""average_review_score"": 4.2727272727272727, ""on_time_delivery_rate"": 90.91}"
14,"Seller Risk",1092,"{""seller"": ""76ea5315acb3f5f7ade3cd261faf922a"", ""sales_value"": 1311.08, ""delivered_orders"": 15, ""seller_risk_level"": ""Lower Risk"", ""average_review_score"": 4.2666666666666667, ""on_time_delivery_rate"": 93.33}"
14,"Seller Risk",1093,"{""seller"": ""bc47d5d1490df2b36add65d733eafaba"", ""sales_value"": 1301.86, ""delivered_orders"": 21, ""seller_risk_level"": ""Lower Risk"", ""average_review_score"": 3.5238095238095238, ""on_time_delivery_rate"": 90.48}"
14,"Seller Risk",1094,"{""seller"": ""4ebdc7e6cd6102a022dadc49156d4ea8"", ""sales_value"": 1297.90, ""delivered_orders"": 29, ""seller_risk_level"": ""Lower Risk"", ""average_review_score"": 3.8333333333333333, ""on_time_delivery_rate"": 96.55}"
14,"Seller Risk",1095,"{""seller"": ""b5e3e38609125694d2ea2417522a60b7"", ""sales_value"": 1296.18, ""delivered_orders"": 16, ""seller_risk_level"": ""Lower Risk"", ""average_review_score"": 4.3125000000000000, ""on_time_delivery_rate"": 75.00}"
14,"Seller Risk",1096,"{""seller"": ""7c5b05cbdb5542049f38d90d7815b97d"", ""sales_value"": 1292.89, ""delivered_orders"": 21, ""seller_risk_level"": ""Lower Risk"", ""average_review_score"": 4.5238095238095238, ""on_time_delivery_rate"": 95.24}"
14,"Seller Risk",1097,"{""seller"": ""1cbd32d00d01bb8087a5eb088612fd9c"", ""sales_value"": 1289.53, ""delivered_orders"": 11, ""seller_risk_level"": ""Lower Risk"", ""average_review_score"": 4.1818181818181818, ""on_time_delivery_rate"": 90.91}"
14,"Seller Risk",1098,"{""seller"": ""3dbbce181edfaa4a597ec858c382d2ec"", ""sales_value"": 1288.57, ""delivered_orders"": 17, ""seller_risk_level"": ""Lower Risk"", ""average_review_score"": 4.2352941176470588, ""on_time_delivery_rate"": 88.24}"
14,"Seller Risk",1099,"{""seller"": ""4a1f694197d05fe70026b016a7316b41"", ""sales_value"": 1278.75, ""delivered_orders"": 14, ""seller_risk_level"": ""Lower Risk"", ""average_review_score"": 4.5714285714285714, ""on_time_delivery_rate"": 92.86}"
14,"Seller Risk",1100,"{""seller"": ""ef2fbc2b607d8492bcffe657a4645434"", ""sales_value"": 1274.51, ""delivered_orders"": 19, ""seller_risk_level"": ""Lower Risk"", ""average_review_score"": 4.0000000000000000, ""on_time_delivery_rate"": 89.47}"
14,"Seller Risk",1101,"{""seller"": ""e84ad2127668df3aafc6b73531a0beb8"", ""sales_value"": 1273.73, ""delivered_orders"": 19, ""seller_risk_level"": ""Lower Risk"", ""average_review_score"": 4.3684210526315789, ""on_time_delivery_rate"": 94.74}"
14,"Seller Risk",1102,"{""seller"": ""980640c45d7a4635885491d077167e4d"", ""sales_value"": 1246.66, ""delivered_orders"": 14, ""seller_risk_level"": ""Lower Risk"", ""average_review_score"": 4.6428571428571429, ""on_time_delivery_rate"": 92.86}"
14,"Seller Risk",1103,"{""seller"": ""226b05fe067266c59c15dae208213d06"", ""sales_value"": 1245.58, ""delivered_orders"": 10, ""seller_risk_level"": ""Lower Risk"", ""average_review_score"": 4.5000000000000000, ""on_time_delivery_rate"": 100.00}"
14,"Seller Risk",1104,"{""seller"": ""83645b1645cdee8953ee54c29ceed564"", ""sales_value"": 1245.10, ""delivered_orders"": 14, ""seller_risk_level"": ""Lower Risk"", ""average_review_score"": 4.4285714285714286, ""on_time_delivery_rate"": 100.00}"
14,"Seller Risk",1105,"{""seller"": ""26785a546900236d66f2e4197c211158"", ""sales_value"": 1244.65, ""delivered_orders"": 15, ""seller_risk_level"": ""Lower Risk"", ""average_review_score"": 4.6666666666666667, ""on_time_delivery_rate"": 100.00}"
14,"Seller Risk",1106,"{""seller"": ""41da412d33e8da4f22baf55cb1bde82c"", ""sales_value"": 1237.06, ""delivered_orders"": 15, ""seller_risk_level"": ""Lower Risk"", ""average_review_score"": 4.6666666666666667, ""on_time_delivery_rate"": 100.00}"
14,"Seller Risk",1107,"{""seller"": ""5b664594895aefb418afaee6d40a9a23"", ""sales_value"": 1235.18, ""delivered_orders"": 16, ""seller_risk_level"": ""Lower Risk"", ""average_review_score"": 3.9375000000000000, ""on_time_delivery_rate"": 100.00}"
14,"Seller Risk",1108,"{""seller"": ""343e716476e3748b069f980efbaa294e"", ""sales_value"": 1234.70, ""delivered_orders"": 17, ""seller_risk_level"": ""Lower Risk"", ""average_review_score"": 4.3125000000000000, ""on_time_delivery_rate"": 88.24}"
14,"Seller Risk",1109,"{""seller"": ""6a8a889bde935bafa76d7848782dfaf9"", ""sales_value"": 1228.62, ""delivered_orders"": 26, ""seller_risk_level"": ""Lower Risk"", ""average_review_score"": 4.0384615384615385, ""on_time_delivery_rate"": 92.31}"
14,"Seller Risk",1110,"{""seller"": ""fb3cfbc8a86f5d7fbb4d36b8df63f60d"", ""sales_value"": 1225.06, ""delivered_orders"": 10, ""seller_risk_level"": ""Lower Risk"", ""average_review_score"": 4.2000000000000000, ""on_time_delivery_rate"": 100.00}"
14,"Seller Risk",1111,"{""seller"": ""5011f0d93373a4c5753adf58ca77af8d"", ""sales_value"": 1223.19, ""delivered_orders"": 11, ""seller_risk_level"": ""Lower Risk"", ""average_review_score"": 4.0909090909090909, ""on_time_delivery_rate"": 90.91}"
14,"Seller Risk",1112,"{""seller"": ""596849622429351f47b32e6cae1055ff"", ""sales_value"": 1222.90, ""delivered_orders"": 13, ""seller_risk_level"": ""Lower Risk"", ""average_review_score"": 4.0833333333333333, ""on_time_delivery_rate"": 100.00}"
14,"Seller Risk",1113,"{""seller"": ""4200ddf1967c5e41e48db62bc6d4b5ac"", ""sales_value"": 1222.73, ""delivered_orders"": 22, ""seller_risk_level"": ""Lower Risk"", ""average_review_score"": 4.2631578947368421, ""on_time_delivery_rate"": 95.45}"
14,"Seller Risk",1114,"{""seller"": ""08d2d642cf72b622b14dde1d2f5eb2f5"", ""sales_value"": 1215.16, ""delivered_orders"": 16, ""seller_risk_level"": ""Lower Risk"", ""average_review_score"": 4.2941176470588235, ""on_time_delivery_rate"": 81.25}"
14,"Seller Risk",1115,"{""seller"": ""18e694e0e48ed6f7aa3f24aade5fd697"", ""sales_value"": 1205.77, ""delivered_orders"": 31, ""seller_risk_level"": ""Lower Risk"", ""average_review_score"": 4.6774193548387097, ""on_time_delivery_rate"": 96.77}"
14,"Seller Risk",1116,"{""seller"": ""2d42ebcda99fd55f6f4bc2f1ca035d50"", ""sales_value"": 1203.97, ""delivered_orders"": 10, ""seller_risk_level"": ""Lower Risk"", ""average_review_score"": 4.3000000000000000, ""on_time_delivery_rate"": 100.00}"
14,"Seller Risk",1117,"{""seller"": ""10076e5788b8ee532724bcd460baf762"", ""sales_value"": 1198.78, ""delivered_orders"": 23, ""seller_risk_level"": ""Lower Risk"", ""average_review_score"": 4.5652173913043478, ""on_time_delivery_rate"": 95.65}"
14,"Seller Risk",1118,"{""seller"": ""bf00385a5f7fc1ef39a13c2e9ee50a5f"", ""sales_value"": 1189.25, ""delivered_orders"": 28, ""seller_risk_level"": ""Lower Risk"", ""average_review_score"": 4.4285714285714286, ""on_time_delivery_rate"": 100.00}"
14,"Seller Risk",1119,"{""seller"": ""28f10b1c5e5abb9d4857745bede6147c"", ""sales_value"": 1185.42, ""delivered_orders"": 28, ""seller_risk_level"": ""Lower Risk"", ""average_review_score"": 4.0000000000000000, ""on_time_delivery_rate"": 78.57}"
14,"Seller Risk",1120,"{""seller"": ""51e4e89242cbb846c2deff3dc015650e"", ""sales_value"": 1175.75, ""delivered_orders"": 16, ""seller_risk_level"": ""Lower Risk"", ""average_review_score"": 4.6250000000000000, ""on_time_delivery_rate"": 100.00}"
14,"Seller Risk",1121,"{""seller"": ""d66c11a9572221d92fbb8c4897db5f9b"", ""sales_value"": 1164.38, ""delivered_orders"": 16, ""seller_risk_level"": ""Lower Risk"", ""average_review_score"": 4.5625000000000000, ""on_time_delivery_rate"": 100.00}"
14,"Seller Risk",1122,"{""seller"": ""82cb9f452fe8334df74b22d37824b431"", ""sales_value"": 1155.26, ""delivered_orders"": 14, ""seller_risk_level"": ""Lower Risk"", ""average_review_score"": 4.7142857142857143, ""on_time_delivery_rate"": 100.00}"
14,"Seller Risk",1123,"{""seller"": ""db46ca7bce82b11f7e247539271fc390"", ""sales_value"": 1149.86, ""delivered_orders"": 16, ""seller_risk_level"": ""Lower Risk"", ""average_review_score"": 4.5625000000000000, ""on_time_delivery_rate"": 100.00}"
14,"Seller Risk",1124,"{""seller"": ""e1dc0754bada9ee4cfe9713f22f61292"", ""sales_value"": 1149.78, ""delivered_orders"": 12, ""seller_risk_level"": ""Lower Risk"", ""average_review_score"": 3.8333333333333333, ""on_time_delivery_rate"": 100.00}"
14,"Seller Risk",1125,"{""seller"": ""f8201cab383e484733266d1906e2fdfa"", ""sales_value"": 1144.83, ""delivered_orders"": 10, ""seller_risk_level"": ""Lower Risk"", ""average_review_score"": 4.1000000000000000, ""on_time_delivery_rate"": 80.00}"
14,"Seller Risk",1126,"{""seller"": ""70849ca4f400aaabb62cb7462a6f1428"", ""sales_value"": 1143.24, ""delivered_orders"": 12, ""seller_risk_level"": ""Lower Risk"", ""average_review_score"": 4.4166666666666667, ""on_time_delivery_rate"": 83.33}"
14,"Seller Risk",1127,"{""seller"": ""c4fabeea6e569d42d02993bb1f4f1cbc"", ""sales_value"": 1136.52, ""delivered_orders"": 11, ""seller_risk_level"": ""Lower Risk"", ""average_review_score"": 4.0000000000000000, ""on_time_delivery_rate"": 90.91}"
14,"Seller Risk",1128,"{""seller"": ""33cbbec1e7e1044aaf11d152172c776f"", ""sales_value"": 1129.50, ""delivered_orders"": 15, ""seller_risk_level"": ""Lower Risk"", ""average_review_score"": 4.7333333333333333, ""on_time_delivery_rate"": 100.00}"
14,"Seller Risk",1129,"{""seller"": ""e21a1e8be4715b0fcfd5385643bc49c4"", ""sales_value"": 1128.21, ""delivered_orders"": 20, ""seller_risk_level"": ""Lower Risk"", ""average_review_score"": 3.7000000000000000, ""on_time_delivery_rate"": 100.00}"
14,"Seller Risk",1130,"{""seller"": ""9c690ceacd5c66731bf443ea810195cb"", ""sales_value"": 1121.02, ""delivered_orders"": 10, ""seller_risk_level"": ""Lower Risk"", ""average_review_score"": 4.3000000000000000, ""on_time_delivery_rate"": 100.00}"
14,"Seller Risk",1131,"{""seller"": ""d9442042130b7fe579d1295f9f4a248f"", ""sales_value"": 1111.04, ""delivered_orders"": 19, ""seller_risk_level"": ""Lower Risk"", ""average_review_score"": 4.3684210526315789, ""on_time_delivery_rate"": 94.74}"
14,"Seller Risk",1132,"{""seller"": ""557f22c76691849db52d2abccf0015d0"", ""sales_value"": 1108.54, ""delivered_orders"": 12, ""seller_risk_level"": ""Lower Risk"", ""average_review_score"": 3.2727272727272727, ""on_time_delivery_rate"": 100.00}"
14,"Seller Risk",1133,"{""seller"": ""670a9dda115b5a88b18cfadee8de2332"", ""sales_value"": 1101.99, ""delivered_orders"": 11, ""seller_risk_level"": ""Lower Risk"", ""average_review_score"": 4.4545454545454545, ""on_time_delivery_rate"": 100.00}"
14,"Seller Risk",1134,"{""seller"": ""f0e103c63864d5405b958d984b6e94c9"", ""sales_value"": 1101.41, ""delivered_orders"": 11, ""seller_risk_level"": ""Lower Risk"", ""average_review_score"": 4.7272727272727273, ""on_time_delivery_rate"": 100.00}"
14,"Seller Risk",1135,"{""seller"": ""ffad1e7127fb622cb64a900751590acd"", ""sales_value"": 1090.83, ""delivered_orders"": 10, ""seller_risk_level"": ""Lower Risk"", ""average_review_score"": 4.8000000000000000, ""on_time_delivery_rate"": 100.00}"
14,"Seller Risk",1136,"{""seller"": ""8602a61d680a10a82cceeeda0d99ea3d"", ""sales_value"": 1079.90, ""delivered_orders"": 17, ""seller_risk_level"": ""Lower Risk"", ""average_review_score"": 4.4117647058823529, ""on_time_delivery_rate"": 94.12}"
14,"Seller Risk",1137,"{""seller"": ""5a05a16bb50629ee31afab8a6d4c2674"", ""sales_value"": 1075.48, ""delivered_orders"": 14, ""seller_risk_level"": ""Lower Risk"", ""average_review_score"": 4.2142857142857143, ""on_time_delivery_rate"": 92.86}"
14,"Seller Risk",1138,"{""seller"": ""c37b2059d4f90d4feead554e5246565e"", ""sales_value"": 1061.28, ""delivered_orders"": 12, ""seller_risk_level"": ""Lower Risk"", ""average_review_score"": 3.3333333333333333, ""on_time_delivery_rate"": 75.00}"
14,"Seller Risk",1139,"{""seller"": ""9d681c7e12db302cb261e721040dde65"", ""sales_value"": 1058.68, ""delivered_orders"": 13, ""seller_risk_level"": ""Lower Risk"", ""average_review_score"": 4.9230769230769231, ""on_time_delivery_rate"": 100.00}"
14,"Seller Risk",1140,"{""seller"": ""e3a386fc36e22064434e1fa256f6a9fa"", ""sales_value"": 1047.15, ""delivered_orders"": 16, ""seller_risk_level"": ""Lower Risk"", ""average_review_score"": 4.1875000000000000, ""on_time_delivery_rate"": 81.25}"
14,"Seller Risk",1141,"{""seller"": ""caa9bc43a9fe8cf9c564ddd8a03cc4a6"", ""sales_value"": 1037.74, ""delivered_orders"": 13, ""seller_risk_level"": ""Lower Risk"", ""average_review_score"": 4.6666666666666667, ""on_time_delivery_rate"": 92.31}"
14,"Seller Risk",1142,"{""seller"": ""3d5d0dc7073a299e31fa718ce1bc00b6"", ""sales_value"": 1027.12, ""delivered_orders"": 21, ""seller_risk_level"": ""Lower Risk"", ""average_review_score"": 4.4285714285714286, ""on_time_delivery_rate"": 90.48}"
14,"Seller Risk",1143,"{""seller"": ""0ff83046c3fa22efee8ecf291888b191"", ""sales_value"": 1023.38, ""delivered_orders"": 10, ""seller_risk_level"": ""Lower Risk"", ""average_review_score"": 4.8000000000000000, ""on_time_delivery_rate"": 100.00}"
14,"Seller Risk",1144,"{""seller"": ""63a79f5a7eb5cb48a7e5787b141c7993"", ""sales_value"": 1015.93, ""delivered_orders"": 11, ""seller_risk_level"": ""Lower Risk"", ""average_review_score"": 4.5454545454545455, ""on_time_delivery_rate"": 100.00}"
14,"Seller Risk",1145,"{""seller"": ""cac63f48c38cd7d002a7e846dcd99a23"", ""sales_value"": 1014.62, ""delivered_orders"": 10, ""seller_risk_level"": ""Lower Risk"", ""average_review_score"": 4.8181818181818182, ""on_time_delivery_rate"": 100.00}"
14,"Seller Risk",1146,"{""seller"": ""cb6c9f5888a7a090c75beaf615925792"", ""sales_value"": 1008.97, ""delivered_orders"": 11, ""seller_risk_level"": ""Lower Risk"", ""average_review_score"": 3.8181818181818182, ""on_time_delivery_rate"": 90.91}"
14,"Seller Risk",1147,"{""seller"": ""c6a7539d424a8402232c2228d7a03c5e"", ""sales_value"": 1001.32, ""delivered_orders"": 10, ""seller_risk_level"": ""Lower Risk"", ""average_review_score"": 3.1000000000000000, ""on_time_delivery_rate"": 90.00}"
14,"Seller Risk",1148,"{""seller"": ""d4f117125b59ce73c3302f88ee40c458"", ""sales_value"": 998.61, ""delivered_orders"": 17, ""seller_risk_level"": ""Lower Risk"", ""average_review_score"": 4.8235294117647059, ""on_time_delivery_rate"": 100.00}"
14,"Seller Risk",1149,"{""seller"": ""d9e7e7778b32987280a6f2cb9a39c57d"", ""sales_value"": 986.39, ""delivered_orders"": 11, ""seller_risk_level"": ""Lower Risk"", ""average_review_score"": 3.5454545454545455, ""on_time_delivery_rate"": 63.64}"
14,"Seller Risk",1150,"{""seller"": ""6f83d9e4da896daae20b9b6b2d3ff8d2"", ""sales_value"": 985.04, ""delivered_orders"": 11, ""seller_risk_level"": ""Lower Risk"", ""average_review_score"": 4.3636363636363636, ""on_time_delivery_rate"": 100.00}"
14,"Seller Risk",1151,"{""seller"": ""da6a60cc8cc724fe51be021ff8be779c"", ""sales_value"": 984.58, ""delivered_orders"": 12, ""seller_risk_level"": ""Lower Risk"", ""average_review_score"": 4.7500000000000000, ""on_time_delivery_rate"": 100.00}"
14,"Seller Risk",1152,"{""seller"": ""39c763cca83e654764b7a4a650fb9b7c"", ""sales_value"": 984.21, ""delivered_orders"": 11, ""seller_risk_level"": ""Lower Risk"", ""average_review_score"": 3.8181818181818182, ""on_time_delivery_rate"": 81.82}"
14,"Seller Risk",1153,"{""seller"": ""808d4348b916efa08e766ebad39f61eb"", ""sales_value"": 981.54, ""delivered_orders"": 20, ""seller_risk_level"": ""Lower Risk"", ""average_review_score"": 4.6000000000000000, ""on_time_delivery_rate"": 95.00}"
14,"Seller Risk",1154,"{""seller"": ""41c2bad7229b0c25e6becf179ebf63ff"", ""sales_value"": 971.92, ""delivered_orders"": 20, ""seller_risk_level"": ""Lower Risk"", ""average_review_score"": 4.9500000000000000, ""on_time_delivery_rate"": 100.00}"
14,"Seller Risk",1155,"{""seller"": ""c89cf7c468a48af70aada384e722f9e2"", ""sales_value"": 971.01, ""delivered_orders"": 14, ""seller_risk_level"": ""Lower Risk"", ""average_review_score"": 4.0000000000000000, ""on_time_delivery_rate"": 92.86}"
14,"Seller Risk",1156,"{""seller"": ""562f8cfc51f265411f487d07e9c40e7f"", ""sales_value"": 966.25, ""delivered_orders"": 13, ""seller_risk_level"": ""Lower Risk"", ""average_review_score"": 4.5384615384615385, ""on_time_delivery_rate"": 84.62}"
14,"Seller Risk",1157,"{""seller"": ""68f86ba270525243e68ae74044f992b9"", ""sales_value"": 964.20, ""delivered_orders"": 10, ""seller_risk_level"": ""Lower Risk"", ""average_review_score"": 4.5000000000000000, ""on_time_delivery_rate"": 90.00}"
14,"Seller Risk",1158,"{""seller"": ""b2c97074649f92197d9387d9033dda5f"", ""sales_value"": 964.08, ""delivered_orders"": 10, ""seller_risk_level"": ""Lower Risk"", ""average_review_score"": 4.7000000000000000, ""on_time_delivery_rate"": 90.00}"
14,"Seller Risk",1159,"{""seller"": ""87d3c3aeb3ead335511b3ce315eb341e"", ""sales_value"": 963.06, ""delivered_orders"": 15, ""seller_risk_level"": ""Lower Risk"", ""average_review_score"": 3.5000000000000000, ""on_time_delivery_rate"": 93.33}"
14,"Seller Risk",1160,"{""seller"": ""ba5daa4041e1f15cdf34b76e3e18a450"", ""sales_value"": 959.35, ""delivered_orders"": 15, ""seller_risk_level"": ""Lower Risk"", ""average_review_score"": 4.2666666666666667, ""on_time_delivery_rate"": 100.00}"
14,"Seller Risk",1161,"{""seller"": ""6d22a1fcebb6dd08c9cd90b92a93e8d0"", ""sales_value"": 946.43, ""delivered_orders"": 12, ""seller_risk_level"": ""Lower Risk"", ""average_review_score"": 4.2500000000000000, ""on_time_delivery_rate"": 100.00}"
14,"Seller Risk",1162,"{""seller"": ""0d33a55da925bbf1ff02af5f6059fc7f"", ""sales_value"": 932.91, ""delivered_orders"": 22, ""seller_risk_level"": ""Lower Risk"", ""average_review_score"": 4.4782608695652174, ""on_time_delivery_rate"": 95.45}"
14,"Seller Risk",1163,"{""seller"": ""5a413ade68e8f8d93071a7f52a64cb9e"", ""sales_value"": 932.67, ""delivered_orders"": 14, ""seller_risk_level"": ""Lower Risk"", ""average_review_score"": 4.6428571428571429, ""on_time_delivery_rate"": 85.71}"
14,"Seller Risk",1164,"{""seller"": ""6e864f5c4669eff3d98140a07cc50202"", ""sales_value"": 932.36, ""delivered_orders"": 13, ""seller_risk_level"": ""Lower Risk"", ""average_review_score"": 4.4615384615384615, ""on_time_delivery_rate"": 92.31}"
14,"Seller Risk",1165,"{""seller"": ""59cea8e446d3834393058e7e0666b6fb"", ""sales_value"": 901.14, ""delivered_orders"": 10, ""seller_risk_level"": ""Lower Risk"", ""average_review_score"": 4.6000000000000000, ""on_time_delivery_rate"": 100.00}"
14,"Seller Risk",1166,"{""seller"": ""b16d3dadc47d4eb18be3d88bad0775ce"", ""sales_value"": 900.54, ""delivered_orders"": 10, ""seller_risk_level"": ""Lower Risk"", ""average_review_score"": 4.3000000000000000, ""on_time_delivery_rate"": 90.00}"
14,"Seller Risk",1167,"{""seller"": ""1430239a858e7682bbc43b20758af153"", ""sales_value"": 888.64, ""delivered_orders"": 17, ""seller_risk_level"": ""Lower Risk"", ""average_review_score"": 4.1764705882352941, ""on_time_delivery_rate"": 100.00}"
14,"Seller Risk",1168,"{""seller"": ""f435898e493ba0356019a0b1cb8b55b1"", ""sales_value"": 880.68, ""delivered_orders"": 10, ""seller_risk_level"": ""Lower Risk"", ""average_review_score"": 4.4000000000000000, ""on_time_delivery_rate"": 100.00}"
14,"Seller Risk",1169,"{""seller"": ""cd3d09fbe6e3e9ff0c0ac0c300e93ae7"", ""sales_value"": 880.23, ""delivered_orders"": 12, ""seller_risk_level"": ""Lower Risk"", ""average_review_score"": 4.1666666666666667, ""on_time_delivery_rate"": 91.67}"
14,"Seller Risk",1170,"{""seller"": ""014d9a685fd57276679edd00e07089e5"", ""sales_value"": 876.81, ""delivered_orders"": 11, ""seller_risk_level"": ""Lower Risk"", ""average_review_score"": 3.7272727272727273, ""on_time_delivery_rate"": 100.00}"
14,"Seller Risk",1171,"{""seller"": ""aac51c486b672a9850d59f3e84b1cf88"", ""sales_value"": 859.57, ""delivered_orders"": 10, ""seller_risk_level"": ""Lower Risk"", ""average_review_score"": 4.8000000000000000, ""on_time_delivery_rate"": 100.00}"
14,"Seller Risk",1172,"{""seller"": ""6b15924333bd1a741595fe981ea04822"", ""sales_value"": 854.46, ""delivered_orders"": 21, ""seller_risk_level"": ""Lower Risk"", ""average_review_score"": 4.6666666666666667, ""on_time_delivery_rate"": 90.48}"
14,"Seller Risk",1173,"{""seller"": ""89a51f50b8095ea78d5768f34c13a76f"", ""sales_value"": 854.26, ""delivered_orders"": 10, ""seller_risk_level"": ""Lower Risk"", ""average_review_score"": 4.7000000000000000, ""on_time_delivery_rate"": 100.00}"
14,"Seller Risk",1174,"{""seller"": ""3969863bb8af7f72580b3b1ffd3a17b3"", ""sales_value"": 850.02, ""delivered_orders"": 12, ""seller_risk_level"": ""Lower Risk"", ""average_review_score"": 4.0833333333333333, ""on_time_delivery_rate"": 100.00}"
14,"Seller Risk",1175,"{""seller"": ""be8e909810184b9b19e886129149d8e5"", ""sales_value"": 846.08, ""delivered_orders"": 15, ""seller_risk_level"": ""Lower Risk"", ""average_review_score"": 3.7333333333333333, ""on_time_delivery_rate"": 80.00}"
14,"Seller Risk",1176,"{""seller"": ""a2deecd5398f5df4987110c80a1972a3"", ""sales_value"": 845.80, ""delivered_orders"": 13, ""seller_risk_level"": ""Lower Risk"", ""average_review_score"": 4.2857142857142857, ""on_time_delivery_rate"": 100.00}"
14,"Seller Risk",1177,"{""seller"": ""236585a4ddb5fea9fa40233e2249ed91"", ""sales_value"": 837.67, ""delivered_orders"": 11, ""seller_risk_level"": ""Lower Risk"", ""average_review_score"": 4.0909090909090909, ""on_time_delivery_rate"": 90.91}"
14,"Seller Risk",1178,"{""seller"": ""851773c885feb5e2da3b4f82bc2b17ce"", ""sales_value"": 837.13, ""delivered_orders"": 10, ""seller_risk_level"": ""Lower Risk"", ""average_review_score"": 4.2000000000000000, ""on_time_delivery_rate"": 80.00}"
14,"Seller Risk",1179,"{""seller"": ""5f7300535881cef3b625fd683cf7d145"", ""sales_value"": 836.83, ""delivered_orders"": 10, ""seller_risk_level"": ""Lower Risk"", ""average_review_score"": 4.4000000000000000, ""on_time_delivery_rate"": 100.00}"
14,"Seller Risk",1180,"{""seller"": ""ad273c9eb54ecb4532de4bf75bae9e4e"", ""sales_value"": 829.75, ""delivered_orders"": 10, ""seller_risk_level"": ""Lower Risk"", ""average_review_score"": 4.1000000000000000, ""on_time_delivery_rate"": 100.00}"
14,"Seller Risk",1181,"{""seller"": ""bd1d49a326abfa9b1036772e40445430"", ""sales_value"": 826.20, ""delivered_orders"": 12, ""seller_risk_level"": ""Lower Risk"", ""average_review_score"": 4.0833333333333333, ""on_time_delivery_rate"": 91.67}"
14,"Seller Risk",1182,"{""seller"": ""5ef131ac72773e5b3f6c0d63cf424657"", ""sales_value"": 821.99, ""delivered_orders"": 10, ""seller_risk_level"": ""Lower Risk"", ""average_review_score"": 4.1000000000000000, ""on_time_delivery_rate"": 100.00}"
14,"Seller Risk",1183,"{""seller"": ""ed8cb7b190ceb6067227478e48cf8dde"", ""sales_value"": 816.21, ""delivered_orders"": 15, ""seller_risk_level"": ""Lower Risk"", ""average_review_score"": 3.4000000000000000, ""on_time_delivery_rate"": 93.33}"
14,"Seller Risk",1184,"{""seller"": ""0a85ebe4e328db81ac9109781205e2f7"", ""sales_value"": 805.65, ""delivered_orders"": 12, ""seller_risk_level"": ""Lower Risk"", ""average_review_score"": 4.5833333333333333, ""on_time_delivery_rate"": 91.67}"
14,"Seller Risk",1185,"{""seller"": ""638cba8be1fb599bbb76fd6948351eb3"", ""sales_value"": 803.67, ""delivered_orders"": 16, ""seller_risk_level"": ""Lower Risk"", ""average_review_score"": 4.7058823529411765, ""on_time_delivery_rate"": 100.00}"
14,"Seller Risk",1186,"{""seller"": ""179d859f51292aac5c10806a356f7af9"", ""sales_value"": 800.27, ""delivered_orders"": 18, ""seller_risk_level"": ""Lower Risk"", ""average_review_score"": 4.3888888888888889, ""on_time_delivery_rate"": 83.33}"
14,"Seller Risk",1187,"{""seller"": ""2059c39f76271d4ca3f15b5ffaccc8b8"", ""sales_value"": 791.29, ""delivered_orders"": 12, ""seller_risk_level"": ""Lower Risk"", ""average_review_score"": 4.5000000000000000, ""on_time_delivery_rate"": 100.00}"
14,"Seller Risk",1188,"{""seller"": ""1d29dfba02015238dfbe2449a5eaa361"", ""sales_value"": 789.92, ""delivered_orders"": 12, ""seller_risk_level"": ""Lower Risk"", ""average_review_score"": 4.5000000000000000, ""on_time_delivery_rate"": 91.67}"
14,"Seller Risk",1189,"{""seller"": ""e6a69c4a27dfdd98ffe5aa757ad744bc"", ""sales_value"": 784.34, ""delivered_orders"": 21, ""seller_risk_level"": ""Lower Risk"", ""average_review_score"": 4.2857142857142857, ""on_time_delivery_rate"": 100.00}"
14,"Seller Risk",1190,"{""seller"": ""2aa3443d7bf9d9bb11133f420d75e083"", ""sales_value"": 781.12, ""delivered_orders"": 10, ""seller_risk_level"": ""Lower Risk"", ""average_review_score"": 3.0000000000000000, ""on_time_delivery_rate"": 80.00}"
14,"Seller Risk",1191,"{""seller"": ""b64d51f0435e884e8de603b1655155ae"", ""sales_value"": 773.54, ""delivered_orders"": 17, ""seller_risk_level"": ""Lower Risk"", ""average_review_score"": 4.2941176470588235, ""on_time_delivery_rate"": 82.35}"
14,"Seller Risk",1192,"{""seller"": ""26af45f5dfd967225a832838aa4e24a3"", ""sales_value"": 771.61, ""delivered_orders"": 10, ""seller_risk_level"": ""Lower Risk"", ""average_review_score"": 4.1000000000000000, ""on_time_delivery_rate"": 100.00}"
14,"Seller Risk",1193,"{""seller"": ""768a86e36ad6aae3d03ee3c6433d61df"", ""sales_value"": 767.70, ""delivered_orders"": 17, ""seller_risk_level"": ""Lower Risk"", ""average_review_score"": 4.6470588235294118, ""on_time_delivery_rate"": 82.35}"
14,"Seller Risk",1194,"{""seller"": ""9d5604a1f112324ad6b2aa552122e0fb"", ""sales_value"": 761.98, ""delivered_orders"": 13, ""seller_risk_level"": ""Lower Risk"", ""average_review_score"": 3.5384615384615385, ""on_time_delivery_rate"": 100.00}"
14,"Seller Risk",1195,"{""seller"": ""916748bc99315c2d202898ae58b1617e"", ""sales_value"": 746.51, ""delivered_orders"": 25, ""seller_risk_level"": ""Lower Risk"", ""average_review_score"": 4.2800000000000000, ""on_time_delivery_rate"": 100.00}"
14,"Seller Risk",1196,"{""seller"": ""f52c2422904463fdd7741f99045fecb6"", ""sales_value"": 744.80, ""delivered_orders"": 12, ""seller_risk_level"": ""Lower Risk"", ""average_review_score"": 4.2500000000000000, ""on_time_delivery_rate"": 91.67}"
14,"Seller Risk",1197,"{""seller"": ""6d988d6174a2c27441597174f8905515"", ""sales_value"": 737.20, ""delivered_orders"": 19, ""seller_risk_level"": ""Lower Risk"", ""average_review_score"": 4.1052631578947368, ""on_time_delivery_rate"": 89.47}"
14,"Seller Risk",1198,"{""seller"": ""eb5b6204dde3a6e03b5f1bb8479f055b"", ""sales_value"": 727.33, ""delivered_orders"": 19, ""seller_risk_level"": ""Lower Risk"", ""average_review_score"": 3.9473684210526316, ""on_time_delivery_rate"": 94.74}"
14,"Seller Risk",1199,"{""seller"": ""2f74af7a0ee5636f12c2336f9fffed47"", ""sales_value"": 724.47, ""delivered_orders"": 13, ""seller_risk_level"": ""Lower Risk"", ""average_review_score"": 4.3076923076923077, ""on_time_delivery_rate"": 100.00}"
14,"Seller Risk",1200,"{""seller"": ""1d503743d2526f03f0c2c89540ee008c"", ""sales_value"": 720.53, ""delivered_orders"": 12, ""seller_risk_level"": ""Lower Risk"", ""average_review_score"": 3.9166666666666667, ""on_time_delivery_rate"": 91.67}"
14,"Seller Risk",1201,"{""seller"": ""5a6a02f419701fc8c605af71d4fc57a4"", ""sales_value"": 714.41, ""delivered_orders"": 10, ""seller_risk_level"": ""Lower Risk"", ""average_review_score"": 4.8000000000000000, ""on_time_delivery_rate"": 90.00}"
14,"Seller Risk",1202,"{""seller"": ""cb9fb4ca75d7ba8437480e8dde64fe98"", ""sales_value"": 705.56, ""delivered_orders"": 10, ""seller_risk_level"": ""Lower Risk"", ""average_review_score"": 4.0000000000000000, ""on_time_delivery_rate"": 100.00}"
14,"Seller Risk",1203,"{""seller"": ""4de6e4ba574aa9dfdc824bc44dc47fdd"", ""sales_value"": 704.42, ""delivered_orders"": 14, ""seller_risk_level"": ""Lower Risk"", ""average_review_score"": 4.0714285714285714, ""on_time_delivery_rate"": 92.86}"
14,"Seller Risk",1204,"{""seller"": ""e601b04acf48b4576e73ddca9481f0dc"", ""sales_value"": 702.94, ""delivered_orders"": 15, ""seller_risk_level"": ""Lower Risk"", ""average_review_score"": 4.0666666666666667, ""on_time_delivery_rate"": 100.00}"
14,"Seller Risk",1205,"{""seller"": ""c84592044b180dec206770c38603814b"", ""sales_value"": 700.97, ""delivered_orders"": 14, ""seller_risk_level"": ""Lower Risk"", ""average_review_score"": 4.4285714285714286, ""on_time_delivery_rate"": 100.00}"
14,"Seller Risk",1206,"{""seller"": ""4be6b962d83299498bae2190f95d6566"", ""sales_value"": 691.09, ""delivered_orders"": 11, ""seller_risk_level"": ""Lower Risk"", ""average_review_score"": 4.1000000000000000, ""on_time_delivery_rate"": 90.91}"
14,"Seller Risk",1207,"{""seller"": ""26d6bbee02420494d471c9f6436929c0"", ""sales_value"": 681.70, ""delivered_orders"": 12, ""seller_risk_level"": ""Lower Risk"", ""average_review_score"": 4.6666666666666667, ""on_time_delivery_rate"": 100.00}"
14,"Seller Risk",1208,"{""seller"": ""ff4e2d38692ce827b1a4f4b8196e680d"", ""sales_value"": 669.18, ""delivered_orders"": 11, ""seller_risk_level"": ""Lower Risk"", ""average_review_score"": 4.2727272727272727, ""on_time_delivery_rate"": 100.00}"
14,"Seller Risk",1209,"{""seller"": ""48efc9d94a9834137efd9ea76b065a38"", ""sales_value"": 666.00, ""delivered_orders"": 33, ""seller_risk_level"": ""Lower Risk"", ""average_review_score"": 5.0000000000000000, ""on_time_delivery_rate"": 100.00}"
14,"Seller Risk",1210,"{""seller"": ""63ffcb71394dd8ea3872ed9ffda17c74"", ""sales_value"": 663.72, ""delivered_orders"": 17, ""seller_risk_level"": ""Lower Risk"", ""average_review_score"": 3.1764705882352941, ""on_time_delivery_rate"": 94.12}"
14,"Seller Risk",1211,"{""seller"": ""768de2a4fc06aacecb9a586ccc30746a"", ""sales_value"": 663.71, ""delivered_orders"": 13, ""seller_risk_level"": ""Lower Risk"", ""average_review_score"": 4.3846153846153846, ""on_time_delivery_rate"": 100.00}"
14,"Seller Risk",1212,"{""seller"": ""f5b44895715ddfe3087dc414f30268f3"", ""sales_value"": 654.44, ""delivered_orders"": 19, ""seller_risk_level"": ""Lower Risk"", ""average_review_score"": 4.0000000000000000, ""on_time_delivery_rate"": 94.74}"
14,"Seller Risk",1213,"{""seller"": ""bbaff50f3b708fda865918715276cd87"", ""sales_value"": 651.77, ""delivered_orders"": 12, ""seller_risk_level"": ""Lower Risk"", ""average_review_score"": 4.7500000000000000, ""on_time_delivery_rate"": 83.33}"
14,"Seller Risk",1214,"{""seller"": ""7c1fea10b5b006671d608b1d7c446ec4"", ""sales_value"": 647.75, ""delivered_orders"": 14, ""seller_risk_level"": ""Lower Risk"", ""average_review_score"": 4.0000000000000000, ""on_time_delivery_rate"": 92.86}"
14,"Seller Risk",1215,"{""seller"": ""2953ce3a88f5e3c3b696d77fc9e4c8eb"", ""sales_value"": 631.32, ""delivered_orders"": 14, ""seller_risk_level"": ""Lower Risk"", ""average_review_score"": 4.6428571428571429, ""on_time_delivery_rate"": 78.57}"
14,"Seller Risk",1216,"{""seller"": ""89bc797e2e29667aa035d4368f9b7f92"", ""sales_value"": 630.44, ""delivered_orders"": 16, ""seller_risk_level"": ""Lower Risk"", ""average_review_score"": 3.8750000000000000, ""on_time_delivery_rate"": 81.25}"
14,"Seller Risk",1217,"{""seller"": ""d4e4b5192cba4e0e66eb12a9d347239d"", ""sales_value"": 625.40, ""delivered_orders"": 11, ""seller_risk_level"": ""Lower Risk"", ""average_review_score"": 4.4545454545454545, ""on_time_delivery_rate"": 100.00}"
14,"Seller Risk",1218,"{""seller"": ""7b7f91e98f8c6def45a1407923304402"", ""sales_value"": 620.49, ""delivered_orders"": 11, ""seller_risk_level"": ""Lower Risk"", ""average_review_score"": 4.1818181818181818, ""on_time_delivery_rate"": 90.91}"
14,"Seller Risk",1219,"{""seller"": ""d7485b33791774c36108f8c69602d48d"", ""sales_value"": 619.14, ""delivered_orders"": 10, ""seller_risk_level"": ""Lower Risk"", ""average_review_score"": 3.7000000000000000, ""on_time_delivery_rate"": 90.00}"
14,"Seller Risk",1220,"{""seller"": ""08084d990eb3f53af056ccbc1730c8a7"", ""sales_value"": 606.79, ""delivered_orders"": 12, ""seller_risk_level"": ""Lower Risk"", ""average_review_score"": 4.4545454545454545, ""on_time_delivery_rate"": 100.00}"
14,"Seller Risk",1221,"{""seller"": ""bd15ee794d5e640d9dd71b665b2ab15b"", ""sales_value"": 594.13, ""delivered_orders"": 12, ""seller_risk_level"": ""Lower Risk"", ""average_review_score"": 4.0000000000000000, ""on_time_delivery_rate"": 83.33}"
14,"Seller Risk",1222,"{""seller"": ""ce616e1913288884e7742faac9d981db"", ""sales_value"": 593.45, ""delivered_orders"": 14, ""seller_risk_level"": ""Lower Risk"", ""average_review_score"": 4.4285714285714286, ""on_time_delivery_rate"": 92.86}"
14,"Seller Risk",1223,"{""seller"": ""acb6c2ca5c82411c1fdb88d5fd5eb95e"", ""sales_value"": 575.49, ""delivered_orders"": 10, ""seller_risk_level"": ""Lower Risk"", ""average_review_score"": 3.9000000000000000, ""on_time_delivery_rate"": 100.00}"
14,"Seller Risk",1224,"{""seller"": ""59cd88080b93f3c18508673122d26169"", ""sales_value"": 567.71, ""delivered_orders"": 10, ""seller_risk_level"": ""Lower Risk"", ""average_review_score"": 4.7000000000000000, ""on_time_delivery_rate"": 80.00}"
14,"Seller Risk",1225,"{""seller"": ""b080809eaacb49e5ca07290981472431"", ""sales_value"": 567.40, ""delivered_orders"": 11, ""seller_risk_level"": ""Lower Risk"", ""average_review_score"": 4.8181818181818182, ""on_time_delivery_rate"": 100.00}"
14,"Seller Risk",1226,"{""seller"": ""a8739afb32aaa45e01815ca76f76f54b"", ""sales_value"": 563.56, ""delivered_orders"": 13, ""seller_risk_level"": ""Lower Risk"", ""average_review_score"": 3.7692307692307692, ""on_time_delivery_rate"": 92.31}"
14,"Seller Risk",1227,"{""seller"": ""ea00f977a203ff88adf7057cb7806998"", ""sales_value"": 558.02, ""delivered_orders"": 18, ""seller_risk_level"": ""Lower Risk"", ""average_review_score"": 4.2777777777777778, ""on_time_delivery_rate"": 88.89}"
14,"Seller Risk",1228,"{""seller"": ""08d0949a9a17c027262db1f3c450c26c"", ""sales_value"": 557.84, ""delivered_orders"": 12, ""seller_risk_level"": ""Lower Risk"", ""average_review_score"": 3.5384615384615385, ""on_time_delivery_rate"": 100.00}"
14,"Seller Risk",1229,"{""seller"": ""0249d282d911d23cb8b869ab49c99f53"", ""sales_value"": 531.88, ""delivered_orders"": 11, ""seller_risk_level"": ""Lower Risk"", ""average_review_score"": 4.2727272727272727, ""on_time_delivery_rate"": 81.82}"
14,"Seller Risk",1230,"{""seller"": ""5c853bb56f70f4d14218944bae111d7a"", ""sales_value"": 514.19, ""delivered_orders"": 23, ""seller_risk_level"": ""Lower Risk"", ""average_review_score"": 4.0000000000000000, ""on_time_delivery_rate"": 100.00}"
14,"Seller Risk",1231,"{""seller"": ""9dd59e43f0c9f0553244e8f9c2fb247e"", ""sales_value"": 508.12, ""delivered_orders"": 10, ""seller_risk_level"": ""Lower Risk"", ""average_review_score"": 4.8000000000000000, ""on_time_delivery_rate"": 90.00}"
14,"Seller Risk",1232,"{""seller"": ""0747d5bb69f0586cc869d8af4c50f93e"", ""sales_value"": 504.24, ""delivered_orders"": 12, ""seller_risk_level"": ""Lower Risk"", ""average_review_score"": 3.7500000000000000, ""on_time_delivery_rate"": 91.67}"
14,"Seller Risk",1233,"{""seller"": ""7c4618c82226628831613e95e9c22f44"", ""sales_value"": 499.47, ""delivered_orders"": 13, ""seller_risk_level"": ""Lower Risk"", ""average_review_score"": 4.0769230769230769, ""on_time_delivery_rate"": 84.62}"
14,"Seller Risk",1234,"{""seller"": ""e627629ba868740e287800f1a9be81c2"", ""sales_value"": 446.66, ""delivered_orders"": 11, ""seller_risk_level"": ""Lower Risk"", ""average_review_score"": 4.9090909090909091, ""on_time_delivery_rate"": 100.00}"
14,"Seller Risk",1235,"{""seller"": ""615005a3ef192c00c6f0e977cee3d2bc"", ""sales_value"": 442.14, ""delivered_orders"": 10, ""seller_risk_level"": ""Lower Risk"", ""average_review_score"": 3.8000000000000000, ""on_time_delivery_rate"": 80.00}"
14,"Seller Risk",1236,"{""seller"": ""9d39404483343dd55c7ae254494d8388"", ""sales_value"": 434.28, ""delivered_orders"": 10, ""seller_risk_level"": ""Lower Risk"", ""average_review_score"": 3.5000000000000000, ""on_time_delivery_rate"": 90.00}"
14,"Seller Risk",1237,"{""seller"": ""2f4b0d3b9634b647d4edee577d7ebb7e"", ""sales_value"": 422.31, ""delivered_orders"": 10, ""seller_risk_level"": ""Lower Risk"", ""average_review_score"": 4.9000000000000000, ""on_time_delivery_rate"": 100.00}"
14,"Seller Risk",1238,"{""seller"": ""b127efdabeffb5d559349c7b172eb75d"", ""sales_value"": 421.27, ""delivered_orders"": 10, ""seller_risk_level"": ""Lower Risk"", ""average_review_score"": 4.8000000000000000, ""on_time_delivery_rate"": 90.00}"
15,"Product Category Performance",1,"{""category"": ""beleza_saude"", ""sales_value"": 1412089.53, ""freight_value"": 178957.81, ""delivered_orders"": 8647, ""average_review_score"": 4.19, ""category_classification"": ""Commercially Strong"", ""freight_burden_percentage"": 12.67}"
15,"Product Category Performance",2,"{""category"": ""relogios_presentes"", ""sales_value"": 1264333.12, ""freight_value"": 98156.14, ""delivered_orders"": 5495, ""average_review_score"": 4.07, ""category_classification"": ""Commercially Strong"", ""freight_burden_percentage"": 7.76}"
15,"Product Category Performance",3,"{""category"": ""cama_mesa_banho"", ""sales_value"": 1225209.26, ""freight_value"": 201774.50, ""delivered_orders"": 9272, ""average_review_score"": 3.92, ""category_classification"": ""Other"", ""freight_burden_percentage"": 16.47}"
15,"Product Category Performance",4,"{""category"": ""esporte_lazer"", ""sales_value"": 1118256.91, ""freight_value"": 163404.36, ""delivered_orders"": 7530, ""average_review_score"": 4.17, ""category_classification"": ""Commercially Strong"", ""freight_burden_percentage"": 14.61}"
15,"Product Category Performance",5,"{""category"": ""informatica_acessorios"", ""sales_value"": 1032723.77, ""freight_value"": 143999.16, ""delivered_orders"": 6530, ""average_review_score"": 3.98, ""category_classification"": ""Other"", ""freight_burden_percentage"": 13.94}"
15,"Product Category Performance",6,"{""category"": ""moveis_decoracao"", ""sales_value"": 880329.92, ""freight_value"": 168402.23, ""delivered_orders"": 6307, ""average_review_score"": 3.95, ""category_classification"": ""Other"", ""freight_burden_percentage"": 19.13}"
15,"Product Category Performance",7,"{""category"": ""utilidades_domesticas"", ""sales_value"": 758392.25, ""freight_value"": 142763.56, ""delivered_orders"": 5743, ""average_review_score"": 4.11, ""category_classification"": ""Commercially Strong"", ""freight_burden_percentage"": 18.82}"
15,"Product Category Performance",8,"{""category"": ""cool_stuff"", ""sales_value"": 691680.89, ""freight_value"": 81476.79, ""delivered_orders"": 3559, ""average_review_score"": 4.19, ""category_classification"": ""Commercially Strong"", ""freight_burden_percentage"": 11.78}"
15,"Product Category Performance",9,"{""category"": ""automotivo"", ""sales_value"": 669454.75, ""freight_value"": 90488.10, ""delivered_orders"": 3810, ""average_review_score"": 4.12, ""category_classification"": ""Commercially Strong"", ""freight_burden_percentage"": 13.52}"
15,"Product Category Performance",10,"{""category"": ""ferramentas_jardim"", ""sales_value"": 567145.68, ""freight_value"": 96650.40, ""delivered_orders"": 3448, ""average_review_score"": 4.08, ""category_classification"": ""Commercially Strong"", ""freight_burden_percentage"": 17.04}"
15,"Product Category Performance",11,"{""category"": ""brinquedos"", ""sales_value"": 547061.06, ""freight_value"": 75774.58, ""delivered_orders"": 3804, ""average_review_score"": 4.21, ""category_classification"": ""Commercially Strong"", ""freight_burden_percentage"": 13.85}"
15,"Product Category Performance",12,"{""category"": ""bebes"", ""sales_value"": 466727.65, ""freight_value"": 66305.81, ""delivered_orders"": 2809, ""average_review_score"": 4.08, ""category_classification"": ""Commercially Strong"", ""freight_burden_percentage"": 14.21}"
15,"Product Category Performance",13,"{""category"": ""perfumaria"", ""sales_value"": 443171.63, ""freight_value"": 53026.98, ""delivered_orders"": 3086, ""average_review_score"": 4.22, ""category_classification"": ""Commercially Strong"", ""freight_burden_percentage"": 11.97}"
15,"Product Category Performance",14,"{""category"": ""telefonia"", ""sales_value"": 379202.62, ""freight_value"": 69342.39, ""delivered_orders"": 4093, ""average_review_score"": 4.00, ""category_classification"": ""Other"", ""freight_burden_percentage"": 18.29}"
15,"Product Category Performance",15,"{""category"": ""moveis_escritorio"", ""sales_value"": 335211.36, ""freight_value"": 67057.05, ""delivered_orders"": 1254, ""average_review_score"": 3.52, ""category_classification"": ""Other"", ""freight_burden_percentage"": 20.00}"
15,"Product Category Performance",16,"{""category"": ""papelaria"", ""sales_value"": 269575.05, ""freight_value"": 45786.36, ""delivered_orders"": 2264, ""average_review_score"": 4.24, ""category_classification"": ""Commercially Strong"", ""freight_burden_percentage"": 16.98}"
15,"Product Category Performance",17,"{""category"": ""pet_shop"", ""sales_value"": 250614.20, ""freight_value"": 38918.56, ""delivered_orders"": 1688, ""average_review_score"": 4.22, ""category_classification"": ""Commercially Strong"", ""freight_burden_percentage"": 15.53}"
15,"Product Category Performance",18,"{""category"": ""pcs"", ""sales_value"": 228349.76, ""freight_value"": 9665.62, ""delivered_orders"": 177, ""average_review_score"": 4.22, ""category_classification"": ""High Value / Lower Demand"", ""freight_burden_percentage"": 4.23}"
15,"Product Category Performance",19,"{""category"": ""instrumentos_musicais"", ""sales_value"": 202187.12, ""freight_value"": 17871.38, ""delivered_orders"": 611, ""average_review_score"": 4.22, ""category_classification"": ""Other"", ""freight_burden_percentage"": 8.84}"
15,"Product Category Performance",20,"{""category"": ""eletronicos"", ""sales_value"": 200723.09, ""freight_value"": 45679.16, ""delivered_orders"": 2517, ""average_review_score"": 4.07, ""category_classification"": ""Other"", ""freight_burden_percentage"": 22.76}"
15,"Product Category Performance",21,"{""category"": ""eletroportateis"", ""sales_value"": 198108.47, ""freight_value"": 15354.35, ""delivered_orders"": 609, ""average_review_score"": 4.23, ""category_classification"": ""Other"", ""freight_burden_percentage"": 7.75}"
15,"Product Category Performance",22,"{""category"": ""fashion_bolsas_e_acessorios"", ""sales_value"": 179888.29, ""freight_value"": 30558.90, ""delivered_orders"": 1820, ""average_review_score"": 4.19, ""category_classification"": ""Other"", ""freight_burden_percentage"": 16.99}"
15,"Product Category Performance",23,"{""category"": ""malas_acessorios"", ""sales_value"": 168778.12, ""freight_value"": 30076.49, ""delivered_orders"": 1019, ""average_review_score"": 4.35, ""category_classification"": ""Other"", ""freight_burden_percentage"": 17.82}"
15,"Product Category Performance",24,"{""category"": ""consoles_games"", ""sales_value"": 167097.73, ""freight_value"": 19094.36, ""delivered_orders"": 1018, ""average_review_score"": 4.14, ""category_classification"": ""Other"", ""freight_burden_percentage"": 11.43}"
15,"Product Category Performance",25,"{""category"": ""construcao_ferramentas_construcao"", ""sales_value"": 162382.01, ""freight_value"": 20273.52, ""delivered_orders"": 736, ""average_review_score"": 4.09, ""category_classification"": ""Other"", ""freight_burden_percentage"": 12.49}"
15,"Product Category Performance",26,"{""category"": ""eletrodomesticos_2"", ""sales_value"": 118208.52, ""freight_value"": 10254.57, ""delivered_orders"": 227, ""average_review_score"": 4.16, ""category_classification"": ""Other"", ""freight_burden_percentage"": 8.67}"
15,"Product Category Performance",27,"{""category"": ""casa_construcao"", ""sales_value"": 95022.37, ""freight_value"": 13614.80, ""delivered_orders"": 483, ""average_review_score"": 3.96, ""category_classification"": ""Other"", ""freight_burden_percentage"": 14.33}"
15,"Product Category Performance",28,"{""category"": ""eletrodomesticos"", ""sales_value"": 93301.78, ""freight_value"": 14469.30, ""delivered_orders"": 747, ""average_review_score"": 4.23, ""category_classification"": ""Other"", ""freight_burden_percentage"": 15.51}"
15,"Product Category Performance",29,"{""category"": ""moveis_sala"", ""sales_value"": 85045.07, ""freight_value"": 17694.37, ""delivered_orders"": 414, ""average_review_score"": 3.94, ""category_classification"": ""Other"", ""freight_burden_percentage"": 20.81}"
15,"Product Category Performance",30,"{""category"": ""agro_industria_e_comercio"", ""sales_value"": 76203.30, ""freight_value"": 5637.20, ""delivered_orders"": 177, ""average_review_score"": 4.09, ""category_classification"": ""Other"", ""freight_burden_percentage"": 7.40}"
15,"Product Category Performance",31,"{""category"": ""casa_conforto"", ""sales_value"": 66438.22, ""freight_value"": 8429.77, ""delivered_orders"": 392, ""average_review_score"": 3.85, ""category_classification"": ""Other"", ""freight_burden_percentage"": 12.69}"
15,"Product Category Performance",32,"{""category"": ""climatizacao"", ""sales_value"": 59854.55, ""freight_value"": 6530.99, ""delivered_orders"": 246, ""average_review_score"": 4.05, ""category_classification"": ""Other"", ""freight_burden_percentage"": 10.91}"
15,"Product Category Performance",33,"{""category"": ""telefonia_fixa"", ""sales_value"": 59816.54, ""freight_value"": 4501.33, ""delivered_orders"": 212, ""average_review_score"": 3.76, ""category_classification"": ""Other"", ""freight_burden_percentage"": 7.53}"
15,"Product Category Performance",34,"{""category"": ""moveis_cozinha_area_de_servico_jantar_e_jardim"", ""sales_value"": 57072.97, ""freight_value"": 11540.99, ""delivered_orders"": 241, ""average_review_score"": 4.03, ""category_classification"": ""Other"", ""freight_burden_percentage"": 20.22}"
15,"Product Category Performance",35,"{""category"": ""audio"", ""sales_value"": 56255.32, ""freight_value"": 5684.72, ""delivered_orders"": 348, ""average_review_score"": 3.83, ""category_classification"": ""Other"", ""freight_burden_percentage"": 10.11}"
15,"Product Category Performance",36,"{""category"": ""livros_interesse_geral"", ""sales_value"": 54182.54, ""freight_value"": 8880.39, ""delivered_orders"": 496, ""average_review_score"": 4.51, ""category_classification"": ""Other"", ""freight_burden_percentage"": 16.39}"
15,"Product Category Performance",37,"{""category"": ""portateis_casa_forno_e_cafe"", ""sales_value"": 49245.90, ""freight_value"": 2656.34, ""delivered_orders"": 72, ""average_review_score"": 4.44, ""category_classification"": ""Other"", ""freight_burden_percentage"": 5.39}"
15,"Product Category Performance",38,"{""category"": ""construcao_ferramentas_iluminacao"", ""sales_value"": 47447.14, ""freight_value"": 7490.14, ""delivered_orders"": 242, ""average_review_score"": 4.09, ""category_classification"": ""Other"", ""freight_burden_percentage"": 15.79}"
15,"Product Category Performance",39,"{""category"": ""industria_comercio_e_negocios"", ""sales_value"": 46079.34, ""freight_value"": 7580.53, ""delivered_orders"": 232, ""average_review_score"": 4.13, ""category_classification"": ""Other"", ""freight_burden_percentage"": 16.45}"
15,"Product Category Performance",40,"{""category"": ""construcao_ferramentas_seguranca"", ""sales_value"": 42504.02, ""freight_value"": 3730.80, ""delivered_orders"": 159, ""average_review_score"": 3.97, ""category_classification"": ""Other"", ""freight_burden_percentage"": 8.78}"
15,"Product Category Performance",41,"{""category"": ""alimentos"", ""sales_value"": 35794.68, ""freight_value"": 7063.53, ""delivered_orders"": 441, ""average_review_score"": 4.26, ""category_classification"": ""Other"", ""freight_burden_percentage"": 19.73}"
15,"Product Category Performance",42,"{""category"": ""market_place"", ""sales_value"": 33114.38, ""freight_value"": 5318.61, ""delivered_orders"": 274, ""average_review_score"": 4.07, ""category_classification"": ""Other"", ""freight_burden_percentage"": 16.06}"
15,"Product Category Performance",43,"{""category"": ""construcao_ferramentas_jardim"", ""sales_value"": 30283.94, ""freight_value"": 5187.66, ""delivered_orders"": 190, ""average_review_score"": 4.12, ""category_classification"": ""Other"", ""freight_burden_percentage"": 17.13}"
15,"Product Category Performance",44,"{""category"": ""fashion_calcados"", ""sales_value"": 27814.83, ""freight_value"": 4813.37, ""delivered_orders"": 235, ""average_review_score"": 4.29, ""category_classification"": ""Other"", ""freight_burden_percentage"": 17.31}"
15,"Product Category Performance",45,"{""category"": ""sinalizacao_e_seguranca"", ""sales_value"": 27792.59, ""freight_value"": 6477.54, ""delivered_orders"": 138, ""average_review_score"": 4.09, ""category_classification"": ""Other"", ""freight_burden_percentage"": 23.31}"
15,"Product Category Performance",46,"{""category"": ""artes"", ""sales_value"": 27485.53, ""freight_value"": 3828.23, ""delivered_orders"": 195, ""average_review_score"": 4.08, ""category_classification"": ""Other"", ""freight_burden_percentage"": 13.93}"
15,"Product Category Performance",47,"{""category"": ""bebidas"", ""sales_value"": 26971.11, ""freight_value"": 5441.27, ""delivered_orders"": 287, ""average_review_score"": 4.13, ""category_classification"": ""Other"", ""freight_burden_percentage"": 20.17}"
15,"Product Category Performance",48,"{""category"": ""moveis_quarto"", ""sales_value"": 23379.22, ""freight_value"": 4327.42, ""delivered_orders"": 90, ""average_review_score"": 4.25, ""category_classification"": ""Other"", ""freight_burden_percentage"": 18.51}"
15,"Product Category Performance",49,"{""category"": ""livros_tecnicos"", ""sales_value"": 22901.07, ""freight_value"": 4198.84, ""delivered_orders"": 256, ""average_review_score"": 4.39, ""category_classification"": ""Other"", ""freight_burden_percentage"": 18.33}"
15,"Product Category Performance",50,"{""category"": ""alimentos_bebidas"", ""sales_value"": 19337.77, ""freight_value"": 4394.89, ""delivered_orders"": 221, ""average_review_score"": 4.37, ""category_classification"": ""Other"", ""freight_burden_percentage"": 22.73}"
15,"Product Category Performance",51,"{""category"": ""construcao_ferramentas_ferramentas"", ""sales_value"": 17934.17, ""freight_value"": 2030.22, ""delivered_orders"": 97, ""average_review_score"": 4.44, ""category_classification"": ""Other"", ""freight_burden_percentage"": 11.32}"
15,"Product Category Performance",52,"{""category"": ""fashion_roupa_masculina"", ""sales_value"": 12514.95, ""freight_value"": 2062.62, ""delivered_orders"": 106, ""average_review_score"": 3.76, ""category_classification"": ""Other"", ""freight_burden_percentage"": 16.48}"
15,"Product Category Performance",53,"{""category"": ""artigos_de_natal"", ""sales_value"": 11928.75, ""freight_value"": 3190.91, ""delivered_orders"": 125, ""average_review_score"": 4.07, ""category_classification"": ""Other"", ""freight_burden_percentage"": 26.75}"
15,"Product Category Performance",54,"{""category"": ""fashion_underwear_e_moda_praia"", ""sales_value"": 11160.02, ""freight_value"": 1854.07, ""delivered_orders"": 117, ""average_review_score"": 4.05, ""category_classification"": ""Other"", ""freight_burden_percentage"": 16.61}"
15,"Product Category Performance",55,"{""category"": ""tablets_impressao_imagem"", ""sales_value"": 8754.61, ""freight_value"": 1226.20, ""delivered_orders"": 79, ""average_review_score"": 4.12, ""category_classification"": ""Other"", ""freight_burden_percentage"": 14.01}"
15,"Product Category Performance",56,"{""category"": ""cine_foto"", ""sales_value"": 7902.18, ""freight_value"": 1227.71, ""delivered_orders"": 63, ""average_review_score"": 4.30, ""category_classification"": ""Other"", ""freight_burden_percentage"": 15.54}"
15,"Product Category Performance",57,"{""category"": ""musica"", ""sales_value"": 6724.86, ""freight_value"": 690.51, ""delivered_orders"": 38, ""average_review_score"": 4.21, ""category_classification"": ""Other"", ""freight_burden_percentage"": 10.27}"
15,"Product Category Performance",58,"{""category"": ""moveis_colchao_e_estofado"", ""sales_value"": 5904.75, ""freight_value"": 1581.37, ""delivered_orders"": 37, ""average_review_score"": 3.89, ""category_classification"": ""Other"", ""freight_burden_percentage"": 26.78}"
15,"Product Category Performance",59,"{""category"": ""dvds_blu_ray"", ""sales_value"": 5769.84, ""freight_value"": 1227.25, ""delivered_orders"": 56, ""average_review_score"": 4.18, ""category_classification"": ""Other"", ""freight_burden_percentage"": 21.27}"
15,"Product Category Performance",60,"{""category"": ""artigos_de_festas"", ""sales_value"": 5285.38, ""freight_value"": 820.19, ""delivered_orders"": 38, ""average_review_score"": 3.83, ""category_classification"": ""Other"", ""freight_burden_percentage"": 15.52}"
15,"Product Category Performance",61,"{""category"": ""livros_importados"", ""sales_value"": 5150.94, ""freight_value"": 732.08, ""delivered_orders"": 50, ""average_review_score"": 4.51, ""category_classification"": ""Other"", ""freight_burden_percentage"": 14.21}"
15,"Product Category Performance",62,"{""category"": ""portateis_cozinha_e_preparadores_de_alimentos"", ""sales_value"": 4228.05, ""freight_value"": 294.42, ""delivered_orders"": 13, ""average_review_score"": 3.43, ""category_classification"": ""Other"", ""freight_burden_percentage"": 6.96}"
15,"Product Category Performance",63,"{""category"": ""fashion_roupa_feminina"", ""sales_value"": 3218.44, ""freight_value"": 583.50, ""delivered_orders"": 36, ""average_review_score"": 3.96, ""category_classification"": ""Other"", ""freight_burden_percentage"": 18.13}"
15,"Product Category Performance",64,"{""category"": ""fashion_esporte"", ""sales_value"": 2657.55, ""freight_value"": 563.03, ""delivered_orders"": 26, ""average_review_score"": 4.37, ""category_classification"": ""Other"", ""freight_burden_percentage"": 21.19}"
15,"Product Category Performance",65,"{""category"": ""la_cuisine"", ""sales_value"": 2388.54, ""freight_value"": 333.55, ""delivered_orders"": 13, ""average_review_score"": 4.00, ""category_classification"": ""Other"", ""freight_burden_percentage"": 13.96}"
15,"Product Category Performance",66,"{""category"": ""artes_e_artesanato"", ""sales_value"": 2184.14, ""freight_value"": 370.13, ""delivered_orders"": 23, ""average_review_score"": 4.13, ""category_classification"": ""Other"", ""freight_burden_percentage"": 16.95}"
15,"Product Category Performance",67,"{""category"": ""fraldas_higiene"", ""sales_value"": 2046.19, ""freight_value"": 545.40, ""delivered_orders"": 25, ""average_review_score"": 3.38, ""category_classification"": ""Other"", ""freight_burden_percentage"": 26.65}"
15,"Product Category Performance",68,"{""category"": ""flores"", ""sales_value"": 1598.91, ""freight_value"": 488.87, ""delivered_orders"": 29, ""average_review_score"": 4.42, ""category_classification"": ""Other"", ""freight_burden_percentage"": 30.58}"
15,"Product Category Performance",69,"{""category"": ""pc_gamer"", ""sales_value"": 1430.10, ""freight_value"": 123.15, ""delivered_orders"": 7, ""average_review_score"": 3.63, ""category_classification"": ""Other"", ""freight_burden_percentage"": 8.61}"
15,"Product Category Performance",70,"{""category"": ""casa_conforto_2"", ""sales_value"": 1170.58, ""freight_value"": 410.31, ""delivered_orders"": 24, ""average_review_score"": 3.63, ""category_classification"": ""Other"", ""freight_burden_percentage"": 35.05}"
15,"Product Category Performance",71,"{""category"": ""cds_dvds_musicais"", ""sales_value"": 954.99, ""freight_value"": 224.99, ""delivered_orders"": 12, ""average_review_score"": 4.64, ""category_classification"": ""Other"", ""freight_burden_percentage"": 23.56}"
15,"Product Category Performance",72,"{""category"": ""fashion_roupa_infanto_juvenil"", ""sales_value"": 598.67, ""freight_value"": 78.72, ""delivered_orders"": 7, ""average_review_score"": 5.00, ""category_classification"": ""Other"", ""freight_burden_percentage"": 13.15}"
15,"Product Category Performance",73,"{""category"": ""seguros_e_servicos"", ""sales_value"": 324.51, ""freight_value"": 41.22, ""delivered_orders"": 2, ""average_review_score"": 2.50, ""category_classification"": ""Other"", ""freight_burden_percentage"": 12.70}"
16,"Regional Revenue Opportunities",1,"{""state"": ""PA"", ""revenue"": 212027.55, ""active_customers"": 922, ""delivered_orders"": 946, ""average_order_value"": 224.13, ""average_delivery_days"": 23.73, ""regional_opportunity_indicator"": 68.27}"
16,"Regional Revenue Opportunities",2,"{""state"": ""CE"", ""revenue"": 266463.97, ""active_customers"": 1258, ""delivered_orders"": 1279, ""average_order_value"": 208.34, ""average_delivery_days"": 21.14, ""regional_opportunity_indicator"": 61.54}"
16,"Regional Revenue Opportunities",3,"{""state"": ""PB"", ""revenue"": 137834.65, ""active_customers"": 504, ""delivered_orders"": 517, ""average_order_value"": 266.60, ""average_delivery_days"": 20.47, ""regional_opportunity_indicator"": 61.54}"
16,"Regional Revenue Opportunities",4,"{""state"": ""RJ"", ""revenue"": 2055690.45, ""active_customers"": 11917, ""delivered_orders"": 12350, ""average_order_value"": 166.45, ""average_delivery_days"": 15.38, ""regional_opportunity_indicator"": 59.62}"
16,"Regional Revenue Opportunities",5,"{""state"": ""BA"", ""revenue"": 591270.60, ""active_customers"": 3158, ""delivered_orders"": 3256, ""average_order_value"": 181.59, ""average_delivery_days"": 19.26, ""regional_opportunity_indicator"": 59.62}"
16,"Regional Revenue Opportunities",6,"{""state"": ""AL"", ""revenue"": 94195.79, ""active_customers"": 387, ""delivered_orders"": 397, ""average_order_value"": 237.27, ""average_delivery_days"": 24.70, ""regional_opportunity_indicator"": 57.69}"
16,"Regional Revenue Opportunities",7,"{""state"": ""MA"", ""revenue"": 147807.29, ""active_customers"": 700, ""delivered_orders"": 717, ""average_order_value"": 206.15, ""average_delivery_days"": 21.63, ""regional_opportunity_indicator"": 56.73}"
16,"Regional Revenue Opportunities",8,"{""state"": ""PE"", ""revenue"": 309074.59, ""active_customers"": 1551, ""delivered_orders"": 1593, ""average_order_value"": 194.02, ""average_delivery_days"": 18.45, ""regional_opportunity_indicator"": 53.85}"
16,"Regional Revenue Opportunities",9,"{""state"": ""RS"", ""revenue"": 861608.40, ""active_customers"": 5167, ""delivered_orders"": 5344, ""average_order_value"": 161.23, ""average_delivery_days"": 15.26, ""regional_opportunity_indicator"": 52.88}"
16,"Regional Revenue Opportunities",10,"{""state"": ""SC"", ""revenue"": 595208.40, ""active_customers"": 3449, ""delivered_orders"": 3546, ""average_order_value"": 167.85, ""average_delivery_days"": 14.94, ""regional_opportunity_indicator"": 50.96}"
16,"Regional Revenue Opportunities",11,"{""state"": ""MG"", ""revenue"": 1819277.61, ""active_customers"": 11001, ""delivered_orders"": 11354, ""average_order_value"": 160.23, ""average_delivery_days"": 11.99, ""regional_opportunity_indicator"": 50.00}"
16,"Regional Revenue Opportunities",12,"{""state"": ""SP"", ""revenue"": 5769081.27, ""active_customers"": 39148, ""delivered_orders"": 40493, ""average_order_value"": 142.47, ""average_delivery_days"": 8.77, ""regional_opportunity_indicator"": 50.00}"
16,"Regional Revenue Opportunities",13,"{""state"": ""PI"", ""revenue"": 105272.17, ""active_customers"": 464, ""delivered_orders"": 476, ""average_order_value"": 221.16, ""average_delivery_days"": 19.44, ""regional_opportunity_indicator"": 50.00}"
16,"Regional Revenue Opportunities",14,"{""state"": ""AP"", ""revenue"": 16141.81, ""active_customers"": 66, ""delivered_orders"": 67, ""average_order_value"": 240.92, ""average_delivery_days"": 27.10, ""regional_opportunity_indicator"": 49.04}"
16,"Regional Revenue Opportunities",15,"{""state"": ""MT"", ""revenue"": 181441.72, ""active_customers"": 856, ""delivered_orders"": 886, ""average_order_value"": 204.79, ""average_delivery_days"": 18.02, ""regional_opportunity_indicator"": 48.08}"
16,"Regional Revenue Opportunities",16,"{""state"": ""GO"", ""revenue"": 334294.22, ""active_customers"": 1895, ""delivered_orders"": 1957, ""average_order_value"": 170.82, ""average_delivery_days"": 15.58, ""regional_opportunity_indicator"": 48.08}"
16,"Regional Revenue Opportunities",17,"{""state"": ""RN"", ""revenue"": 100728.30, ""active_customers"": 464, ""delivered_orders"": 474, ""average_order_value"": 212.51, ""average_delivery_days"": 19.66, ""regional_opportunity_indicator"": 47.12}"
16,"Regional Revenue Opportunities",18,"{""state"": ""SE"", ""revenue"": 70289.13, ""active_customers"": 329, ""delivered_orders"": 335, ""average_order_value"": 209.82, ""average_delivery_days"": 21.42, ""regional_opportunity_indicator"": 46.15}"
16,"Regional Revenue Opportunities",19,"{""state"": ""PR"", ""revenue"": 781919.55, ""active_customers"": 4769, ""delivered_orders"": 4923, ""average_order_value"": 158.83, ""average_delivery_days"": 12.03, ""regional_opportunity_indicator"": 45.19}"
16,"Regional Revenue Opportunities",20,"{""state"": ""AC"", ""revenue"": 19586.25, ""active_customers"": 76, ""delivered_orders"": 80, ""average_order_value"": 244.83, ""average_delivery_days"": 20.85, ""regional_opportunity_indicator"": 45.19}"
16,"Regional Revenue Opportunities",21,"{""state"": ""ES"", ""revenue"": 317682.65, ""active_customers"": 1928, ""delivered_orders"": 1995, ""average_order_value"": 159.24, ""average_delivery_days"": 15.83, ""regional_opportunity_indicator"": 44.23}"
16,"Regional Revenue Opportunities",22,"{""state"": ""DF"", ""revenue"": 346146.17, ""active_customers"": 2019, ""delivered_orders"": 2080, ""average_order_value"": 166.42, ""average_delivery_days"": 12.93, ""regional_opportunity_indicator"": 44.23}"
16,"Regional Revenue Opportunities",23,"{""state"": ""RR"", ""revenue"": 9039.52, ""active_customers"": 40, ""delivered_orders"": 41, ""average_order_value"": 220.48, ""average_delivery_days"": 29.39, ""regional_opportunity_indicator"": 43.27}"
16,"Regional Revenue Opportunities",24,"{""state"": ""RO"", ""revenue"": 56975.70, ""active_customers"": 231, ""delivered_orders"": 243, ""average_order_value"": 234.47, ""average_delivery_days"": 19.33, ""regional_opportunity_indicator"": 42.31}"
16,"Regional Revenue Opportunities",25,"{""state"": ""AM"", ""revenue"": 27596.18, ""active_customers"": 140, ""delivered_orders"": 145, ""average_order_value"": 190.32, ""average_delivery_days"": 26.58, ""regional_opportunity_indicator"": 38.46}"
16,"Regional Revenue Opportunities",26,"{""state"": ""MS"", ""revenue"": 134421.54, ""active_customers"": 681, ""delivered_orders"": 701, ""average_order_value"": 191.76, ""average_delivery_days"": 15.59, ""regional_opportunity_indicator"": 38.46}"
16,"Regional Revenue Opportunities",27,"{""state"": ""TO"", ""revenue"": 60007.37, ""active_customers"": 267, ""delivered_orders"": 274, ""average_order_value"": 219.01, ""average_delivery_days"": 17.32, ""regional_opportunity_indicator"": 36.54}"
17,"Customer Re-engagement Opportunity",1,"{""revenue"": 14558104.56, ""customers"": 90556, ""customer_type"": ""One-Time Customer"", ""revenue_percentage"": 94.40, ""customer_percentage"": 97.00, ""business_opportunity"": ""Primary Re-engagement Opportunity"", ""average_customer_value"": 160.76}"
17,"Customer Re-engagement Opportunity",2,"{""revenue"": 864357.21, ""customers"": 2801, ""customer_type"": ""Repeat Customer"", ""revenue_percentage"": 5.60, ""customer_percentage"": 3.00, ""business_opportunity"": ""Existing Retention Base"", ""average_customer_value"": 308.59}"
18,"Consolidated Growth Opportunities",1,"{""activity"": 33, ""entity_id"": ""48efc9d94a9834137efd9ea76b065a38"", ""entity_type"": ""Seller"", ""sales_value"": 666.00, ""opportunity_tier"": ""Very High Opportunity"", ""market_activity_score"": 52.87, ""revenue_headroom_score"": 97.66, ""customer_acceptance_score"": 99.92, ""revenue_opportunity_score"": 87.41, ""operational_readiness_score"": 80.84}"
18,"Consolidated Growth Opportunities",2,"{""activity"": 20, ""entity_id"": ""41c2bad7229b0c25e6becf179ebf63ff"", ""entity_type"": ""Seller"", ""sales_value"": 971.92, ""opportunity_tier"": ""Very High Opportunity"", ""market_activity_score"": 35.08, ""revenue_headroom_score"": 93.21, ""customer_acceptance_score"": 99.84, ""revenue_opportunity_score"": 83.39, ""operational_readiness_score"": 80.84}"
18,"Consolidated Growth Opportunities",3,"{""activity"": 17, ""entity_id"": ""d4f117125b59ce73c3302f88ee40c458"", ""entity_type"": ""Seller"", ""sales_value"": 998.61, ""opportunity_tier"": ""Very High Opportunity"", ""market_activity_score"": 27.24, ""revenue_headroom_score"": 92.72, ""customer_acceptance_score"": 98.54, ""revenue_opportunity_score"": 81.68, ""operational_readiness_score"": 80.84}"
18,"Consolidated Growth Opportunities",4,"{""activity"": 31, ""entity_id"": ""18e694e0e48ed6f7aa3f24aade5fd697"", ""entity_type"": ""Seller"", ""sales_value"": 1205.77, ""opportunity_tier"": ""Very High Opportunity"", ""market_activity_score"": 50.69, ""revenue_headroom_score"": 90.06, ""customer_acceptance_score"": 94.83, ""revenue_opportunity_score"": 81.18, ""operational_readiness_score"": 72.43}"
18,"Consolidated Growth Opportunities",5,"{""activity"": 16, ""entity_id"": ""638cba8be1fb599bbb76fd6948351eb3"", ""entity_type"": ""Seller"", ""sales_value"": 803.67, ""opportunity_tier"": ""Very High Opportunity"", ""market_activity_score"": 24.25, ""revenue_headroom_score"": 95.72, ""customer_acceptance_score"": 94.91, ""revenue_opportunity_score"": 81.03, ""operational_readiness_score"": 80.84}"
18,"Consolidated Growth Opportunities",6,"{""activity"": 11, ""entity_id"": ""e627629ba868740e287800f1a9be81c2"", ""entity_type"": ""Seller"", ""sales_value"": 446.66, ""opportunity_tier"": ""Very High Opportunity"", ""market_activity_score"": 5.01, ""revenue_headroom_score"": 99.68, ""customer_acceptance_score"": 99.27, ""revenue_opportunity_score"": 80.65, ""operational_readiness_score"": 80.84}"
18,"Consolidated Growth Opportunities",7,"{""activity"": 11, ""entity_id"": ""b080809eaacb49e5ca07290981472431"", ""entity_type"": ""Seller"", ""sales_value"": 567.40, ""opportunity_tier"": ""Very High Opportunity"", ""market_activity_score"": 5.01, ""revenue_headroom_score"": 98.95, ""customer_acceptance_score"": 98.46, ""revenue_opportunity_score"": 80.19, ""operational_readiness_score"": 80.84}"
18,"Consolidated Growth Opportunities",8,"{""activity"": 27, ""entity_id"": ""671585f5a2af58b6e276bc01003c0d2b"", ""entity_type"": ""Seller"", ""sales_value"": 1692.11, ""opportunity_tier"": ""Very High Opportunity"", ""market_activity_score"": 45.68, ""revenue_headroom_score"": 81.33, ""customer_acceptance_score"": 95.47, ""revenue_opportunity_score"": 80.10, ""operational_readiness_score"": 80.84}"
18,"Consolidated Growth Opportunities",9,"{""activity"": 13, ""entity_id"": ""9d681c7e12db302cb261e721040dde65"", ""entity_type"": ""Seller"", ""sales_value"": 1058.68, ""opportunity_tier"": ""Very High Opportunity"", ""market_activity_score"": 15.44, ""revenue_headroom_score"": 92.00, ""customer_acceptance_score"": 99.60, ""revenue_opportunity_score"": 80.00, ""operational_readiness_score"": 80.84}"
18,"Consolidated Growth Opportunities",10,"{""activity"": 10, ""entity_id"": ""2f4b0d3b9634b647d4edee577d7ebb7e"", ""entity_type"": ""Seller"", ""sales_value"": 422.31, ""opportunity_tier"": ""High Opportunity"", ""market_activity_score"": 0.00, ""revenue_headroom_score"": 99.92, ""customer_acceptance_score"": 98.87, ""revenue_opportunity_score"": 79.85, ""operational_readiness_score"": 80.84}"
18,"Consolidated Growth Opportunities",11,"{""activity"": 17, ""entity_id"": ""30a81d8cf85fb2ada1b1b094c9583a95"", ""entity_type"": ""Seller"", ""sales_value"": 1413.52, ""opportunity_tier"": ""High Opportunity"", ""market_activity_score"": 27.24, ""revenue_headroom_score"": 86.42, ""customer_acceptance_score"": 98.54, ""revenue_opportunity_score"": 79.79, ""operational_readiness_score"": 80.84}"
18,"Consolidated Growth Opportunities",12,"{""activity"": 15, ""entity_id"": ""33cbbec1e7e1044aaf11d152172c776f"", ""entity_type"": ""Seller"", ""sales_value"": 1129.50, ""opportunity_tier"": ""High Opportunity"", ""market_activity_score"": 21.42, ""revenue_headroom_score"": 91.11, ""customer_acceptance_score"": 95.96, ""revenue_opportunity_score"": 79.54, ""operational_readiness_score"": 80.84}"
18,"Consolidated Growth Opportunities",13,"{""activity"": 35, ""entity_id"": ""718539d38d07dd351c76db862760e2e2"", ""entity_type"": ""Seller"", ""sales_value"": 1907.61, ""opportunity_tier"": ""High Opportunity"", ""market_activity_score"": 54.65, ""revenue_headroom_score"": 77.85, ""customer_acceptance_score"": 92.32, ""revenue_opportunity_score"": 79.46, ""operational_readiness_score"": 80.84}"
18,"Consolidated Growth Opportunities",14,"{""activity"": 12, ""entity_id"": ""26d6bbee02420494d471c9f6436929c0"", ""entity_type"": ""Seller"", ""sales_value"": 681.70, ""opportunity_tier"": ""High Opportunity"", ""market_activity_score"": 10.35, ""revenue_headroom_score"": 97.49, ""customer_acceptance_score"": 94.18, ""revenue_opportunity_score"": 79.26, ""operational_readiness_score"": 80.84}"
18,"Consolidated Growth Opportunities",15,"{""activity"": 23, ""entity_id"": ""42ef3192a9ff87a22d1867b74b3ee205"", ""entity_type"": ""Seller"", ""sales_value"": 1655.97, ""opportunity_tier"": ""High Opportunity"", ""market_activity_score"": 40.66, ""revenue_headroom_score"": 81.97, ""customer_acceptance_score"": 93.86, ""revenue_opportunity_score"": 79.06, ""operational_readiness_score"": 80.84}"
18,"Consolidated Growth Opportunities",16,"{""activity"": 14, ""entity_id"": ""82cb9f452fe8334df74b22d37824b431"", ""entity_type"": ""Seller"", ""sales_value"": 1155.26, ""opportunity_tier"": ""High Opportunity"", ""market_activity_score"": 18.35, ""revenue_headroom_score"": 90.62, ""customer_acceptance_score"": 95.55, ""revenue_opportunity_score"": 78.82, ""operational_readiness_score"": 80.84}"
18,"Consolidated Growth Opportunities",17,"{""activity"": 16, ""entity_id"": ""51e4e89242cbb846c2deff3dc015650e"", ""entity_type"": ""Seller"", ""sales_value"": 1175.75, ""opportunity_tier"": ""High Opportunity"", ""market_activity_score"": 24.25, ""revenue_headroom_score"": 90.46, ""customer_acceptance_score"": 91.92, ""revenue_opportunity_score"": 78.56, ""operational_readiness_score"": 80.84}"
18,"Consolidated Growth Opportunities",18,"{""activity"": 12, ""entity_id"": ""da6a60cc8cc724fe51be021ff8be779c"", ""entity_type"": ""Seller"", ""sales_value"": 984.58, ""opportunity_tier"": ""High Opportunity"", ""market_activity_score"": 10.35, ""revenue_headroom_score"": 92.97, ""customer_acceptance_score"": 96.20, ""revenue_opportunity_score"": 78.51, ""operational_readiness_score"": 80.84}"
18,"Consolidated Growth Opportunities",19,"{""activity"": 15, ""entity_id"": ""41da412d33e8da4f22baf55cb1bde82c"", ""entity_type"": ""Seller"", ""sales_value"": 1237.06, ""opportunity_tier"": ""High Opportunity"", ""market_activity_score"": 21.42, ""revenue_headroom_score"": 89.33, ""customer_acceptance_score"": 94.18, ""revenue_opportunity_score"": 78.48, ""operational_readiness_score"": 80.84}"
18,"Consolidated Growth Opportunities",20,"{""activity"": 15, ""entity_id"": ""26785a546900236d66f2e4197c211158"", ""entity_type"": ""Seller"", ""sales_value"": 1244.65, ""opportunity_tier"": ""High Opportunity"", ""market_activity_score"": 21.42, ""revenue_headroom_score"": 89.25, ""customer_acceptance_score"": 94.02, ""revenue_opportunity_score"": 78.40, ""operational_readiness_score"": 80.84}"
18,"Consolidated Growth Opportunities",21,"{""activity"": 36, ""entity_id"": ""325f3178fb58e2a9778334621eecdbf9"", ""entity_type"": ""Seller"", ""sales_value"": 1433.37, ""opportunity_tier"": ""High Opportunity"", ""market_activity_score"": 56.02, ""revenue_headroom_score"": 86.10, ""customer_acceptance_score"": 79.22, ""revenue_opportunity_score"": 78.21, ""operational_readiness_score"": 80.84}"
18,"Consolidated Growth Opportunities",22,"{""activity"": 26, ""entity_id"": ""7ade73f1b9b4e965f9009a4c3a7e2c15"", ""entity_type"": ""Seller"", ""sales_value"": 2274.75, ""opportunity_tier"": ""High Opportunity"", ""market_activity_score"": 44.38, ""revenue_headroom_score"": 73.24, ""customer_acceptance_score"": 96.85, ""revenue_opportunity_score"": 77.89, ""operational_readiness_score"": 80.84}"
18,"Consolidated Growth Opportunities",23,"{""activity"": 13, ""entity_id"": ""2d518637f53161b973e01f56ea4bb88e"", ""entity_type"": ""Seller"", ""sales_value"": 1539.70, ""opportunity_tier"": ""High Opportunity"", ""market_activity_score"": 15.44, ""revenue_headroom_score"": 84.64, ""customer_acceptance_score"": 99.60, ""revenue_opportunity_score"": 77.80, ""operational_readiness_score"": 80.84}"
18,"Consolidated Growth Opportunities",24,"{""activity"": 10, ""entity_id"": ""aac51c486b672a9850d59f3e84b1cf88"", ""entity_type"": ""Seller"", ""sales_value"": 859.57, ""opportunity_tier"": ""High Opportunity"", ""market_activity_score"": 0.00, ""revenue_headroom_score"": 94.58, ""customer_acceptance_score"": 97.33, ""revenue_opportunity_score"": 77.78, ""operational_readiness_score"": 80.84}"
18,"Consolidated Growth Opportunities",25,"{""activity"": 28, ""entity_id"": ""bf00385a5f7fc1ef39a13c2e9ee50a5f"", ""entity_type"": ""Seller"", ""sales_value"": 1189.25, ""opportunity_tier"": ""High Opportunity"", ""market_activity_score"": 46.89, ""revenue_headroom_score"": 90.30, ""customer_acceptance_score"": 77.61, ""revenue_opportunity_score"": 77.62, ""operational_readiness_score"": 80.84}"
18,"Consolidated Growth Opportunities",26,"{""activity"": 16, ""entity_id"": ""db46ca7bce82b11f7e247539271fc390"", ""entity_type"": ""Seller"", ""sales_value"": 1149.86, ""opportunity_tier"": ""High Opportunity"", ""market_activity_score"": 24.25, ""revenue_headroom_score"": 90.70, ""customer_acceptance_score"": 88.44, ""revenue_opportunity_score"": 77.59, ""operational_readiness_score"": 80.84}"
18,"Consolidated Growth Opportunities",27,"{""activity"": 23, ""entity_id"": ""013900e863eace745d3ec7614cab5b1a"", ""entity_type"": ""Seller"", ""sales_value"": 2089.37, ""opportunity_tier"": ""High Opportunity"", ""market_activity_score"": 40.66, ""revenue_headroom_score"": 75.75, ""customer_acceptance_score"": 95.15, ""revenue_opportunity_score"": 77.58, ""operational_readiness_score"": 80.84}"
18,"Consolidated Growth Opportunities",28,"{""activity"": 16, ""entity_id"": ""d66c11a9572221d92fbb8c4897db5f9b"", ""entity_type"": ""Seller"", ""sales_value"": 1164.38, ""opportunity_tier"": ""High Opportunity"", ""market_activity_score"": 24.25, ""revenue_headroom_score"": 90.54, ""customer_acceptance_score"": 88.44, ""revenue_opportunity_score"": 77.54, ""operational_readiness_score"": 80.84}"
18,"Consolidated Growth Opportunities",29,"{""activity"": 21, ""entity_id"": ""3785b653b1b82de85ab47dd139938091"", ""entity_type"": ""Seller"", ""sales_value"": 2033.27, ""opportunity_tier"": ""High Opportunity"", ""market_activity_score"": 36.62, ""revenue_headroom_score"": 76.31, ""customer_acceptance_score"": 95.55, ""revenue_opportunity_score"": 77.26, ""operational_readiness_score"": 80.84}"
18,"Consolidated Growth Opportunities",30,"{""activity"": 10, ""entity_id"": ""89a51f50b8095ea78d5768f34c13a76f"", ""entity_type"": ""Seller"", ""sales_value"": 854.26, ""opportunity_tier"": ""High Opportunity"", ""market_activity_score"": 0.00, ""revenue_headroom_score"": 94.75, ""customer_acceptance_score"": 95.23, ""revenue_opportunity_score"": 77.20, ""operational_readiness_score"": 80.84}"
18,"Consolidated Growth Opportunities",31,"{""activity"": 11, ""entity_id"": ""f0e103c63864d5405b958d984b6e94c9"", ""entity_type"": ""Seller"", ""sales_value"": 1101.41, ""opportunity_tier"": ""High Opportunity"", ""market_activity_score"": 5.01, ""revenue_headroom_score"": 91.59, ""customer_acceptance_score"": 95.80, ""revenue_opportunity_score"": 77.18, ""operational_readiness_score"": 80.84}"
18,"Consolidated Growth Opportunities",32,"{""activity"": 10, ""entity_id"": ""cac63f48c38cd7d002a7e846dcd99a23"", ""entity_type"": ""Seller"", ""sales_value"": 1014.62, ""opportunity_tier"": ""High Opportunity"", ""market_activity_score"": 0.00, ""revenue_headroom_score"": 92.48, ""customer_acceptance_score"": 97.33, ""revenue_opportunity_score"": 77.15, ""operational_readiness_score"": 80.84}"
18,"Consolidated Growth Opportunities",33,"{""activity"": 10, ""entity_id"": ""0ff83046c3fa22efee8ecf291888b191"", ""entity_type"": ""Seller"", ""sales_value"": 1023.38, ""opportunity_tier"": ""High Opportunity"", ""market_activity_score"": 0.00, ""revenue_headroom_score"": 92.32, ""customer_acceptance_score"": 97.33, ""revenue_opportunity_score"": 77.11, ""operational_readiness_score"": 80.84}"
18,"Consolidated Growth Opportunities",34,"{""activity"": 17, ""entity_id"": ""e7f3bf1ecd8526eb7f3b18059e6716e5"", ""entity_type"": ""Seller"", ""sales_value"": 1642.81, ""opportunity_tier"": ""High Opportunity"", ""market_activity_score"": 27.24, ""revenue_headroom_score"": 82.30, ""customer_acceptance_score"": 93.61, ""revenue_opportunity_score"": 77.07, ""operational_readiness_score"": 80.84}"
18,"Consolidated Growth Opportunities",35,"{""activity"": 14, ""entity_id"": ""7ff588a03c2aeae4fbd23f9ae64b760d"", ""entity_type"": ""Seller"", ""sales_value"": 1403.38, ""opportunity_tier"": ""High Opportunity"", ""market_activity_score"": 18.35, ""revenue_headroom_score"": 86.66, ""customer_acceptance_score"": 93.29, ""revenue_opportunity_score"": 76.95, ""operational_readiness_score"": 80.84}"
18,"Consolidated Growth Opportunities",36,"{""activity"": 10, ""entity_id"": ""ffad1e7127fb622cb64a900751590acd"", ""entity_type"": ""Seller"", ""sales_value"": 1090.83, ""opportunity_tier"": ""High Opportunity"", ""market_activity_score"": 0.00, ""revenue_headroom_score"": 91.67, ""customer_acceptance_score"": 97.33, ""revenue_opportunity_score"": 76.91, ""operational_readiness_score"": 80.84}"
18,"Consolidated Growth Opportunities",37,"{""activity"": 11, ""entity_id"": ""788e857f317e53de488d393e65a80f45"", ""entity_type"": ""Seller"", ""sales_value"": 1394.95, ""opportunity_tier"": ""High Opportunity"", ""market_activity_score"": 5.01, ""revenue_headroom_score"": 86.82, ""customer_acceptance_score"": 99.27, ""revenue_opportunity_score"": 76.79, ""operational_readiness_score"": 80.84}"
18,"Consolidated Growth Opportunities",38,"{""activity"": 11, ""entity_id"": ""334cab711dee080b079fa5779b584783"", ""entity_type"": ""Seller"", ""sales_value"": 1421.37, ""opportunity_tier"": ""High Opportunity"", ""market_activity_score"": 5.01, ""revenue_headroom_score"": 86.26, ""customer_acceptance_score"": 99.27, ""revenue_opportunity_score"": 76.62, ""operational_readiness_score"": 80.84}"
18,"Consolidated Growth Opportunities",39,"{""activity"": 23, ""entity_id"": ""10076e5788b8ee532724bcd460baf762"", ""entity_type"": ""Seller"", ""sales_value"": 1198.78, ""opportunity_tier"": ""High Opportunity"", ""market_activity_score"": 40.66, ""revenue_headroom_score"": 90.22, ""customer_acceptance_score"": 88.76, ""revenue_opportunity_score"": 76.51, ""operational_readiness_score"": 66.86}"
18,"Consolidated Growth Opportunities",40,"{""activity"": 38, ""entity_id"": ""5a93f3ab0ef4c84ed5e1b5dbf23978bc"", ""entity_type"": ""Seller"", ""sales_value"": 2952.22, ""opportunity_tier"": ""High Opportunity"", ""market_activity_score"": 57.56, ""revenue_headroom_score"": 65.16, ""customer_acceptance_score"": 97.17, ""revenue_opportunity_score"": 76.33, ""operational_readiness_score"": 75.99}"
18,"Consolidated Growth Opportunities",41,"{""activity"": 15, ""entity_id"": ""0eaa7e33d73809f1f925f7d07c506cbd"", ""entity_type"": ""Seller"", ""sales_value"": 1746.90, ""opportunity_tier"": ""High Opportunity"", ""market_activity_score"": 21.42, ""revenue_headroom_score"": 80.76, ""customer_acceptance_score"": 95.55, ""revenue_opportunity_score"": 76.32, ""operational_readiness_score"": 80.84}"
18,"Consolidated Growth Opportunities",42,"{""activity"": 39, ""entity_id"": ""6df688df543f90e9b38f4319e75a9d88"", ""entity_type"": ""Seller"", ""sales_value"": 2661.20, ""opportunity_tier"": ""High Opportunity"", ""market_activity_score"": 58.29, ""revenue_headroom_score"": 68.80, ""customer_acceptance_score"": 88.68, ""revenue_opportunity_score"": 76.20, ""operational_readiness_score"": 80.84}"
18,"Consolidated Growth Opportunities",43,"{""activity"": 20, ""entity_id"": ""808d4348b916efa08e766ebad39f61eb"", ""entity_type"": ""Seller"", ""sales_value"": 981.54, ""opportunity_tier"": ""High Opportunity"", ""market_activity_score"": 35.08, ""revenue_headroom_score"": 93.13, ""customer_acceptance_score"": 90.62, ""revenue_opportunity_score"": 75.91, ""operational_readiness_score"": 62.09}"
18,"Consolidated Growth Opportunities",44,"{""activity"": 12, ""entity_id"": ""2059c39f76271d4ca3f15b5ffaccc8b8"", ""entity_type"": ""Seller"", ""sales_value"": 791.29, ""opportunity_tier"": ""High Opportunity"", ""market_activity_score"": 10.35, ""revenue_headroom_score"": 95.88, ""customer_acceptance_score"": 83.75, ""revenue_opportunity_score"": 75.65, ""operational_readiness_score"": 80.84}"
18,"Consolidated Growth Opportunities",45,"{""activity"": 10, ""entity_id"": ""59cea8e446d3834393058e7e0666b6fb"", ""entity_type"": ""Seller"", ""sales_value"": 901.14, ""opportunity_tier"": ""High Opportunity"", ""market_activity_score"": 0.00, ""revenue_headroom_score"": 94.10, ""customer_acceptance_score"": 90.62, ""revenue_opportunity_score"": 75.63, ""operational_readiness_score"": 80.84}"
18,"Consolidated Growth Opportunities",46,"{""activity"": 10, ""entity_id"": ""5f26c1408a65b42a7224cd463bdf3292"", ""entity_type"": ""Seller"", ""sales_value"": 1357.09, ""opportunity_tier"": ""High Opportunity"", ""market_activity_score"": 0.00, ""revenue_headroom_score"": 87.23, ""customer_acceptance_score"": 97.33, ""revenue_opportunity_score"": 75.58, ""operational_readiness_score"": 80.84}"
18,"Consolidated Growth Opportunities",47,"{""activity"": 14, ""entity_id"": ""c84592044b180dec206770c38603814b"", ""entity_type"": ""Seller"", ""sales_value"": 700.97, ""opportunity_tier"": ""High Opportunity"", ""market_activity_score"": 18.35, ""revenue_headroom_score"": 97.33, ""customer_acceptance_score"": 77.93, ""revenue_opportunity_score"": 75.54, ""operational_readiness_score"": 80.84}"
18,"Consolidated Growth Opportunities",48,"{""activity"": 12, ""entity_id"": ""08084d990eb3f53af056ccbc1730c8a7"", ""entity_type"": ""Seller"", ""sales_value"": 606.79, ""opportunity_tier"": ""High Opportunity"", ""market_activity_score"": 10.35, ""revenue_headroom_score"": 98.54, ""customer_acceptance_score"": 79.87, ""revenue_opportunity_score"": 75.29, ""operational_readiness_score"": 80.84}"
18,"Consolidated Growth Opportunities",49,"{""activity"": 22, ""entity_id"": ""d8c7ba53e7e38711eaef8c2849d6d2e1"", ""entity_type"": ""Seller"", ""sales_value"": 1788.34, ""opportunity_tier"": ""High Opportunity"", ""market_activity_score"": 38.72, ""revenue_headroom_score"": 80.27, ""customer_acceptance_score"": 83.75, ""revenue_opportunity_score"": 75.23, ""operational_readiness_score"": 80.84}"
18,"Consolidated Growth Opportunities",50,"{""activity"": 17, ""entity_id"": ""06bb3a2fe5e7b7a845b13e8fb91bd944"", ""entity_type"": ""Seller"", ""sales_value"": 1862.33, ""opportunity_tier"": ""High Opportunity"", ""market_activity_score"": 27.24, ""revenue_headroom_score"": 79.14, ""customer_acceptance_score"": 90.38, ""revenue_opportunity_score"": 75.15, ""operational_readiness_score"": 80.84}"
18,"Consolidated Growth Opportunities",51,"{""activity"": 18, ""entity_id"": ""8a2d12a90e92f012ce5226fc6592b653"", ""entity_type"": ""Seller"", ""sales_value"": 1933.62, ""opportunity_tier"": ""High Opportunity"", ""market_activity_score"": 30.40, ""revenue_headroom_score"": 77.53, ""customer_acceptance_score"": 90.22, ""revenue_opportunity_score"": 75.09, ""operational_readiness_score"": 80.84}"
18,"Consolidated Growth Opportunities",52,"{""activity"": 16, ""entity_id"": ""a425f92c199eb576938df686728acd20"", ""entity_type"": ""Seller"", ""sales_value"": 1399.69, ""opportunity_tier"": ""High Opportunity"", ""market_activity_score"": 24.25, ""revenue_headroom_score"": 86.74, ""customer_acceptance_score"": 83.75, ""revenue_opportunity_score"": 75.00, ""operational_readiness_score"": 80.84}"
18,"Consolidated Growth Opportunities",53,"{""activity"": 11, ""entity_id"": ""63a79f5a7eb5cb48a7e5787b141c7993"", ""entity_type"": ""Seller"", ""sales_value"": 1015.93, ""opportunity_tier"": ""High Opportunity"", ""market_activity_score"": 5.01, ""revenue_headroom_score"": 92.40, ""customer_acceptance_score"": 87.47, ""revenue_opportunity_score"": 74.92, ""operational_readiness_score"": 80.84}"
18,"Consolidated Growth Opportunities",54,"{""activity"": 37, ""entity_id"": ""6338ea67c41078a46ad99cc009654956"", ""entity_type"": ""Seller"", ""sales_value"": 3210.39, ""opportunity_tier"": ""High Opportunity"", ""market_activity_score"": 56.91, ""revenue_headroom_score"": 62.81, ""customer_acceptance_score"": 90.62, ""revenue_opportunity_score"": 74.78, ""operational_readiness_score"": 80.84}"
18,"Consolidated Growth Opportunities",55,"{""activity"": 38, ""entity_id"": ""7f7b8245c336066a1f9933c359f11d77"", ""entity_type"": ""Seller"", ""sales_value"": 2630.23, ""opportunity_tier"": ""High Opportunity"", ""market_activity_score"": 57.56, ""revenue_headroom_score"": 69.20, ""customer_acceptance_score"": 87.71, ""revenue_opportunity_score"": 74.70, ""operational_readiness_score"": 75.99}"
18,"Consolidated Growth Opportunities",56,"{""activity"": 11, ""entity_id"": ""d4e4b5192cba4e0e66eb12a9d347239d"", ""entity_type"": ""Seller"", ""sales_value"": 625.40, ""opportunity_tier"": ""High Opportunity"", ""market_activity_score"": 5.01, ""revenue_headroom_score"": 98.30, ""customer_acceptance_score"": 80.11, ""revenue_opportunity_score"": 74.49, ""operational_readiness_score"": 80.84}"
18,"Consolidated Growth Opportunities",57,"{""activity"": 25, ""entity_id"": ""b2a6d334e2833acea353624840e25a0e"", ""entity_type"": ""Seller"", ""sales_value"": 2038.59, ""opportunity_tier"": ""High Opportunity"", ""market_activity_score"": 43.17, ""revenue_headroom_score"": 76.23, ""customer_acceptance_score"": 82.86, ""revenue_opportunity_score"": 74.41, ""operational_readiness_score"": 80.84}"
18,"Consolidated Growth Opportunities",58,"{""activity"": 22, ""entity_id"": ""0d33a55da925bbf1ff02af5f6059fc7f"", ""entity_type"": ""Seller"", ""sales_value"": 932.91, ""opportunity_tier"": ""High Opportunity"", ""market_activity_score"": 38.72, ""revenue_headroom_score"": 93.86, ""customer_acceptance_score"": 80.11, ""revenue_opportunity_score"": 74.29, ""operational_readiness_score"": 65.16}"
18,"Consolidated Growth Opportunities",59,"{""activity"": 23, ""entity_id"": ""7e26c750b4cb9f6766f58265ff9ebe95"", ""entity_type"": ""Seller"", ""sales_value"": 1733.18, ""opportunity_tier"": ""High Opportunity"", ""market_activity_score"": 40.66, ""revenue_headroom_score"": 80.92, ""customer_acceptance_score"": 78.58, ""revenue_opportunity_score"": 74.16, ""operational_readiness_score"": 80.84}"
18,"Consolidated Growth Opportunities",60,"{""activity"": 53, ""entity_id"": ""d9a84e1403de8da0c3aa531d6d108ba6"", ""entity_type"": ""Seller"", ""sales_value"": 2109.15, ""opportunity_tier"": ""High Opportunity"", ""market_activity_score"": 67.58, ""revenue_headroom_score"": 75.26, ""customer_acceptance_score"": 90.06, ""revenue_opportunity_score"": 74.10, ""operational_readiness_score"": 57.48}"
18,"Consolidated Growth Opportunities",61,"{""activity"": 21, ""entity_id"": ""7c5b05cbdb5542049f38d90d7815b97d"", ""entity_type"": ""Seller"", ""sales_value"": 1292.89, ""opportunity_tier"": ""High Opportunity"", ""market_activity_score"": 36.62, ""revenue_headroom_score"": 88.52, ""customer_acceptance_score"": 85.93, ""revenue_opportunity_score"": 73.84, ""operational_readiness_score"": 64.03}"
18,"Consolidated Growth Opportunities",62,"{""activity"": 17, ""entity_id"": ""72bc2cce903c872fe376a8faaa81d237"", ""entity_type"": ""Seller"", ""sales_value"": 2404.97, ""opportunity_tier"": ""High Opportunity"", ""market_activity_score"": 27.24, ""revenue_headroom_score"": 71.54, ""customer_acceptance_score"": 93.61, ""revenue_opportunity_score"": 73.84, ""operational_readiness_score"": 80.84}"
18,"Consolidated Growth Opportunities",63,"{""activity"": 25, ""entity_id"": ""916748bc99315c2d202898ae58b1617e"", ""entity_type"": ""Seller"", ""sales_value"": 746.51, ""opportunity_tier"": ""High Opportunity"", ""market_activity_score"": 43.17, ""revenue_headroom_score"": 96.52, ""customer_acceptance_score"": 60.15, ""revenue_opportunity_score"": 73.69, ""operational_readiness_score"": 80.84}"
18,"Consolidated Growth Opportunities",64,"{""activity"": 13, ""entity_id"": ""3ca08eeb8d5595949fed424bd3677742"", ""entity_type"": ""Seller"", ""sales_value"": 2137.98, ""opportunity_tier"": ""High Opportunity"", ""market_activity_score"": 15.44, ""revenue_headroom_score"": 74.94, ""customer_acceptance_score"": 95.07, ""revenue_opportunity_score"": 73.53, ""operational_readiness_score"": 80.84}"
18,"Consolidated Growth Opportunities",65,"{""activity"": 13, ""entity_id"": ""768de2a4fc06aacecb9a586ccc30746a"", ""entity_type"": ""Seller"", ""sales_value"": 663.71, ""opportunity_tier"": ""High Opportunity"", ""market_activity_score"": 15.44, ""revenue_headroom_score"": 97.82, ""customer_acceptance_score"": 72.11, ""revenue_opportunity_score"": 73.50, ""operational_readiness_score"": 80.84}"
18,"Consolidated Growth Opportunities",66,"{""activity"": 36, ""entity_id"": ""31561f325664a8a7aba4c8d0c3a9b3db"", ""entity_type"": ""Seller"", ""sales_value"": 3329.36, ""opportunity_tier"": ""High Opportunity"", ""market_activity_score"": 56.02, ""revenue_headroom_score"": 61.44, ""customer_acceptance_score"": 92.64, ""revenue_opportunity_score"": 73.50, ""operational_readiness_score"": 75.51}"
18,"Consolidated Growth Opportunities",67,"{""activity"": 27, ""entity_id"": ""95ec4458365c4d11f452ccf538377619"", ""entity_type"": ""Seller"", ""sales_value"": 2303.43, ""opportunity_tier"": ""High Opportunity"", ""market_activity_score"": 45.68, ""revenue_headroom_score"": 72.84, ""customer_acceptance_score"": 91.35, ""revenue_opportunity_score"": 73.35, ""operational_readiness_score"": 68.96}"
18,"Consolidated Growth Opportunities",68,"{""activity"": 14, ""entity_id"": ""83645b1645cdee8953ee54c29ceed564"", ""entity_type"": ""Seller"", ""sales_value"": 1245.10, ""opportunity_tier"": ""High Opportunity"", ""market_activity_score"": 18.35, ""revenue_headroom_score"": 89.17, ""customer_acceptance_score"": 77.93, ""revenue_opportunity_score"": 73.09, ""operational_readiness_score"": 80.84}"
18,"Consolidated Growth Opportunities",69,"{""activity"": 18, ""entity_id"": ""bc2ac6b95e1accce9858528ee566c17e"", ""entity_type"": ""Seller"", ""sales_value"": 2279.56, ""opportunity_tier"": ""High Opportunity"", ""market_activity_score"": 30.40, ""revenue_headroom_score"": 73.08, ""customer_acceptance_score"": 87.79, ""revenue_opportunity_score"": 73.03, ""operational_readiness_score"": 80.84}"
18,"Consolidated Growth Opportunities",70,"{""activity"": 14, ""entity_id"": ""88cf19ec1fc2c58f161aee259d57142c"", ""entity_type"": ""Seller"", ""sales_value"": 1607.68, ""opportunity_tier"": ""High Opportunity"", ""market_activity_score"": 18.35, ""revenue_headroom_score"": 82.86, ""customer_acceptance_score"": 83.75, ""revenue_opportunity_score"": 72.95, ""operational_readiness_score"": 80.84}"
18,"Consolidated Growth Opportunities",71,"{""activity"": 12, ""entity_id"": ""02c988090b766852e088c69d7fb3b551"", ""entity_type"": ""Seller"", ""sales_value"": 1770.94, ""opportunity_tier"": ""High Opportunity"", ""market_activity_score"": 10.35, ""revenue_headroom_score"": 80.68, ""customer_acceptance_score"": 89.89, ""revenue_opportunity_score"": 72.93, ""operational_readiness_score"": 80.84}"
18,"Consolidated Growth Opportunities",72,"{""activity"": 42, ""entity_id"": ""5f3ae9136c875522250f8184f253413a"", ""entity_type"": ""Seller"", ""sales_value"": 1739.77, ""opportunity_tier"": ""High Opportunity"", ""market_activity_score"": 60.71, ""revenue_headroom_score"": 80.84, ""customer_acceptance_score"": 93.29, ""revenue_opportunity_score"": 72.91, ""operational_readiness_score"": 46.24}"
18,"Consolidated Growth Opportunities",73,"{""activity"": 21, ""entity_id"": ""e6a69c4a27dfdd98ffe5aa757ad744bc"", ""entity_type"": ""Seller"", ""sales_value"": 784.34, ""opportunity_tier"": ""High Opportunity"", ""market_activity_score"": 36.62, ""revenue_headroom_score"": 96.04, ""customer_acceptance_score"": 60.55, ""revenue_opportunity_score"": 72.68, ""operational_readiness_score"": 80.84}"
18,"Consolidated Growth Opportunities",74,"{""activity"": 18, ""entity_id"": ""f4a04f7be452aa3bb31760bf00055dd0"", ""entity_type"": ""Seller"", ""sales_value"": 1553.95, ""opportunity_tier"": ""High Opportunity"", ""market_activity_score"": 30.40, ""revenue_headroom_score"": 84.32, ""customer_acceptance_score"": 94.18, ""revenue_opportunity_score"": 72.58, ""operational_readiness_score"": 57.88}"
18,"Consolidated Growth Opportunities",75,"{""activity"": 28, ""entity_id"": ""960945e1a9535cbc0cd6ddd35fbe7ae8"", ""entity_type"": ""Seller"", ""sales_value"": 3861.53, ""opportunity_tier"": ""High Opportunity"", ""market_activity_score"": 46.89, ""revenue_headroom_score"": 57.56, ""customer_acceptance_score"": 93.29, ""revenue_opportunity_score"": 72.50, ""operational_readiness_score"": 80.84}"
18,"Consolidated Growth Opportunities",76,"{""activity"": 53, ""entity_id"": ""3504c0cb71d7fa48d967e0e4c94d59d9"", ""entity_type"": ""Seller"", ""sales_value"": 3037.31, ""opportunity_tier"": ""High Opportunity"", ""market_activity_score"": 67.58, ""revenue_headroom_score"": 64.43, ""customer_acceptance_score"": 75.99, ""revenue_opportunity_score"": 72.47, ""operational_readiness_score"": 80.84}"
18,"Consolidated Growth Opportunities",77,"{""activity"": 11, ""entity_id"": ""670a9dda115b5a88b18cfadee8de2332"", ""entity_type"": ""Seller"", ""sales_value"": 1101.99, ""opportunity_tier"": ""High Opportunity"", ""market_activity_score"": 5.01, ""revenue_headroom_score"": 91.51, ""customer_acceptance_score"": 79.87, ""revenue_opportunity_score"": 72.38, ""operational_readiness_score"": 80.84}"
18,"Consolidated Growth Opportunities",78,"{""activity"": 38, ""entity_id"": ""b1ac6ea7895bc3dd6f0f6f4abbdd2821"", ""entity_type"": ""Seller"", ""sales_value"": 3734.36, ""opportunity_tier"": ""High Opportunity"", ""market_activity_score"": 57.56, ""revenue_headroom_score"": 58.77, ""customer_acceptance_score"": 86.18, ""revenue_opportunity_score"": 72.33, ""operational_readiness_score"": 80.84}"
18,"Consolidated Growth Opportunities",79,"{""activity"": 15, ""entity_id"": ""6a38087bc8ad4f89ff453561005f6dea"", ""entity_type"": ""Seller"", ""sales_value"": 2381.35, ""opportunity_tier"": ""High Opportunity"", ""market_activity_score"": 21.42, ""revenue_headroom_score"": 71.87, ""customer_acceptance_score"": 90.62, ""revenue_opportunity_score"": 72.17, ""operational_readiness_score"": 80.84}"
18,"Consolidated Growth Opportunities",80,"{""activity"": 10, ""entity_id"": ""226b05fe067266c59c15dae208213d06"", ""entity_type"": ""Seller"", ""sales_value"": 1245.58, ""opportunity_tier"": ""High Opportunity"", ""market_activity_score"": 0.00, ""revenue_headroom_score"": 89.09, ""customer_acceptance_score"": 83.75, ""revenue_opportunity_score"": 72.06, ""operational_readiness_score"": 80.84}"
18,"Consolidated Growth Opportunities",81,"{""activity"": 17, ""entity_id"": ""60562ab00b8054280520d390c8c0045c"", ""entity_type"": ""Seller"", ""sales_value"": 3247.09, ""opportunity_tier"": ""High Opportunity"", ""market_activity_score"": 27.24, ""revenue_headroom_score"": 62.25, ""customer_acceptance_score"": 96.77, ""revenue_opportunity_score"": 72.00, ""operational_readiness_score"": 80.84}"
18,"Consolidated Growth Opportunities",82,"{""activity"": 36, ""entity_id"": ""3586b8580d9c917874e053a1bb37b5ff"", ""entity_type"": ""Seller"", ""sales_value"": 2352.35, ""opportunity_tier"": ""High Opportunity"", ""market_activity_score"": 56.02, ""revenue_headroom_score"": 72.43, ""customer_acceptance_score"": 76.48, ""revenue_opportunity_score"": 71.95, ""operational_readiness_score"": 75.51}"
18,"Consolidated Growth Opportunities",83,"{""activity"": 19, ""entity_id"": ""b1fecf4da1fa2689bccffa0121953643"", ""entity_type"": ""Seller"", ""sales_value"": 4066.72, ""opportunity_tier"": ""High Opportunity"", ""market_activity_score"": 32.82, ""revenue_headroom_score"": 56.27, ""customer_acceptance_score"": 99.76, ""revenue_opportunity_score"": 71.94, ""operational_readiness_score"": 80.84}"
18,"Consolidated Growth Opportunities",84,"{""activity"": 26, ""entity_id"": ""f41ce2e25237f9092cd8e6e7516c7a2f"", ""entity_type"": ""Seller"", ""sales_value"": 2285.82, ""opportunity_tier"": ""High Opportunity"", ""market_activity_score"": 44.38, ""revenue_headroom_score"": 73.00, ""customer_acceptance_score"": 77.20, ""revenue_opportunity_score"": 71.93, ""operational_readiness_score"": 80.84}"
18,"Consolidated Growth Opportunities",85,"{""activity"": 12, ""entity_id"": ""e2c92f9c1c7746d899d18f2e158bbff7"", ""entity_type"": ""Seller"", ""sales_value"": 1956.30, ""opportunity_tier"": ""High Opportunity"", ""market_activity_score"": 10.35, ""revenue_headroom_score"": 77.28, ""customer_acceptance_score"": 89.73, ""revenue_opportunity_score"": 71.87, ""operational_readiness_score"": 80.84}"
18,"Consolidated Growth Opportunities",86,"{""activity"": 22, ""entity_id"": ""42fa4ee7240e9b8eb4576358ec142ba7"", ""entity_type"": ""Seller"", ""sales_value"": 4364.47, ""opportunity_tier"": ""High Opportunity"", ""market_activity_score"": 38.72, ""revenue_headroom_score"": 53.35, ""customer_acceptance_score"": 98.22, ""revenue_opportunity_score"": 71.49, ""operational_readiness_score"": 80.84}"
18,"Consolidated Growth Opportunities",87,"{""activity"": 37, ""entity_id"": ""594f9aaa48e5bf431f011ddc5669b0d5"", ""entity_type"": ""Seller"", ""sales_value"": 4136.41, ""opportunity_tier"": ""High Opportunity"", ""market_activity_score"": 56.91, ""revenue_headroom_score"": 55.78, ""customer_acceptance_score"": 90.54, ""revenue_opportunity_score"": 71.39, ""operational_readiness_score"": 75.83}"
18,"Consolidated Growth Opportunities",88,"{""activity"": 11, ""entity_id"": ""817f85dbb65aa3e70831d90fe75cdf89"", ""entity_type"": ""Seller"", ""sales_value"": 1783.89, ""opportunity_tier"": ""High Opportunity"", ""market_activity_score"": 5.01, ""revenue_headroom_score"": 80.36, ""customer_acceptance_score"": 87.47, ""revenue_opportunity_score"": 71.31, ""operational_readiness_score"": 80.84}"
18,"Consolidated Growth Opportunities",89,"{""activity"": 14, ""entity_id"": ""de0c78824586e9a5f5f04fd84e25df39"", ""entity_type"": ""Seller"", ""sales_value"": 2697.83, ""opportunity_tier"": ""High Opportunity"", ""market_activity_score"": 18.35, ""revenue_headroom_score"": 68.15, ""customer_acceptance_score"": 92.97, ""revenue_opportunity_score"": 71.30, ""operational_readiness_score"": 80.84}"
18,"Consolidated Growth Opportunities",90,"{""activity"": 13, ""entity_id"": ""df91910b6a03bb2e3358fa6a35e32f6f"", ""entity_type"": ""Seller"", ""sales_value"": 2456.22, ""opportunity_tier"": ""High Opportunity"", ""market_activity_score"": 15.44, ""revenue_headroom_score"": 70.65, ""customer_acceptance_score"": 91.51, ""revenue_opportunity_score"": 71.18, ""operational_readiness_score"": 80.84}"
18,"Consolidated Growth Opportunities",91,"{""activity"": 46, ""entity_id"": ""9b00ed88b7fdb95d6ff76e27c1b52d16"", ""entity_type"": ""Seller"", ""sales_value"": 2135.68, ""opportunity_tier"": ""High Opportunity"", ""market_activity_score"": 63.86, ""revenue_headroom_score"": 75.02, ""customer_acceptance_score"": 87.15, ""revenue_opportunity_score"": 71.10, ""operational_readiness_score"": 51.50}"
18,"Consolidated Growth Opportunities",92,"{""activity"": 27, ""entity_id"": ""ffc470761de7d0232558ba5e786e57b7"", ""entity_type"": ""Seller"", ""sales_value"": 1950.22, ""opportunity_tier"": ""High Opportunity"", ""market_activity_score"": 45.68, ""revenue_headroom_score"": 77.36, ""customer_acceptance_score"": 79.22, ""revenue_opportunity_score"": 71.07, ""operational_readiness_score"": 68.96}"
18,"Consolidated Growth Opportunities",93,"{""activity"": 23, ""entity_id"": ""79ed755314cfe6df0daef2c6cd3022cd"", ""entity_type"": ""Seller"", ""sales_value"": 4366.66, ""opportunity_tier"": ""High Opportunity"", ""market_activity_score"": 40.66, ""revenue_headroom_score"": 53.11, ""customer_acceptance_score"": 95.80, ""revenue_opportunity_score"": 70.98, ""operational_readiness_score"": 80.84}"
18,"Consolidated Growth Opportunities",94,"{""activity"": 20, ""entity_id"": ""bf100ecb7997df312b285358fb32f92c"", ""entity_type"": ""Seller"", ""sales_value"": 2337.01, ""opportunity_tier"": ""High Opportunity"", ""market_activity_score"": 35.08, ""revenue_headroom_score"": 72.59, ""customer_acceptance_score"": 79.06, ""revenue_opportunity_score"": 70.97, ""operational_readiness_score"": 80.84}"
18,"Consolidated Growth Opportunities",95,"{""activity"": 12, ""entity_id"": ""abc015ebac1d283a323ca9db35ede4b9"", ""entity_type"": ""Seller"", ""sales_value"": 1329.65, ""opportunity_tier"": ""High Opportunity"", ""market_activity_score"": 10.35, ""revenue_headroom_score"": 87.87, ""customer_acceptance_score"": 76.07, ""revenue_opportunity_score"": 70.95, ""operational_readiness_score"": 80.84}"
18,"Consolidated Growth Opportunities",96,"{""activity"": 10, ""entity_id"": ""54583ab379489add547fe47b628db589"", ""entity_type"": ""Seller"", ""sales_value"": 2391.08, ""opportunity_tier"": ""High Opportunity"", ""market_activity_score"": 0.00, ""revenue_headroom_score"": 71.71, ""customer_acceptance_score"": 97.33, ""revenue_opportunity_score"": 70.92, ""operational_readiness_score"": 80.84}"
18,"Consolidated Growth Opportunities",97,"{""activity"": 61, ""entity_id"": ""116ccb1a1604bc88e4d234a8c23f33de"", ""entity_type"": ""Seller"", ""sales_value"": 2948.33, ""opportunity_tier"": ""High Opportunity"", ""market_activity_score"": 70.98, ""revenue_headroom_score"": 65.24, ""customer_acceptance_score"": 92.72, ""revenue_opportunity_score"": 70.85, ""operational_readiness_score"": 51.25}"
18,"Consolidated Growth Opportunities",98,"{""activity"": 29, ""entity_id"": ""d4e12e7884759a14fa0f5f896c791cae"", ""entity_type"": ""Seller"", ""sales_value"": 1839.67, ""opportunity_tier"": ""High Opportunity"", ""market_activity_score"": 48.10, ""revenue_headroom_score"": 79.39, ""customer_acceptance_score"": 91.84, ""revenue_opportunity_score"": 70.79, ""operational_readiness_score"": 48.83}"
18,"Consolidated Growth Opportunities",99,"{""activity"": 30, ""entity_id"": ""02f5837340d7eb4f653d676c7256523a"", ""entity_type"": ""Seller"", ""sales_value"": 4463.88, ""opportunity_tier"": ""High Opportunity"", ""market_activity_score"": 49.39, ""revenue_headroom_score"": 52.55, ""customer_acceptance_score"": 98.79, ""revenue_opportunity_score"": 70.76, ""operational_readiness_score"": 71.79}"
18,"Consolidated Growth Opportunities",100,"{""activity"": 10, ""entity_id"": ""5f7300535881cef3b625fd683cf7d145"", ""entity_type"": ""Seller"", ""sales_value"": 836.83, ""opportunity_tier"": ""High Opportunity"", ""market_activity_score"": 0.00, ""revenue_headroom_score"": 95.23, ""customer_acceptance_score"": 73.24, ""revenue_opportunity_score"": 70.75, ""operational_readiness_score"": 80.84}"
18,"Consolidated Growth Opportunities",101,"{""activity"": 18, ""entity_id"": ""77e4abfd739aed9c46480f90f81c0eb4"", ""entity_type"": ""Seller"", ""sales_value"": 4092.21, ""opportunity_tier"": ""High Opportunity"", ""market_activity_score"": 30.40, ""revenue_headroom_score"": 56.18, ""customer_acceptance_score"": 97.01, ""revenue_opportunity_score"": 70.73, ""operational_readiness_score"": 80.84}"
18,"Consolidated Growth Opportunities",102,"{""activity"": 69, ""entity_id"": ""9646c3513289980f17226a2fc4720dbd"", ""entity_type"": ""Seller"", ""sales_value"": 4152.23, ""opportunity_tier"": ""High Opportunity"", ""market_activity_score"": 75.02, ""revenue_headroom_score"": 55.62, ""customer_acceptance_score"": 79.71, ""revenue_opportunity_score"": 70.63, ""operational_readiness_score"": 75.10}"
18,"Consolidated Growth Opportunities",103,"{""activity"": 15, ""entity_id"": ""b1aaae6b66ad3c40f54b389d7ea4bee0"", ""entity_type"": ""Seller"", ""sales_value"": 1569.24, ""opportunity_tier"": ""High Opportunity"", ""market_activity_score"": 21.42, ""revenue_headroom_score"": 83.83, ""customer_acceptance_score"": 73.24, ""revenue_opportunity_score"": 70.55, ""operational_readiness_score"": 80.84}"
18,"Consolidated Growth Opportunities",104,"{""activity"": 38, ""entity_id"": ""75fbb52eda0cbc24f479d3b2fbfa8d3e"", ""entity_type"": ""Seller"", ""sales_value"": 1994.45, ""opportunity_tier"": ""High Opportunity"", ""market_activity_score"": 57.56, ""revenue_headroom_score"": 76.64, ""customer_acceptance_score"": 79.63, ""revenue_opportunity_score"": 70.53, ""operational_readiness_score"": 60.06}"
18,"Consolidated Growth Opportunities",105,"{""activity"": 13, ""entity_id"": ""2f74af7a0ee5636f12c2336f9fffed47"", ""entity_type"": ""Seller"", ""sales_value"": 724.47, ""opportunity_tier"": ""High Opportunity"", ""market_activity_score"": 15.44, ""revenue_headroom_score"": 96.85, ""customer_acceptance_score"": 63.06, ""revenue_opportunity_score"": 70.50, ""operational_readiness_score"": 80.84}"
18,"Consolidated Growth Opportunities",106,"{""activity"": 31, ""entity_id"": ""0ebd97a106433a45a4aebe57c1799778"", ""entity_type"": ""Seller"", ""sales_value"": 3661.68, ""opportunity_tier"": ""High Opportunity"", ""market_activity_score"": 50.69, ""revenue_headroom_score"": 59.01, ""customer_acceptance_score"": 83.27, ""revenue_opportunity_score"": 70.50, ""operational_readiness_score"": 80.84}"
18,"Consolidated Growth Opportunities",107,"{""activity"": 10, ""entity_id"": ""f435898e493ba0356019a0b1cb8b55b1"", ""entity_type"": ""Seller"", ""sales_value"": 880.68, ""opportunity_tier"": ""High Opportunity"", ""market_activity_score"": 0.00, ""revenue_headroom_score"": 94.34, ""customer_acceptance_score"": 73.24, ""revenue_opportunity_score"": 70.49, ""operational_readiness_score"": 80.84}"
18,"Consolidated Growth Opportunities",108,"{""activity"": 28, ""entity_id"": ""1771297ac436903d1dd6b0e9279aa505"", ""entity_type"": ""Seller"", ""sales_value"": 3466.43, ""opportunity_tier"": ""High Opportunity"", ""market_activity_score"": 46.89, ""revenue_headroom_score"": 60.47, ""customer_acceptance_score"": 92.40, ""revenue_opportunity_score"": 70.46, ""operational_readiness_score"": 70.25}"
18,"Consolidated Growth Opportunities",109,"{""activity"": 10, ""entity_id"": ""431050a06a317f2b38168dec3dcd2b46"", ""entity_type"": ""Seller"", ""sales_value"": 1576.15, ""opportunity_tier"": ""High Opportunity"", ""market_activity_score"": 0.00, ""revenue_headroom_score"": 83.67, ""customer_acceptance_score"": 83.75, ""revenue_opportunity_score"": 70.44, ""operational_readiness_score"": 80.84}"
18,"Consolidated Growth Opportunities",110,"{""activity"": 65, ""entity_id"": ""d566c37fa119d5e66c4e9052e83ee4ea"", ""entity_type"": ""Seller"", ""sales_value"": 6124.92, ""opportunity_tier"": ""High Opportunity"", ""market_activity_score"": 73.48, ""revenue_headroom_score"": 41.47, ""customer_acceptance_score"": 94.91, ""revenue_opportunity_score"": 70.43, ""operational_readiness_score"": 73.97}"
18,"Consolidated Growth Opportunities",111,"{""activity"": 13, ""entity_id"": ""c2d70ce2c5d0a2eb75e78668236e6dc8"", ""entity_type"": ""Seller"", ""sales_value"": 2699.92, ""opportunity_tier"": ""High Opportunity"", ""market_activity_score"": 15.44, ""revenue_headroom_score"": 68.07, ""customer_acceptance_score"": 91.51, ""revenue_opportunity_score"": 70.40, ""operational_readiness_score"": 80.84}"
18,"Consolidated Growth Opportunities",112,"{""activity"": 21, ""entity_id"": ""6b15924333bd1a741595fe981ea04822"", ""entity_type"": ""Seller"", ""sales_value"": 854.46, ""opportunity_tier"": ""High Opportunity"", ""market_activity_score"": 36.62, ""revenue_headroom_score"": 94.66, ""customer_acceptance_score"": 94.18, ""revenue_opportunity_score"": 70.33, ""operational_readiness_score"": 32.74}"
18,"Consolidated Growth Opportunities",113,"{""activity"": 11, ""entity_id"": ""141440cad9341e553f8401c574a2aa38"", ""entity_type"": ""Seller"", ""sales_value"": 1579.00, ""opportunity_tier"": ""High Opportunity"", ""market_activity_score"": 5.01, ""revenue_headroom_score"": 83.51, ""customer_acceptance_score"": 80.11, ""revenue_opportunity_score"": 70.05, ""operational_readiness_score"": 80.84}"
18,"Consolidated Growth Opportunities",114,"{""activity"": 61, ""entity_id"": ""cce6ab8d1682639fe45ab70234f1665f"", ""entity_type"": ""Seller"", ""sales_value"": 3579.59, ""opportunity_tier"": ""High Opportunity"", ""market_activity_score"": 70.98, ""revenue_headroom_score"": 59.82, ""customer_acceptance_score"": 85.45, ""revenue_opportunity_score"": 70.03, ""operational_readiness_score"": 63.22}"
18,"Consolidated Growth Opportunities",115,"{""activity"": 13, ""entity_id"": ""c3e1abd72a42fe690fcd89cf5720fe29"", ""entity_type"": ""Seller"", ""sales_value"": 1967.58, ""opportunity_tier"": ""High Opportunity"", ""market_activity_score"": 15.44, ""revenue_headroom_score"": 77.20, ""customer_acceptance_score"": 80.92, ""revenue_opportunity_score"": 69.96, ""operational_readiness_score"": 80.84}"
18,"Consolidated Growth Opportunities",116,"{""activity"": 11, ""entity_id"": ""6f83d9e4da896daae20b9b6b2d3ff8d2"", ""entity_type"": ""Seller"", ""sales_value"": 985.04, ""opportunity_tier"": ""High Opportunity"", ""market_activity_score"": 5.01, ""revenue_headroom_score"": 92.89, ""customer_acceptance_score"": 69.77, ""revenue_opportunity_score"": 69.76, ""operational_readiness_score"": 80.84}"
18,"Consolidated Growth Opportunities",117,"{""activity"": 12, ""entity_id"": ""2c4c47cb51acd5ea5db5e0ae0e26542a"", ""entity_type"": ""Seller"", ""sales_value"": 2917.37, ""opportunity_tier"": ""High Opportunity"", ""market_activity_score"": 10.35, ""revenue_headroom_score"": 65.80, ""customer_acceptance_score"": 94.18, ""revenue_opportunity_score"": 69.76, ""operational_readiness_score"": 80.84}"
18,"Consolidated Growth Opportunities",118,"{""activity"": 14, ""entity_id"": ""52562a9f449c3dc3d53f5f5b9ed74903"", ""entity_type"": ""Seller"", ""sales_value"": 3710.64, ""opportunity_tier"": ""High Opportunity"", ""market_activity_score"": 18.35, ""revenue_headroom_score"": 58.85, ""customer_acceptance_score"": 97.09, ""revenue_opportunity_score"": 69.75, ""operational_readiness_score"": 80.84}"
18,"Consolidated Growth Opportunities",119,"{""activity"": 18, ""entity_id"": ""c35672b10ad50968f567ea3f4b91e877"", ""entity_type"": ""Seller"", ""sales_value"": 1515.35, ""opportunity_tier"": ""High Opportunity"", ""market_activity_score"": 30.40, ""revenue_headroom_score"": 85.21, ""customer_acceptance_score"": 83.75, ""revenue_opportunity_score"": 69.72, ""operational_readiness_score"": 57.88}"
18,"Consolidated Growth Opportunities",120,"{""activity"": 34, ""entity_id"": ""e49c26c3edfa46d227d5121a6b6e4d37"", ""entity_type"": ""Seller"", ""sales_value"": 4765.66, ""opportunity_tier"": ""High Opportunity"", ""market_activity_score"": 53.92, ""revenue_headroom_score"": 49.96, ""customer_acceptance_score"": 88.12, ""revenue_opportunity_score"": 69.72, ""operational_readiness_score"": 80.84}"
18,"Consolidated Growth Opportunities",121,"{""activity"": 35, ""entity_id"": ""bf3c6d2a28b2b5501e6c15448982dcc9"", ""entity_type"": ""Seller"", ""sales_value"": 4648.15, ""opportunity_tier"": ""High Opportunity"", ""market_activity_score"": 54.65, ""revenue_headroom_score"": 50.85, ""customer_acceptance_score"": 90.62, ""revenue_opportunity_score"": 69.45, ""operational_readiness_score"": 75.26}"
18,"Consolidated Growth Opportunities",122,"{""activity"": 17, ""entity_id"": ""da7039f29f90ce5b4846ffc0fcc93beb"", ""entity_type"": ""Seller"", ""sales_value"": 1503.55, ""opportunity_tier"": ""High Opportunity"", ""market_activity_score"": 27.24, ""revenue_headroom_score"": 85.53, ""customer_acceptance_score"": 86.34, ""revenue_opportunity_score"": 69.43, ""operational_readiness_score"": 55.13}"
18,"Consolidated Growth Opportunities",123,"{""activity"": 46, ""entity_id"": ""83e197e95a1bbabc8c75e883ed016c47"", ""entity_type"": ""Seller"", ""sales_value"": 7535.52, ""opportunity_tier"": ""High Opportunity"", ""market_activity_score"": 63.86, ""revenue_headroom_score"": 36.14, ""customer_acceptance_score"": 98.14, ""revenue_opportunity_score"": 69.41, ""operational_readiness_score"": 78.17}"
18,"Consolidated Growth Opportunities",124,"{""activity"": 33, ""entity_id"": ""1caf283236cd69af44cbc09a0a1e7d32"", ""entity_type"": ""Seller"", ""sales_value"": 1530.25, ""opportunity_tier"": ""High Opportunity"", ""market_activity_score"": 52.87, ""revenue_headroom_score"": 84.88, ""customer_acceptance_score"": 91.11, ""revenue_opportunity_score"": 69.30, ""operational_readiness_score"": 34.28}"
18,"Consolidated Growth Opportunities",125,"{""activity"": 12, ""entity_id"": ""21e83881401b92b49fb09a16d3852291"", ""entity_type"": ""Seller"", ""sales_value"": 3606.09, ""opportunity_tier"": ""High Opportunity"", ""market_activity_score"": 10.35, ""revenue_headroom_score"": 59.58, ""customer_acceptance_score"": 98.71, ""revenue_opportunity_score"": 69.25, ""operational_readiness_score"": 80.84}"
18,"Consolidated Growth Opportunities",126,"{""activity"": 45, ""entity_id"": ""bccf933e006e9b94a6184af782963e77"", ""entity_type"": ""Seller"", ""sales_value"": 5047.21, ""opportunity_tier"": ""High Opportunity"", ""market_activity_score"": 63.14, ""revenue_headroom_score"": 48.42, ""customer_acceptance_score"": 85.77, ""revenue_opportunity_score"": 69.15, ""operational_readiness_score"": 77.69}"
18,"Consolidated Growth Opportunities",127,"{""activity"": 44, ""entity_id"": ""4da0e408c99d2fdc2126dc9fce518060"", ""entity_type"": ""Seller"", ""sales_value"": 3964.73, ""opportunity_tier"": ""High Opportunity"", ""market_activity_score"": 62.17, ""revenue_headroom_score"": 57.07, ""customer_acceptance_score"": 74.94, ""revenue_opportunity_score"": 69.14, ""operational_readiness_score"": 80.84}"
18,"Consolidated Growth Opportunities",128,"{""activity"": 13, ""entity_id"": ""caa9bc43a9fe8cf9c564ddd8a03cc4a6"", ""entity_type"": ""Seller"", ""sales_value"": 1037.74, ""opportunity_tier"": ""High Opportunity"", ""market_activity_score"": 15.44, ""revenue_headroom_score"": 92.16, ""customer_acceptance_score"": 94.18, ""revenue_opportunity_score"": 69.05, ""operational_readiness_score"": 43.33}"
18,"Consolidated Growth Opportunities",129,"{""activity"": 25, ""entity_id"": ""5debea795b07621e1f90532e18f96145"", ""entity_type"": ""Seller"", ""sales_value"": 2388.13, ""opportunity_tier"": ""High Opportunity"", ""market_activity_score"": 43.17, ""revenue_headroom_score"": 71.79, ""customer_acceptance_score"": 69.44, ""revenue_opportunity_score"": 69.05, ""operational_readiness_score"": 80.84}"
18,"Consolidated Growth Opportunities",130,"{""activity"": 21, ""entity_id"": ""52f9db5cfb423382a2fa5c9e39303202"", ""entity_type"": ""Seller"", ""sales_value"": 1564.53, ""opportunity_tier"": ""High Opportunity"", ""market_activity_score"": 36.62, ""revenue_headroom_score"": 83.91, ""customer_acceptance_score"": 60.55, ""revenue_opportunity_score"": 69.04, ""operational_readiness_score"": 80.84}"
18,"Consolidated Growth Opportunities",131,"{""activity"": 14, ""entity_id"": ""980640c45d7a4635885491d077167e4d"", ""entity_type"": ""Seller"", ""sales_value"": 1246.66, ""opportunity_tier"": ""High Opportunity"", ""market_activity_score"": 18.35, ""revenue_headroom_score"": 89.01, ""customer_acceptance_score"": 93.29, ""revenue_opportunity_score"": 69.00, ""operational_readiness_score"": 46.24}"
18,"Consolidated Growth Opportunities",132,"{""activity"": 25, ""entity_id"": ""e48b04bf1aa1ef711caebeb7aede6180"", ""entity_type"": ""Seller"", ""sales_value"": 3832.73, ""opportunity_tier"": ""High Opportunity"", ""market_activity_score"": 43.17, ""revenue_headroom_score"": 57.96, ""customer_acceptance_score"": 82.86, ""revenue_opportunity_score"": 68.93, ""operational_readiness_score"": 80.84}"
18,"Consolidated Growth Opportunities",133,"{""activity"": 15, ""entity_id"": ""ba5daa4041e1f15cdf34b76e3e18a450"", ""entity_type"": ""Seller"", ""sales_value"": 959.35, ""opportunity_tier"": ""High Opportunity"", ""market_activity_score"": 21.42, ""revenue_headroom_score"": 93.69, ""customer_acceptance_score"": 57.56, ""revenue_opportunity_score"": 68.80, ""operational_readiness_score"": 80.84}"
18,"Consolidated Growth Opportunities",134,"{""activity"": 10, ""entity_id"": ""f44b6f775a2b390380e0e30b5c9d3eee"", ""entity_type"": ""Seller"", ""sales_value"": 3188.24, ""opportunity_tier"": ""High Opportunity"", ""market_activity_score"": 0.00, ""revenue_headroom_score"": 63.06, ""customer_acceptance_score"": 98.87, ""revenue_opportunity_score"": 68.79, ""operational_readiness_score"": 80.84}"
18,"Consolidated Growth Opportunities",135,"{""activity"": 61, ""entity_id"": ""d57e18d5f73c7ccb7f7339b61166898d"", ""entity_type"": ""Seller"", ""sales_value"": 4111.19, ""opportunity_tier"": ""High Opportunity"", ""market_activity_score"": 70.98, ""revenue_headroom_score"": 56.02, ""customer_acceptance_score"": 77.36, ""revenue_opportunity_score"": 68.75, ""operational_readiness_score"": 72.35}"
18,"Consolidated Growth Opportunities",136,"{""activity"": 15, ""entity_id"": ""3c010235b7345c92f125d14ee232a76b"", ""entity_type"": ""Seller"", ""sales_value"": 4005.32, ""opportunity_tier"": ""High Opportunity"", ""market_activity_score"": 21.42, ""revenue_headroom_score"": 56.83, ""customer_acceptance_score"": 94.18, ""revenue_opportunity_score"": 68.73, ""operational_readiness_score"": 80.84}"
18,"Consolidated Growth Opportunities",137,"{""activity"": 39, ""entity_id"": ""113e3a788b935f48aad63e1c41dac1bd"", ""entity_type"": ""Seller"", ""sales_value"": 1533.95, ""opportunity_tier"": ""High Opportunity"", ""market_activity_score"": 58.29, ""revenue_headroom_score"": 84.72, ""customer_acceptance_score"": 63.86, ""revenue_opportunity_score"": 68.72, ""operational_readiness_score"": 61.60}"
18,"Consolidated Growth Opportunities",138,"{""activity"": 19, ""entity_id"": ""d9442042130b7fe579d1295f9f4a248f"", ""entity_type"": ""Seller"", ""sales_value"": 1111.04, ""opportunity_tier"": ""High Opportunity"", ""market_activity_score"": 32.82, ""revenue_headroom_score"": 91.35, ""customer_acceptance_score"": 70.74, ""revenue_opportunity_score"": 68.57, ""operational_readiness_score"": 60.06}"
18,"Consolidated Growth Opportunities",139,"{""activity"": 12, ""entity_id"": ""e256a62e0ac58c0edfba09966142d561"", ""entity_type"": ""Seller"", ""sales_value"": 1809.55, ""opportunity_tier"": ""High Opportunity"", ""market_activity_score"": 10.35, ""revenue_headroom_score"": 79.95, ""customer_acceptance_score"": 76.07, ""revenue_opportunity_score"": 68.57, ""operational_readiness_score"": 80.84}"
18,"Consolidated Growth Opportunities",140,"{""activity"": 11, ""entity_id"": ""77fccaae319668a8ab6cd0fd16aec48c"", ""entity_type"": ""Seller"", ""sales_value"": 1888.44, ""opportunity_tier"": ""High Opportunity"", ""market_activity_score"": 5.01, ""revenue_headroom_score"": 78.42, ""customer_acceptance_score"": 79.87, ""revenue_opportunity_score"": 68.45, ""operational_readiness_score"": 80.84}"
18,"Consolidated Growth Opportunities",141,"{""activity"": 13, ""entity_id"": ""a2deecd5398f5df4987110c80a1972a3"", ""entity_type"": ""Seller"", ""sales_value"": 845.80, ""opportunity_tier"": ""High Opportunity"", ""market_activity_score"": 15.44, ""revenue_headroom_score"": 94.99, ""customer_acceptance_score"": 57.96, ""revenue_opportunity_score"": 68.41, ""operational_readiness_score"": 80.84}"
18,"Consolidated Growth Opportunities",142,"{""activity"": 45, ""entity_id"": ""c68fb906c8f4b4b946d8386bfa6e5467"", ""entity_type"": ""Seller"", ""sales_value"": 5433.61, ""opportunity_tier"": ""High Opportunity"", ""market_activity_score"": 63.14, ""revenue_headroom_score"": 45.84, ""customer_acceptance_score"": 85.77, ""revenue_opportunity_score"": 68.38, ""operational_readiness_score"": 77.69}"
18,"Consolidated Growth Opportunities",143,"{""activity"": 50, ""entity_id"": ""25cf099de44674fde97473224f9d59ab"", ""entity_type"": ""Seller"", ""sales_value"": 2359.55, ""opportunity_tier"": ""High Opportunity"", ""market_activity_score"": 65.72, ""revenue_headroom_score"": 72.19, ""customer_acceptance_score"": 65.40, ""revenue_opportunity_score"": 68.19, ""operational_readiness_score"": 68.23}"
18,"Consolidated Growth Opportunities",144,"{""activity"": 17, ""entity_id"": ""8602a61d680a10a82cceeeda0d99ea3d"", ""entity_type"": ""Seller"", ""sales_value"": 1079.90, ""opportunity_tier"": ""High Opportunity"", ""market_activity_score"": 27.24, ""revenue_headroom_score"": 91.75, ""customer_acceptance_score"": 75.59, ""revenue_opportunity_score"": 68.07, ""operational_readiness_score"": 55.13}"
18,"Consolidated Growth Opportunities",145,"{""activity"": 16, ""entity_id"": ""8daab2245ebdc277c51098d01c5ad8ef"", ""entity_type"": ""Seller"", ""sales_value"": 1888.64, ""opportunity_tier"": ""High Opportunity"", ""market_activity_score"": 24.25, ""revenue_headroom_score"": 78.33, ""customer_acceptance_score"": 91.92, ""revenue_opportunity_score"": 67.95, ""operational_readiness_score"": 52.95}"
18,"Consolidated Growth Opportunities",146,"{""activity"": 21, ""entity_id"": ""5bffbafbb22daf6d3bfc216a46db8708"", ""entity_type"": ""Seller"", ""sales_value"": 5694.20, ""opportunity_tier"": ""High Opportunity"", ""market_activity_score"": 36.62, ""revenue_headroom_score"": 44.14, ""customer_acceptance_score"": 96.69, ""revenue_opportunity_score"": 67.95, ""operational_readiness_score"": 80.84}"
18,"Consolidated Growth Opportunities",147,"{""activity"": 27, ""entity_id"": ""cac876b37d3abcd6bd76caca30277996"", ""entity_type"": ""Seller"", ""sales_value"": 2958.79, ""opportunity_tier"": ""High Opportunity"", ""market_activity_score"": 45.68, ""revenue_headroom_score"": 65.00, ""customer_acceptance_score"": 80.92, ""revenue_opportunity_score"": 67.87, ""operational_readiness_score"": 68.96}"
18,"Consolidated Growth Opportunities",148,"{""activity"": 18, ""entity_id"": ""6aa3928696eab49a19a466e665a649fd"", ""entity_type"": ""Seller"", ""sales_value"": 2410.68, ""opportunity_tier"": ""High Opportunity"", ""market_activity_score"": 30.40, ""revenue_headroom_score"": 71.46, ""customer_acceptance_score"": 91.27, ""revenue_opportunity_score"": 67.85, ""operational_readiness_score"": 57.88}"
18,"Consolidated Growth Opportunities",149,"{""activity"": 19, ""entity_id"": ""e84ad2127668df3aafc6b73531a0beb8"", ""entity_type"": ""Seller"", ""sales_value"": 1273.73, ""opportunity_tier"": ""High Opportunity"", ""market_activity_score"": 32.82, ""revenue_headroom_score"": 88.92, ""customer_acceptance_score"": 70.74, ""revenue_opportunity_score"": 67.84, ""operational_readiness_score"": 60.06}"
18,"Consolidated Growth Opportunities",150,"{""activity"": 19, ""entity_id"": ""b494891378bd8f4560abe576c52deacd"", ""entity_type"": ""Seller"", ""sales_value"": 3134.98, ""opportunity_tier"": ""High Opportunity"", ""market_activity_score"": 32.82, ""revenue_headroom_score"": 63.30, ""customer_acceptance_score"": 96.12, ""revenue_opportunity_score"": 67.76, ""operational_readiness_score"": 60.06}"
18,"Consolidated Growth Opportunities",151,"{""activity"": 13, ""entity_id"": ""128f9bfbe4c7d5185033914b1de3d39a"", ""entity_type"": ""Seller"", ""sales_value"": 1519.37, ""opportunity_tier"": ""High Opportunity"", ""market_activity_score"": 15.44, ""revenue_headroom_score"": 85.13, ""customer_acceptance_score"": 96.85, ""revenue_opportunity_score"": 67.74, ""operational_readiness_score"": 43.33}"
18,"Consolidated Growth Opportunities",152,"{""activity"": 14, ""entity_id"": ""4a1f694197d05fe70026b016a7316b41"", ""entity_type"": ""Seller"", ""sales_value"": 1278.75, ""opportunity_tier"": ""High Opportunity"", ""market_activity_score"": 18.35, ""revenue_headroom_score"": 88.76, ""customer_acceptance_score"": 89.25, ""revenue_opportunity_score"": 67.72, ""operational_readiness_score"": 46.24}"
18,"Consolidated Growth Opportunities",153,"{""activity"": 34, ""entity_id"": ""a3dd39f583bc80bd8c5901c95878921e"", ""entity_type"": ""Seller"", ""sales_value"": 5412.16, ""opportunity_tier"": ""High Opportunity"", ""market_activity_score"": 53.92, ""revenue_headroom_score"": 46.08, ""customer_acceptance_score"": 90.22, ""revenue_opportunity_score"": 67.71, ""operational_readiness_score"": 74.94}"
18,"Consolidated Growth Opportunities",154,"{""activity"": 11, ""entity_id"": ""ff4e2d38692ce827b1a4f4b8196e680d"", ""entity_type"": ""Seller"", ""sales_value"": 669.18, ""opportunity_tier"": ""High Opportunity"", ""market_activity_score"": 5.01, ""revenue_headroom_score"": 97.57, ""customer_acceptance_score"": 58.12, ""revenue_opportunity_score"": 67.67, ""operational_readiness_score"": 80.84}"
18,"Consolidated Growth Opportunities",155,"{""activity"": 42, ""entity_id"": ""b410bdd36d5db7a65dcd42b7ead933b8"", ""entity_type"": ""Seller"", ""sales_value"": 8319.71, ""opportunity_tier"": ""High Opportunity"", ""market_activity_score"": 60.71, ""revenue_headroom_score"": 32.58, ""customer_acceptance_score"": 98.22, ""revenue_opportunity_score"": 67.65, ""operational_readiness_score"": 77.20}"
18,"Consolidated Growth Opportunities",156,"{""activity"": 12, ""entity_id"": ""cfd7ddab722b902f7ac5b5f3ba6d723d"", ""entity_type"": ""Seller"", ""sales_value"": 4058.11, ""opportunity_tier"": ""High Opportunity"", ""market_activity_score"": 10.35, ""revenue_headroom_score"": 56.43, ""customer_acceptance_score"": 96.20, ""revenue_opportunity_score"": 67.55, ""operational_readiness_score"": 80.84}"
18,"Consolidated Growth Opportunities",157,"{""activity"": 41, ""entity_id"": ""e63e8bfa530fb16910dd6956e592bb81"", ""entity_type"": ""Seller"", ""sales_value"": 1928.21, ""opportunity_tier"": ""High Opportunity"", ""market_activity_score"": 59.90, ""revenue_headroom_score"": 77.61, ""customer_acceptance_score"": 64.11, ""revenue_opportunity_score"": 67.36, ""operational_readiness_score"": 63.46}"
18,"Consolidated Growth Opportunities",158,"{""activity"": 33, ""entity_id"": ""5160d23075764e18e07c1f4a87fad743"", ""entity_type"": ""Seller"", ""sales_value"": 2837.64, ""opportunity_tier"": ""High Opportunity"", ""market_activity_score"": 52.87, ""revenue_headroom_score"": 66.45, ""customer_acceptance_score"": 69.77, ""revenue_opportunity_score"": 67.33, ""operational_readiness_score"": 74.13}"
18,"Consolidated Growth Opportunities",159,"{""activity"": 29, ""entity_id"": ""0bb738e4d789e63e2267697c42d35a2d"", ""entity_type"": ""Seller"", ""sales_value"": 2925.34, ""opportunity_tier"": ""High Opportunity"", ""market_activity_score"": 48.10, ""revenue_headroom_score"": 65.72, ""customer_acceptance_score"": 93.94, ""revenue_opportunity_score"": 67.32, ""operational_readiness_score"": 48.83}"
18,"Consolidated Growth Opportunities",160,"{""activity"": 12, ""entity_id"": ""d1c7fa84e48cfa21a0e595167c1c500e"", ""entity_type"": ""Seller"", ""sales_value"": 1477.38, ""opportunity_tier"": ""High Opportunity"", ""market_activity_score"": 10.35, ""revenue_headroom_score"": 85.85, ""customer_acceptance_score"": 65.97, ""revenue_opportunity_score"": 67.31, ""operational_readiness_score"": 80.84}"
18,"Consolidated Growth Opportunities",161,"{""activity"": 14, ""entity_id"": ""ce616e1913288884e7742faac9d981db"", ""entity_type"": ""Seller"", ""sales_value"": 593.45, ""opportunity_tier"": ""High Opportunity"", ""market_activity_score"": 18.35, ""revenue_headroom_score"": 98.71, ""customer_acceptance_score"": 77.93, ""revenue_opportunity_score"": 67.30, ""operational_readiness_score"": 46.24}"
18,"Consolidated Growth Opportunities",162,"{""activity"": 44, ""entity_id"": ""acce39e832338debb07b02385cde5967"", ""entity_type"": ""Seller"", ""sales_value"": 5923.66, ""opportunity_tier"": ""High Opportunity"", ""market_activity_score"": 62.17, ""revenue_headroom_score"": 42.52, ""customer_acceptance_score"": 82.70, ""revenue_opportunity_score"": 67.10, ""operational_readiness_score"": 80.84}"
18,"Consolidated Growth Opportunities",163,"{""activity"": 112, ""entity_id"": ""fc906263ca5083d09dce42fe02247800"", ""entity_type"": ""Seller"", ""sales_value"": 6273.28, ""opportunity_tier"": ""High Opportunity"", ""market_activity_score"": 85.13, ""revenue_headroom_score"": 40.82, ""customer_acceptance_score"": 72.92, ""revenue_opportunity_score"": 67.10, ""operational_readiness_score"": 80.84}"
18,"Consolidated Growth Opportunities",164,"{""activity"": 12, ""entity_id"": ""0a85ebe4e328db81ac9109781205e2f7"", ""entity_type"": ""Seller"", ""sales_value"": 805.65, ""opportunity_tier"": ""High Opportunity"", ""market_activity_score"": 10.35, ""revenue_headroom_score"": 95.63, ""customer_acceptance_score"": 89.73, ""revenue_opportunity_score"": 67.03, ""operational_readiness_score"": 39.45}"
18,"Consolidated Growth Opportunities",165,"{""activity"": 57, ""entity_id"": ""376a891762bbdecbc02b4b6adec3fdda"", ""entity_type"": ""Seller"", ""sales_value"": 7693.63, ""opportunity_tier"": ""High Opportunity"", ""market_activity_score"": 69.44, ""revenue_headroom_score"": 35.49, ""customer_acceptance_score"": 94.02, ""revenue_opportunity_score"": 66.99, ""operational_readiness_score"": 70.90}"
18,"Consolidated Growth Opportunities",166,"{""activity"": 29, ""entity_id"": ""1464afc72f696af775557a821c2e253f"", ""entity_type"": ""Seller"", ""sales_value"": 1513.78, ""opportunity_tier"": ""High Opportunity"", ""market_activity_score"": 48.10, ""revenue_headroom_score"": 85.37, ""customer_acceptance_score"": 54.16, ""revenue_opportunity_score"": 66.84, ""operational_readiness_score"": 71.06}"
18,"Consolidated Growth Opportunities",167,"{""activity"": 10, ""entity_id"": ""01bcc9d254a0143f0ce9791b960b2a47"", ""entity_type"": ""Seller"", ""sales_value"": 1644.69, ""opportunity_tier"": ""High Opportunity"", ""market_activity_score"": 0.00, ""revenue_headroom_score"": 82.13, ""customer_acceptance_score"": 73.24, ""revenue_opportunity_score"": 66.82, ""operational_readiness_score"": 80.84}"
18,"Consolidated Growth Opportunities",168,"{""activity"": 35, ""entity_id"": ""fde0cc9ea29c8ccfc0a2c22256a58c71"", ""entity_type"": ""Seller"", ""sales_value"": 4921.27, ""opportunity_tier"": ""High Opportunity"", ""market_activity_score"": 54.65, ""revenue_headroom_score"": 48.99, ""customer_acceptance_score"": 83.59, ""revenue_opportunity_score"": 66.79, ""operational_readiness_score"": 75.26}"
18,"Consolidated Growth Opportunities",169,"{""activity"": 12, ""entity_id"": ""d6ab728cf30867cf3f1a2e216ae2f9b7"", ""entity_type"": ""Seller"", ""sales_value"": 2233.82, ""opportunity_tier"": ""High Opportunity"", ""market_activity_score"": 10.35, ""revenue_headroom_score"": 73.97, ""customer_acceptance_score"": 76.07, ""revenue_opportunity_score"": 66.77, ""operational_readiness_score"": 80.84}"
18,"Consolidated Growth Opportunities",170,"{""activity"": 10, ""entity_id"": ""c5f7e746b7e6d07def6c0dae9903279b"", ""entity_type"": ""Seller"", ""sales_value"": 1658.92, ""opportunity_tier"": ""High Opportunity"", ""market_activity_score"": 0.00, ""revenue_headroom_score"": 81.89, ""customer_acceptance_score"": 73.24, ""revenue_opportunity_score"": 66.75, ""operational_readiness_score"": 80.84}"
18,"Consolidated Growth Opportunities",171,"{""activity"": 18, ""entity_id"": ""dfc475d54e1b6dbeeb7d7d9bdaa63827"", ""entity_type"": ""Seller"", ""sales_value"": 2122.13, ""opportunity_tier"": ""High Opportunity"", ""market_activity_score"": 30.40, ""revenue_headroom_score"": 75.18, ""customer_acceptance_score"": 83.75, ""revenue_opportunity_score"": 66.71, ""operational_readiness_score"": 57.88}"
18,"Consolidated Growth Opportunities",172,"{""activity"": 76, ""entity_id"": ""d12c926d74ceff0a90a21184466ce161"", ""entity_type"": ""Seller"", ""sales_value"": 5075.68, ""opportunity_tier"": ""High Opportunity"", ""market_activity_score"": 76.72, ""revenue_headroom_score"": 48.26, ""customer_acceptance_score"": 68.88, ""revenue_opportunity_score"": 66.70, ""operational_readiness_score"": 80.19}"
18,"Consolidated Growth Opportunities",173,"{""activity"": 89, ""entity_id"": ""725c32fa80c2faacc4fc88450d27314e"", ""entity_type"": ""Seller"", ""sales_value"": 9166.66, ""opportunity_tier"": ""High Opportunity"", ""market_activity_score"": 80.52, ""revenue_headroom_score"": 29.10, ""customer_acceptance_score"": 85.69, ""revenue_opportunity_score"": 66.65, ""operational_readiness_score"": 80.52}"
18,"Consolidated Growth Opportunities",174,"{""activity"": 12, ""entity_id"": ""2addf05f476d0637864454e93ba673d5"", ""entity_type"": ""Seller"", ""sales_value"": 4877.64, ""opportunity_tier"": ""High Opportunity"", ""market_activity_score"": 10.35, ""revenue_headroom_score"": 49.31, ""customer_acceptance_score"": 99.92, ""revenue_opportunity_score"": 66.53, ""operational_readiness_score"": 80.84}"
18,"Consolidated Growth Opportunities",175,"{""activity"": 10, ""entity_id"": ""b127efdabeffb5d559349c7b172eb75d"", ""entity_type"": ""Seller"", ""sales_value"": 421.27, ""opportunity_tier"": ""High Opportunity"", ""market_activity_score"": 0.00, ""revenue_headroom_score"": 100.00, ""customer_acceptance_score"": 97.33, ""revenue_opportunity_score"": 66.48, ""operational_readiness_score"": 29.10}"
18,"Consolidated Growth Opportunities",176,"{""activity"": 38, ""entity_id"": ""d66c305afaec317ebee552073a674429"", ""entity_type"": ""Seller"", ""sales_value"": 5235.50, ""opportunity_tier"": ""High Opportunity"", ""market_activity_score"": 57.56, ""revenue_headroom_score"": 47.21, ""customer_acceptance_score"": 82.22, ""revenue_opportunity_score"": 66.46, ""operational_readiness_score"": 75.99}"
18,"Consolidated Growth Opportunities",177,"{""activity"": 48, ""entity_id"": ""729b2d09b2a0bdab221076327f13d050"", ""entity_type"": ""Seller"", ""sales_value"": 2739.91, ""opportunity_tier"": ""High Opportunity"", ""market_activity_score"": 64.83, ""revenue_headroom_score"": 67.74, ""customer_acceptance_score"": 88.44, ""revenue_opportunity_score"": 66.44, ""operational_readiness_score"": 39.45}"
18,"Consolidated Growth Opportunities",178,"{""activity"": 82, ""entity_id"": ""8bb48dc19fccaa8613b6229bf7f452a2"", ""entity_type"": ""Seller"", ""sales_value"": 6048.12, ""opportunity_tier"": ""High Opportunity"", ""market_activity_score"": 78.66, ""revenue_headroom_score"": 41.96, ""customer_acceptance_score"": 75.91, ""revenue_opportunity_score"": 66.42, ""operational_readiness_score"": 77.04}"
18,"Consolidated Growth Opportunities",179,"{""activity"": 30, ""entity_id"": ""c8b3445d737de6befde0c88ede534a5e"", ""entity_type"": ""Seller"", ""sales_value"": 3800.79, ""opportunity_tier"": ""High Opportunity"", ""market_activity_score"": 49.39, ""revenue_headroom_score"": 58.21, ""customer_acceptance_score"": 78.50, ""revenue_opportunity_score"": 66.37, ""operational_readiness_score"": 71.79}"
18,"Consolidated Growth Opportunities",180,"{""activity"": 10, ""entity_id"": ""9dd59e43f0c9f0553244e8f9c2fb247e"", ""entity_type"": ""Seller"", ""sales_value"": 508.12, ""opportunity_tier"": ""High Opportunity"", ""market_activity_score"": 0.00, ""revenue_headroom_score"": 99.43, ""customer_acceptance_score"": 97.33, ""revenue_opportunity_score"": 66.31, ""operational_readiness_score"": 29.10}"
18,"Consolidated Growth Opportunities",181,"{""activity"": 12, ""entity_id"": ""6d22a1fcebb6dd08c9cd90b92a93e8d0"", ""entity_type"": ""Seller"", ""sales_value"": 946.43, ""opportunity_tier"": ""High Opportunity"", ""market_activity_score"": 10.35, ""revenue_headroom_score"": 93.78, ""customer_acceptance_score"": 54.73, ""revenue_opportunity_score"": 66.31, ""operational_readiness_score"": 80.84}"
18,"Consolidated Growth Opportunities",182,"{""activity"": 21, ""entity_id"": ""02ecc2a19303f05e59ce133fd923fff7"", ""entity_type"": ""Seller"", ""sales_value"": 5742.40, ""opportunity_tier"": ""High Opportunity"", ""market_activity_score"": 36.62, ""revenue_headroom_score"": 43.65, ""customer_acceptance_score"": 91.67, ""revenue_opportunity_score"": 66.30, ""operational_readiness_score"": 80.84}"
18,"Consolidated Growth Opportunities",183,"{""activity"": 60, ""entity_id"": ""709e16e2b25c7474d980076c6bfc4806"", ""entity_type"": ""Seller"", ""sales_value"": 6378.86, ""opportunity_tier"": ""High Opportunity"", ""market_activity_score"": 70.74, ""revenue_headroom_score"": 40.10, ""customer_acceptance_score"": 85.61, ""revenue_opportunity_score"": 66.27, ""operational_readiness_score"": 71.79}"
18,"Consolidated Growth Opportunities",184,"{""activity"": 22, ""entity_id"": ""4200ddf1967c5e41e48db62bc6d4b5ac"", ""entity_type"": ""Seller"", ""sales_value"": 1222.73, ""opportunity_tier"": ""High Opportunity"", ""market_activity_score"": 38.72, ""revenue_headroom_score"": 89.89, ""customer_acceptance_score"": 57.24, ""revenue_opportunity_score"": 66.24, ""operational_readiness_score"": 65.16}"
18,"Consolidated Growth Opportunities",185,"{""activity"": 22, ""entity_id"": ""f0837c8d71434931d9e38e7b79234797"", ""entity_type"": ""Seller"", ""sales_value"": 4049.36, ""opportunity_tier"": ""High Opportunity"", ""market_activity_score"": 38.72, ""revenue_headroom_score"": 56.51, ""customer_acceptance_score"": 90.46, ""revenue_opportunity_score"": 66.19, ""operational_readiness_score"": 65.16}"
18,"Consolidated Growth Opportunities",186,"{""activity"": 17, ""entity_id"": ""1430239a858e7682bbc43b20758af153"", ""entity_type"": ""Seller"", ""sales_value"": 888.64, ""opportunity_tier"": ""High Opportunity"", ""market_activity_score"": 27.24, ""revenue_headroom_score"": 94.26, ""customer_acceptance_score"": 45.35, ""revenue_opportunity_score"": 66.18, ""operational_readiness_score"": 80.84}"
18,"Consolidated Growth Opportunities",187,"{""activity"": 10, ""entity_id"": ""9c690ceacd5c66731bf443ea810195cb"", ""entity_type"": ""Seller"", ""sales_value"": 1121.02, ""opportunity_tier"": ""High Opportunity"", ""market_activity_score"": 0.00, ""revenue_headroom_score"": 91.27, ""customer_acceptance_score"": 61.76, ""revenue_opportunity_score"": 66.12, ""operational_readiness_score"": 80.84}"
18,"Consolidated Growth Opportunities",188,"{""activity"": 10, ""entity_id"": ""cbf09e831b0c11f6f23ffb51004db972"", ""entity_type"": ""Seller"", ""sales_value"": 1815.40, ""opportunity_tier"": ""High Opportunity"", ""market_activity_score"": 0.00, ""revenue_headroom_score"": 79.79, ""customer_acceptance_score"": 73.24, ""revenue_opportunity_score"": 66.12, ""operational_readiness_score"": 80.84}"
18,"Consolidated Growth Opportunities",189,"{""activity"": 19, ""entity_id"": ""65b081a070633e057c462abdd6fb9dd8"", ""entity_type"": ""Seller"", ""sales_value"": 2326.67, ""opportunity_tier"": ""High Opportunity"", ""market_activity_score"": 32.82, ""revenue_headroom_score"": 72.68, ""customer_acceptance_score"": 63.86, ""revenue_opportunity_score"": 66.10, ""operational_readiness_score"": 80.84}"
18,"Consolidated Growth Opportunities",190,"{""activity"": 122, ""entity_id"": ""080102cd0a76b09e0dcf55fcacc60e05"", ""entity_type"": ""Seller"", ""sales_value"": 7773.48, ""opportunity_tier"": ""High Opportunity"", ""market_activity_score"": 86.18, ""revenue_headroom_score"": 34.92, ""customer_acceptance_score"": 85.53, ""revenue_opportunity_score"": 66.08, ""operational_readiness_score"": 68.07}"
18,"Consolidated Growth Opportunities",191,"{""activity"": 10, ""entity_id"": ""6bbcb8924baf70b7fe2fe2097e8cd407"", ""entity_type"": ""Seller"", ""sales_value"": 2646.83, ""opportunity_tier"": ""High Opportunity"", ""market_activity_score"": 0.00, ""revenue_headroom_score"": 68.96, ""customer_acceptance_score"": 83.75, ""revenue_opportunity_score"": 66.02, ""operational_readiness_score"": 80.84}"
18,"Consolidated Growth Opportunities",192,"{""activity"": 10, ""entity_id"": ""2d42ebcda99fd55f6f4bc2f1ca035d50"", ""entity_type"": ""Seller"", ""sales_value"": 1203.97, ""opportunity_tier"": ""High Opportunity"", ""market_activity_score"": 0.00, ""revenue_headroom_score"": 90.14, ""customer_acceptance_score"": 61.76, ""revenue_opportunity_score"": 65.78, ""operational_readiness_score"": 80.84}"
18,"Consolidated Growth Opportunities",193,"{""activity"": 13, ""entity_id"": ""6e864f5c4669eff3d98140a07cc50202"", ""entity_type"": ""Seller"", ""sales_value"": 932.36, ""opportunity_tier"": ""High Opportunity"", ""market_activity_score"": 15.44, ""revenue_headroom_score"": 94.02, ""customer_acceptance_score"": 80.92, ""revenue_opportunity_score"": 65.63, ""operational_readiness_score"": 43.33}"
18,"Consolidated Growth Opportunities",194,"{""activity"": 10, ""entity_id"": ""5a6a02f419701fc8c605af71d4fc57a4"", ""entity_type"": ""Seller"", ""sales_value"": 714.41, ""opportunity_tier"": ""High Opportunity"", ""market_activity_score"": 0.00, ""revenue_headroom_score"": 97.01, ""customer_acceptance_score"": 97.33, ""revenue_opportunity_score"": 65.58, ""operational_readiness_score"": 29.10}"
18,"Consolidated Growth Opportunities",195,"{""activity"": 87, ""entity_id"": ""2ff97219cb8622eaf3cd89b7d9c09824"", ""entity_type"": ""Seller"", ""sales_value"": 5698.70, ""opportunity_tier"": ""High Opportunity"", ""market_activity_score"": 80.03, ""revenue_headroom_score"": 44.06, ""customer_acceptance_score"": 86.98, ""revenue_opportunity_score"": 65.53, ""operational_readiness_score"": 56.83}"
18,"Consolidated Growth Opportunities",196,"{""activity"": 11, ""entity_id"": ""659e8466eb3ff1b0e8740d74fb7bbedd"", ""entity_type"": ""Seller"", ""sales_value"": 1880.00, ""opportunity_tier"": ""High Opportunity"", ""market_activity_score"": 5.01, ""revenue_headroom_score"": 78.58, ""customer_acceptance_score"": 69.77, ""revenue_opportunity_score"": 65.46, ""operational_readiness_score"": 80.84}"
18,"Consolidated Growth Opportunities",197,"{""activity"": 31, ""entity_id"": ""f67efa3f0b6761102a7f8c6b7b571f5d"", ""entity_type"": ""Seller"", ""sales_value"": 6030.17, ""opportunity_tier"": ""High Opportunity"", ""market_activity_score"": 50.69, ""revenue_headroom_score"": 42.20, ""customer_acceptance_score"": 83.27, ""revenue_opportunity_score"": 65.45, ""operational_readiness_score"": 80.84}"
18,"Consolidated Growth Opportunities",198,"{""activity"": 16, ""entity_id"": ""25e47381a6c510ddeb36084e33b89f0c"", ""entity_type"": ""Seller"", ""sales_value"": 1571.71, ""opportunity_tier"": ""High Opportunity"", ""market_activity_score"": 24.25, ""revenue_headroom_score"": 83.75, ""customer_acceptance_score"": 54.73, ""revenue_opportunity_score"": 65.39, ""operational_readiness_score"": 80.84}"
18,"Consolidated Growth Opportunities",199,"{""activity"": 22, ""entity_id"": ""e9511df20ccd82658a30c37b7fb343af"", ""entity_type"": ""Seller"", ""sales_value"": 2823.10, ""opportunity_tier"": ""High Opportunity"", ""market_activity_score"": 38.72, ""revenue_headroom_score"": 66.94, ""customer_acceptance_score"": 64.27, ""revenue_opportunity_score"": 65.38, ""operational_readiness_score"": 80.84}"
18,"Consolidated Growth Opportunities",200,"{""activity"": 12, ""entity_id"": ""1d29dfba02015238dfbe2449a5eaa361"", ""entity_type"": ""Seller"", ""sales_value"": 789.92, ""opportunity_tier"": ""High Opportunity"", ""market_activity_score"": 10.35, ""revenue_headroom_score"": 95.96, ""customer_acceptance_score"": 83.75, ""revenue_opportunity_score"": 65.33, ""operational_readiness_score"": 39.45}"
18,"Consolidated Growth Opportunities",201,"{""activity"": 11, ""entity_id"": ""d4910f1cdcfdabd48d6b316e395d4a23"", ""entity_type"": ""Seller"", ""sales_value"": 1361.92, ""opportunity_tier"": ""High Opportunity"", ""market_activity_score"": 5.01, ""revenue_headroom_score"": 87.15, ""customer_acceptance_score"": 99.27, ""revenue_opportunity_score"": 65.25, ""operational_readiness_score"": 34.28}"
18,"Consolidated Growth Opportunities",202,"{""activity"": 19, ""entity_id"": ""8ed8ea9a57c862f2c18c2fe41f601d56"", ""entity_type"": ""Seller"", ""sales_value"": 4562.97, ""opportunity_tier"": ""High Opportunity"", ""market_activity_score"": 32.82, ""revenue_headroom_score"": 51.50, ""customer_acceptance_score"": 82.22, ""revenue_opportunity_score"": 65.25, ""operational_readiness_score"": 80.84}"
18,"Consolidated Growth Opportunities",203,"{""activity"": 12, ""entity_id"": ""985c92cc412091f8529c12d7f23d3fef"", ""entity_type"": ""Seller"", ""sales_value"": 1606.63, ""opportunity_tier"": ""High Opportunity"", ""market_activity_score"": 10.35, ""revenue_headroom_score"": 82.94, ""customer_acceptance_score"": 96.20, ""revenue_opportunity_score"": 65.16, ""operational_readiness_score"": 39.45}"
18,"Consolidated Growth Opportunities",204,"{""activity"": 22, ""entity_id"": ""916c9de0b5ad957346eeeb12f332687e"", ""entity_type"": ""Seller"", ""sales_value"": 5814.27, ""opportunity_tier"": ""High Opportunity"", ""market_activity_score"": 38.72, ""revenue_headroom_score"": 43.17, ""customer_acceptance_score"": 87.31, ""revenue_opportunity_score"": 65.16, ""operational_readiness_score"": 80.84}"
18,"Consolidated Growth Opportunities",205,"{""activity"": 62, ""entity_id"": ""1838dd9b8977065acf51d95e0053ea7a"", ""entity_type"": ""Seller"", ""sales_value"": 3963.29, ""opportunity_tier"": ""High Opportunity"", ""market_activity_score"": 71.62, ""revenue_headroom_score"": 57.15, ""customer_acceptance_score"": 71.06, ""revenue_opportunity_score"": 65.15, ""operational_readiness_score"": 63.78}"
18,"Consolidated Growth Opportunities",206,"{""activity"": 12, ""entity_id"": ""1dcfa3835714681d4ba4a93bc1e0fd41"", ""entity_type"": ""Seller"", ""sales_value"": 1483.48, ""opportunity_tier"": ""High Opportunity"", ""market_activity_score"": 10.35, ""revenue_headroom_score"": 85.77, ""customer_acceptance_score"": 58.53, ""revenue_opportunity_score"": 65.05, ""operational_readiness_score"": 80.84}"
18,"Consolidated Growth Opportunities",207,"{""activity"": 36, ""entity_id"": ""5cbbd5a299cab112b7bf23862255e43e"", ""entity_type"": ""Seller"", ""sales_value"": 3385.21, ""opportunity_tier"": ""High Opportunity"", ""market_activity_score"": 56.02, ""revenue_headroom_score"": 61.03, ""customer_acceptance_score"": 59.66, ""revenue_opportunity_score"": 64.82, ""operational_readiness_score"": 80.84}"
18,"Consolidated Growth Opportunities",208,"{""activity"": 62, ""entity_id"": ""57e632711dec9ec14ca7546769483e7e"", ""entity_type"": ""Seller"", ""sales_value"": 7558.04, ""opportunity_tier"": ""High Opportunity"", ""market_activity_score"": 71.62, ""revenue_headroom_score"": 35.89, ""customer_acceptance_score"": 76.80, ""revenue_opportunity_score"": 64.76, ""operational_readiness_score"": 80.84}"
18,"Consolidated Growth Opportunities",209,"{""activity"": 43, ""entity_id"": ""33a17d60c64393351ebf1ef860f4e0f2"", ""entity_type"": ""Seller"", ""sales_value"": 9431.86, ""opportunity_tier"": ""High Opportunity"", ""market_activity_score"": 61.52, ""revenue_headroom_score"": 28.05, ""customer_acceptance_score"": 92.16, ""revenue_opportunity_score"": 64.65, ""operational_readiness_score"": 77.45}"
18,"Consolidated Growth Opportunities",210,"{""activity"": 21, ""entity_id"": ""3d5d0dc7073a299e31fa718ce1bc00b6"", ""entity_type"": ""Seller"", ""sales_value"": 1027.12, ""opportunity_tier"": ""High Opportunity"", ""market_activity_score"": 36.62, ""revenue_headroom_score"": 92.24, ""customer_acceptance_score"": 77.61, ""revenue_opportunity_score"": 64.63, ""operational_readiness_score"": 32.74}"
18,"Consolidated Growth Opportunities",211,"{""activity"": 18, ""entity_id"": ""ffdd9f82b9a447f6f8d4b91554cc7dd3"", ""entity_type"": ""Seller"", ""sales_value"": 2828.66, ""opportunity_tier"": ""High Opportunity"", ""market_activity_score"": 30.40, ""revenue_headroom_score"": 66.86, ""customer_acceptance_score"": 65.97, ""revenue_opportunity_score"": 64.62, ""operational_readiness_score"": 80.84}"
18,"Consolidated Growth Opportunities",212,"{""activity"": 82, ""entity_id"": ""0432ead42b6c8a0bdf68154add917fdf"", ""entity_type"": ""Seller"", ""sales_value"": 8754.40, ""opportunity_tier"": ""High Opportunity"", ""market_activity_score"": 78.66, ""revenue_headroom_score"": 30.72, ""customer_acceptance_score"": 86.66, ""revenue_opportunity_score"": 64.49, ""operational_readiness_score"": 69.93}"
18,"Consolidated Growth Opportunities",213,"{""activity"": 17, ""entity_id"": ""d06d019f72a04e5497a0b64190af170c"", ""entity_type"": ""Seller"", ""sales_value"": 2641.44, ""opportunity_tier"": ""High Opportunity"", ""market_activity_score"": 27.24, ""revenue_headroom_score"": 69.04, ""customer_acceptance_score"": 86.34, ""revenue_opportunity_score"": 64.48, ""operational_readiness_score"": 55.13}"
18,"Consolidated Growth Opportunities",214,"{""activity"": 15, ""entity_id"": ""7238a95bb63ef7e498389fb863b834a1"", ""entity_type"": ""Seller"", ""sales_value"": 2835.11, ""opportunity_tier"": ""High Opportunity"", ""market_activity_score"": 21.42, ""revenue_headroom_score"": 66.61, ""customer_acceptance_score"": 95.96, ""revenue_opportunity_score"": 64.47, ""operational_readiness_score"": 49.96}"
18,"Consolidated Growth Opportunities",215,"{""activity"": 40, ""entity_id"": ""1d4587203296c8f4ad134dc286fa6db0"", ""entity_type"": ""Seller"", ""sales_value"": 2941.91, ""opportunity_tier"": ""High Opportunity"", ""market_activity_score"": 59.26, ""revenue_headroom_score"": 65.40, ""customer_acceptance_score"": 68.15, ""revenue_opportunity_score"": 64.47, ""operational_readiness_score"": 62.09}"
18,"Consolidated Growth Opportunities",216,"{""activity"": 74, ""entity_id"": ""516e7738bd8f735ac19a010ee5450d8d"", ""entity_type"": ""Seller"", ""sales_value"": 7905.69, ""opportunity_tier"": ""High Opportunity"", ""market_activity_score"": 76.15, ""revenue_headroom_score"": 34.36, ""customer_acceptance_score"": 92.56, ""revenue_opportunity_score"": 64.41, ""operational_readiness_score"": 59.66}"
18,"Consolidated Growth Opportunities",217,"{""activity"": 62, ""entity_id"": ""5f1dc28029d2c244352a68107ec2b542"", ""entity_type"": ""Seller"", ""sales_value"": 3803.46, ""opportunity_tier"": ""High Opportunity"", ""market_activity_score"": 71.62, ""revenue_headroom_score"": 58.12, ""customer_acceptance_score"": 77.36, ""revenue_opportunity_score"": 64.39, ""operational_readiness_score"": 51.98}"
18,"Consolidated Growth Opportunities",218,"{""activity"": 40, ""entity_id"": ""20d83f3ef0e6925fd74bfd59170babf7"", ""entity_type"": ""Seller"", ""sales_value"": 3557.21, ""opportunity_tier"": ""High Opportunity"", ""market_activity_score"": 59.26, ""revenue_headroom_score"": 59.98, ""customer_acceptance_score"": 73.24, ""revenue_opportunity_score"": 64.38, ""operational_readiness_score"": 62.09}"
18,"Consolidated Growth Opportunities",219,"{""activity"": 27, ""entity_id"": ""cc3d14116804f7209f3884f6367f1152"", ""entity_type"": ""Seller"", ""sales_value"": 6060.59, ""opportunity_tier"": ""High Opportunity"", ""market_activity_score"": 45.68, ""revenue_headroom_score"": 41.88, ""customer_acceptance_score"": 92.40, ""revenue_opportunity_score"": 64.37, ""operational_readiness_score"": 68.96}"
18,"Consolidated Growth Opportunities",220,"{""activity"": 21, ""entity_id"": ""bd697db56ff8e7c9cd1abeb7f72029b2"", ""entity_type"": ""Seller"", ""sales_value"": 3198.93, ""opportunity_tier"": ""High Opportunity"", ""market_activity_score"": 36.62, ""revenue_headroom_score"": 62.89, ""customer_acceptance_score"": 65.97, ""revenue_opportunity_score"": 64.36, ""operational_readiness_score"": 80.84}"
18,"Consolidated Growth Opportunities",221,"{""activity"": 109, ""entity_id"": ""289cdb325fb7e7f891c38608bf9e0962"", ""entity_type"": ""Seller"", ""sales_value"": 15486.07, ""opportunity_tier"": ""High Opportunity"", ""market_activity_score"": 84.80, ""revenue_headroom_score"": 15.68, ""customer_acceptance_score"": 90.14, ""revenue_opportunity_score"": 64.29, ""operational_readiness_score"": 79.30}"
18,"Consolidated Growth Opportunities",222,"{""activity"": 33, ""entity_id"": ""cc5a78bbad32776dc4e3af205218368c"", ""entity_type"": ""Seller"", ""sales_value"": 5573.35, ""opportunity_tier"": ""High Opportunity"", ""market_activity_score"": 52.87, ""revenue_headroom_score"": 45.11, ""customer_acceptance_score"": 80.11, ""revenue_opportunity_score"": 64.03, ""operational_readiness_score"": 74.13}"
18,"Consolidated Growth Opportunities",223,"{""activity"": 108, ""entity_id"": ""8c16d1f32a54d92897cc437244442e1b"", ""entity_type"": ""Seller"", ""sales_value"": 7754.67, ""opportunity_tier"": ""High Opportunity"", ""market_activity_score"": 84.48, ""revenue_headroom_score"": 35.08, ""customer_acceptance_score"": 68.80, ""revenue_opportunity_score"": 64.01, ""operational_readiness_score"": 80.68}"
18,"Consolidated Growth Opportunities",224,"{""activity"": 112, ""entity_id"": ""6c7d50c24b3ccd2fd83b44d8bb34e073"", ""entity_type"": ""Seller"", ""sales_value"": 11123.79, ""opportunity_tier"": ""High Opportunity"", ""market_activity_score"": 85.13, ""revenue_headroom_score"": 24.49, ""customer_acceptance_score"": 79.79, ""revenue_opportunity_score"": 63.92, ""operational_readiness_score"": 79.47}"
18,"Consolidated Growth Opportunities",225,"{""activity"": 10, ""entity_id"": ""b2c97074649f92197d9387d9033dda5f"", ""entity_type"": ""Seller"", ""sales_value"": 964.08, ""opportunity_tier"": ""High Opportunity"", ""market_activity_score"": 0.00, ""revenue_headroom_score"": 93.53, ""customer_acceptance_score"": 95.23, ""revenue_opportunity_score"": 63.90, ""operational_readiness_score"": 29.10}"
18,"Consolidated Growth Opportunities",226,"{""activity"": 11, ""entity_id"": ""d4ffeb15b67e81ff9af2b4252d99fb7e"", ""entity_type"": ""Seller"", ""sales_value"": 1724.81, ""opportunity_tier"": ""High Opportunity"", ""market_activity_score"": 5.01, ""revenue_headroom_score"": 81.08, ""customer_acceptance_score"": 61.76, ""revenue_opportunity_score"": 63.82, ""operational_readiness_score"": 80.84}"
18,"Consolidated Growth Opportunities",227,"{""activity"": 101, ""entity_id"": ""ac3508719a1d8f5b7614b798f70af136"", ""entity_type"": ""Seller"", ""sales_value"": 15410.66, ""opportunity_tier"": ""High Opportunity"", ""market_activity_score"": 83.27, ""revenue_headroom_score"": 15.84, ""customer_acceptance_score"": 92.81, ""revenue_opportunity_score"": 63.80, ""operational_readiness_score"": 74.86}"
18,"Consolidated Growth Opportunities",228,"{""activity"": 91, ""entity_id"": ""9616352088dcf83a7c06637f4ebf1c80"", ""entity_type"": ""Seller"", ""sales_value"": 7409.80, ""opportunity_tier"": ""High Opportunity"", ""market_activity_score"": 81.00, ""revenue_headroom_score"": 36.78, ""customer_acceptance_score"": 67.58, ""revenue_opportunity_score"": 63.67, ""operational_readiness_score"": 80.84}"
18,"Consolidated Growth Opportunities",229,"{""activity"": 45, ""entity_id"": ""6b90f847357d8981edd79a1eb1bf0acb"", ""entity_type"": ""Seller"", ""sales_value"": 4059.73, ""opportunity_tier"": ""High Opportunity"", ""market_activity_score"": 63.14, ""revenue_headroom_score"": 56.35, ""customer_acceptance_score"": 69.04, ""revenue_opportunity_score"": 63.66, ""operational_readiness_score"": 66.29}"
18,"Consolidated Growth Opportunities",230,"{""activity"": 14, ""entity_id"": ""5a425cc503b39b262a847fd6212bf53b"", ""entity_type"": ""Seller"", ""sales_value"": 1591.88, ""opportunity_tier"": ""High Opportunity"", ""market_activity_score"": 18.35, ""revenue_headroom_score"": 83.43, ""customer_acceptance_score"": 80.92, ""revenue_opportunity_score"": 63.62, ""operational_readiness_score"": 46.24}"
18,"Consolidated Growth Opportunities",231,"{""activity"": 23, ""entity_id"": ""5c853bb56f70f4d14218944bae111d7a"", ""entity_type"": ""Seller"", ""sales_value"": 514.19, ""opportunity_tier"": ""High Opportunity"", ""market_activity_score"": 40.66, ""revenue_headroom_score"": 99.35, ""customer_acceptance_score"": 24.90, ""revenue_opportunity_score"": 63.59, ""operational_readiness_score"": 80.84}"
18,"Consolidated Growth Opportunities",232,"{""activity"": 17, ""entity_id"": ""f1ed6bd0a9b11b581f16c851c6a5a527"", ""entity_type"": ""Seller"", ""sales_value"": 1996.58, ""opportunity_tier"": ""High Opportunity"", ""market_activity_score"": 27.24, ""revenue_headroom_score"": 76.39, ""customer_acceptance_score"": 75.59, ""revenue_opportunity_score"": 63.46, ""operational_readiness_score"": 55.13}"
18,"Consolidated Growth Opportunities",233,"{""activity"": 21, ""entity_id"": ""679769a98cfcc6da877c8486ff1c13f3"", ""entity_type"": ""Seller"", ""sales_value"": 7467.39, ""opportunity_tier"": ""High Opportunity"", ""market_activity_score"": 36.62, ""revenue_headroom_score"": 36.46, ""customer_acceptance_score"": 89.25, ""revenue_opportunity_score"": 63.42, ""operational_readiness_score"": 80.84}"
18,"Consolidated Growth Opportunities",234,"{""activity"": 79, ""entity_id"": ""1bb2bdb95f4841f1bba2c0d2cd83d3c9"", ""entity_type"": ""Seller"", ""sales_value"": 6023.93, ""opportunity_tier"": ""High Opportunity"", ""market_activity_score"": 77.85, ""revenue_headroom_score"": 42.28, ""customer_acceptance_score"": 92.24, ""revenue_opportunity_score"": 63.39, ""operational_readiness_score"": 45.43}"
18,"Consolidated Growth Opportunities",235,"{""activity"": 87, ""entity_id"": ""0509040ea3fe50071181bbc359eb7738"", ""entity_type"": ""Seller"", ""sales_value"": 5099.25, ""opportunity_tier"": ""High Opportunity"", ""market_activity_score"": 80.03, ""revenue_headroom_score"": 47.86, ""customer_acceptance_score"": 82.62, ""revenue_opportunity_score"": 63.35, ""operational_readiness_score"": 48.83}"
18,"Consolidated Growth Opportunities",236,"{""activity"": 17, ""entity_id"": ""d354c38a7182125a748cb10474fe963b"", ""entity_type"": ""Seller"", ""sales_value"": 1793.71, ""opportunity_tier"": ""High Opportunity"", ""market_activity_score"": 27.24, ""revenue_headroom_score"": 80.11, ""customer_acceptance_score"": 71.22, ""revenue_opportunity_score"": 63.27, ""operational_readiness_score"": 55.13}"
18,"Consolidated Growth Opportunities",237,"{""activity"": 85, ""entity_id"": ""dbd66278cbfe1aa1000f90a217ca4695"", ""entity_type"": ""Seller"", ""sales_value"": 6472.77, ""opportunity_tier"": ""High Opportunity"", ""market_activity_score"": 79.39, ""revenue_headroom_score"": 39.85, ""customer_acceptance_score"": 85.37, ""revenue_opportunity_score"": 63.26, ""operational_readiness_score"": 55.13}"
18,"Consolidated Growth Opportunities",238,"{""activity"": 17, ""entity_id"": ""768a86e36ad6aae3d03ee3c6433d61df"", ""entity_type"": ""Seller"", ""sales_value"": 767.70, ""opportunity_tier"": ""High Opportunity"", ""market_activity_score"": 27.24, ""revenue_headroom_score"": 96.36, ""customer_acceptance_score"": 93.78, ""revenue_opportunity_score"": 63.25, ""operational_readiness_score"": 8.49}"
18,"Consolidated Growth Opportunities",239,"{""activity"": 31, ""entity_id"": ""4e06067cc08b3f41d837768d392c3ee3"", ""entity_type"": ""Seller"", ""sales_value"": 1514.25, ""opportunity_tier"": ""High Opportunity"", ""market_activity_score"": 50.69, ""revenue_headroom_score"": 85.29, ""customer_acceptance_score"": 39.85, ""revenue_opportunity_score"": 63.25, ""operational_readiness_score"": 72.43}"
18,"Consolidated Growth Opportunities",240,"{""activity"": 10, ""entity_id"": ""5b2e94f2c22b39ccc24d34ad0f669672"", ""entity_type"": ""Seller"", ""sales_value"": 1340.14, ""opportunity_tier"": ""High Opportunity"", ""market_activity_score"": 0.00, ""revenue_headroom_score"": 87.55, ""customer_acceptance_score"": 98.87, ""revenue_opportunity_score"": 63.20, ""operational_readiness_score"": 29.10}"
18,"Consolidated Growth Opportunities",241,"{""activity"": 22, ""entity_id"": ""730937bf88cb151eb2eb849f642fc213"", ""entity_type"": ""Seller"", ""sales_value"": 3277.17, ""opportunity_tier"": ""High Opportunity"", ""market_activity_score"": 38.72, ""revenue_headroom_score"": 62.00, ""customer_acceptance_score"": 74.94, ""revenue_opportunity_score"": 63.18, ""operational_readiness_score"": 65.16}"
18,"Consolidated Growth Opportunities",242,"{""activity"": 149, ""entity_id"": ""6cd68b3ed6d59aaa9fece558ad360c0a"", ""entity_type"": ""Seller"", ""sales_value"": 13718.46, ""opportunity_tier"": ""High Opportunity"", ""market_activity_score"": 89.49, ""revenue_headroom_score"": 19.08, ""customer_acceptance_score"": 80.76, ""revenue_opportunity_score"": 63.06, ""operational_readiness_score"": 78.74}"
18,"Consolidated Growth Opportunities",243,"{""activity"": 28, ""entity_id"": ""d1ef48b38baca7e831711c4a0aeb398f"", ""entity_type"": ""Seller"", ""sales_value"": 2091.77, ""opportunity_tier"": ""High Opportunity"", ""market_activity_score"": 46.89, ""revenue_headroom_score"": 75.67, ""customer_acceptance_score"": 89.09, ""revenue_opportunity_score"": 62.99, ""operational_readiness_score"": 26.11}"
18,"Consolidated Growth Opportunities",244,"{""activity"": 27, ""entity_id"": ""5f5b43b2bffa8656e4bc6efeb13cc649"", ""entity_type"": ""Seller"", ""sales_value"": 4232.65, ""opportunity_tier"": ""High Opportunity"", ""market_activity_score"": 45.68, ""revenue_headroom_score"": 54.81, ""customer_acceptance_score"": 74.86, ""revenue_opportunity_score"": 62.99, ""operational_readiness_score"": 68.96}"
18,"Consolidated Growth Opportunities",245,"{""activity"": 79, ""entity_id"": ""080199a181c46c657dc5aa235411be3b"", ""entity_type"": ""Seller"", ""sales_value"": 15544.88, ""opportunity_tier"": ""High Opportunity"", ""market_activity_score"": 77.85, ""revenue_headroom_score"": 15.60, ""customer_acceptance_score"": 91.35, ""revenue_opportunity_score"": 62.94, ""operational_readiness_score"": 76.72}"
18,"Consolidated Growth Opportunities",246,"{""activity"": 29, ""entity_id"": ""1b938a7ec6ac5061a66a3766e0e75f90"", ""entity_type"": ""Seller"", ""sales_value"": 4719.45, ""opportunity_tier"": ""High Opportunity"", ""market_activity_score"": 48.10, ""revenue_headroom_score"": 50.44, ""customer_acceptance_score"": 75.83, ""revenue_opportunity_score"": 62.86, ""operational_readiness_score"": 71.06}"
18,"Consolidated Growth Opportunities",247,"{""activity"": 31, ""entity_id"": ""01fd077212124329bac32490e8ef80d9"", ""entity_type"": ""Seller"", ""sales_value"": 1783.36, ""opportunity_tier"": ""High Opportunity"", ""market_activity_score"": 50.69, ""revenue_headroom_score"": 80.44, ""customer_acceptance_score"": 43.33, ""revenue_opportunity_score"": 62.84, ""operational_readiness_score"": 72.43}"
18,"Consolidated Growth Opportunities",248,"{""activity"": 15, ""entity_id"": ""3a734b715d333a2588a3d54a0c9b8746"", ""entity_type"": ""Seller"", ""sales_value"": 2469.82, ""opportunity_tier"": ""High Opportunity"", ""market_activity_score"": 21.42, ""revenue_headroom_score"": 70.49, ""customer_acceptance_score"": 86.50, ""revenue_opportunity_score"": 62.80, ""operational_readiness_score"": 49.96}"
18,"Consolidated Growth Opportunities",249,"{""activity"": 31, ""entity_id"": ""9baf5cb77970f539089d09a38bcec5c3"", ""entity_type"": ""Seller"", ""sales_value"": 6521.34, ""opportunity_tier"": ""High Opportunity"", ""market_activity_score"": 50.69, ""revenue_headroom_score"": 39.69, ""customer_acceptance_score"": 76.80, ""revenue_opportunity_score"": 62.76, ""operational_readiness_score"": 80.84}"
18,"Consolidated Growth Opportunities",250,"{""activity"": 97, ""entity_id"": ""9d4db00d65d7760644ac0c14edb5fd86"", ""entity_type"": ""Seller"", ""sales_value"": 11355.30, ""opportunity_tier"": ""High Opportunity"", ""market_activity_score"": 82.78, ""revenue_headroom_score"": 24.01, ""customer_acceptance_score"": 87.07, ""revenue_opportunity_score"": 62.72, ""operational_readiness_score"": 67.91}"
18,"Consolidated Growth Opportunities",251,"{""activity"": 10, ""entity_id"": ""41b86b552e54e3a7009596125aa8b167"", ""entity_type"": ""Seller"", ""sales_value"": 1829.91, ""opportunity_tier"": ""High Opportunity"", ""market_activity_score"": 0.00, ""revenue_headroom_score"": 79.55, ""customer_acceptance_score"": 61.76, ""revenue_opportunity_score"": 62.60, ""operational_readiness_score"": 80.84}"
18,"Consolidated Growth Opportunities",252,"{""activity"": 63, ""entity_id"": ""520b493b57809f446cb0a233bb3e25c7"", ""entity_type"": ""Seller"", ""sales_value"": 4762.87, ""opportunity_tier"": ""High Opportunity"", ""market_activity_score"": 72.35, ""revenue_headroom_score"": 50.04, ""customer_acceptance_score"": 61.03, ""revenue_opportunity_score"": 62.53, ""operational_readiness_score"": 73.40}"
18,"Consolidated Growth Opportunities",253,"{""activity"": 22, ""entity_id"": ""8fdca8e349553f99bc738833a62c8802"", ""entity_type"": ""Seller"", ""sales_value"": 1370.22, ""opportunity_tier"": ""High Opportunity"", ""market_activity_score"": 38.72, ""revenue_headroom_score"": 87.07, ""customer_acceptance_score"": 47.53, ""revenue_opportunity_score"": 62.48, ""operational_readiness_score"": 65.16}"
18,"Consolidated Growth Opportunities",254,"{""activity"": 14, ""entity_id"": ""5a413ade68e8f8d93071a7f52a64cb9e"", ""entity_type"": ""Seller"", ""sales_value"": 932.67, ""opportunity_tier"": ""High Opportunity"", ""market_activity_score"": 18.35, ""revenue_headroom_score"": 93.94, ""customer_acceptance_score"": 92.97, ""revenue_opportunity_score"": 62.44, ""operational_readiness_score"": 14.47}"
18,"Consolidated Growth Opportunities",255,"{""activity"": 17, ""entity_id"": ""5bc24d989e71e93c33e50a7782431b0e"", ""entity_type"": ""Seller"", ""sales_value"": 3736.53, ""opportunity_tier"": ""High Opportunity"", ""market_activity_score"": 27.24, ""revenue_headroom_score"": 58.69, ""customer_acceptance_score"": 68.39, ""revenue_opportunity_score"": 62.42, ""operational_readiness_score"": 80.84}"
18,"Consolidated Growth Opportunities",256,"{""activity"": 46, ""entity_id"": ""efcd8d2104f1a05d028af7bad20d974b"", ""entity_type"": ""Seller"", ""sales_value"": 3225.10, ""opportunity_tier"": ""High Opportunity"", ""market_activity_score"": 63.86, ""revenue_headroom_score"": 62.49, ""customer_acceptance_score"": 48.34, ""revenue_opportunity_score"": 62.37, ""operational_readiness_score"": 78.17}"
18,"Consolidated Growth Opportunities",257,"{""activity"": 15, ""entity_id"": ""e601b04acf48b4576e73ddca9481f0dc"", ""entity_type"": ""Seller"", ""sales_value"": 702.94, ""opportunity_tier"": ""High Opportunity"", ""market_activity_score"": 21.42, ""revenue_headroom_score"": 97.25, ""customer_acceptance_score"": 32.34, ""revenue_opportunity_score"": 62.30, ""operational_readiness_score"": 80.84}"
18,"Consolidated Growth Opportunities",258,"{""activity"": 12, ""entity_id"": ""1660ad786c27fd935378b6192a90b417"", ""entity_type"": ""Seller"", ""sales_value"": 1818.28, ""opportunity_tier"": ""High Opportunity"", ""market_activity_score"": 10.35, ""revenue_headroom_score"": 79.71, ""customer_acceptance_score"": 89.89, ""revenue_opportunity_score"": 62.30, ""operational_readiness_score"": 39.45}"
18,"Consolidated Growth Opportunities",259,"{""activity"": 12, ""entity_id"": ""bbaff50f3b708fda865918715276cd87"", ""entity_type"": ""Seller"", ""sales_value"": 651.77, ""opportunity_tier"": ""High Opportunity"", ""market_activity_score"": 10.35, ""revenue_headroom_score"": 97.98, ""customer_acceptance_score"": 96.20, ""revenue_opportunity_score"": 62.23, ""operational_readiness_score"": 9.70}"
18,"Consolidated Growth Opportunities",260,"{""activity"": 157, ""entity_id"": ""b76dba6c951ab00dc4edf0a1aa88037e"", ""entity_type"": ""Seller"", ""sales_value"": 4827.34, ""opportunity_tier"": ""High Opportunity"", ""market_activity_score"": 90.38, ""revenue_headroom_score"": 49.56, ""customer_acceptance_score"": 51.58, ""revenue_opportunity_score"": 62.23, ""operational_readiness_score"": 73.32}"
18,"Consolidated Growth Opportunities",261,"{""activity"": 34, ""entity_id"": ""b90e891671cffd9557f33a97dc523645"", ""entity_type"": ""Seller"", ""sales_value"": 5081.31, ""opportunity_tier"": ""High Opportunity"", ""market_activity_score"": 53.92, ""revenue_headroom_score"": 48.18, ""customer_acceptance_score"": 64.92, ""revenue_opportunity_score"": 62.23, ""operational_readiness_score"": 80.84}"
18,"Consolidated Growth Opportunities",262,"{""activity"": 11, ""entity_id"": ""7a2d2949aea47fab95fd98d6c9f618b1"", ""entity_type"": ""Seller"", ""sales_value"": 1850.23, ""opportunity_tier"": ""High Opportunity"", ""market_activity_score"": 5.01, ""revenue_headroom_score"": 79.22, ""customer_acceptance_score"": 58.12, ""revenue_opportunity_score"": 62.17, ""operational_readiness_score"": 80.84}"
18,"Consolidated Growth Opportunities",263,"{""activity"": 103, ""entity_id"": ""42b729f859728f5079499127a9c2ef37"", ""entity_type"": ""Seller"", ""sales_value"": 5396.92, ""opportunity_tier"": ""High Opportunity"", ""market_activity_score"": 83.59, ""revenue_headroom_score"": 46.16, ""customer_acceptance_score"": 83.10, ""revenue_opportunity_score"": 62.13, ""operational_readiness_score"": 43.25}"
18,"Consolidated Growth Opportunities",264,"{""activity"": 60, ""entity_id"": ""91f848e9f4be368f4318775aac733370"", ""entity_type"": ""Seller"", ""sales_value"": 6862.49, ""opportunity_tier"": ""High Opportunity"", ""market_activity_score"": 70.74, ""revenue_headroom_score"": 38.80, ""customer_acceptance_score"": 73.00, ""revenue_opportunity_score"": 62.10, ""operational_readiness_score"": 71.79}"
18,"Consolidated Growth Opportunities",265,"{""activity"": 77, ""entity_id"": ""d921b68bf747894be13a97ae52b0f386"", ""entity_type"": ""Seller"", ""sales_value"": 17403.81, ""opportunity_tier"": ""High Opportunity"", ""market_activity_score"": 76.96, ""revenue_headroom_score"": 13.58, ""customer_acceptance_score"": 88.04, ""revenue_opportunity_score"": 62.10, ""operational_readiness_score"": 80.27}"
18,"Consolidated Growth Opportunities",266,"{""activity"": 10, ""entity_id"": ""8603f0038fe0e52fedd3382d266723de"", ""entity_type"": ""Seller"", ""sales_value"": 2845.12, ""opportunity_tier"": ""High Opportunity"", ""market_activity_score"": 0.00, ""revenue_headroom_score"": 66.29, ""customer_acceptance_score"": 73.24, ""revenue_opportunity_score"": 62.07, ""operational_readiness_score"": 80.84}"
18,"Consolidated Growth Opportunities",267,"{""activity"": 15, ""entity_id"": ""f1fd5ab1181f827ffad998c1a5de7d74"", ""entity_type"": ""Seller"", ""sales_value"": 7877.96, ""opportunity_tier"": ""High Opportunity"", ""market_activity_score"": 21.42, ""revenue_headroom_score"": 34.60, ""customer_acceptance_score"": 94.18, ""revenue_opportunity_score"": 62.06, ""operational_readiness_score"": 80.84}"
18,"Consolidated Growth Opportunities",268,"{""activity"": 15, ""entity_id"": ""04aba03279157f6d4e0fe8ccaf21963c"", ""entity_type"": ""Seller"", ""sales_value"": 2735.23, ""opportunity_tier"": ""High Opportunity"", ""market_activity_score"": 21.42, ""revenue_headroom_score"": 67.91, ""customer_acceptance_score"": 86.50, ""revenue_opportunity_score"": 62.03, ""operational_readiness_score"": 49.96}"
18,"Consolidated Growth Opportunities",269,"{""activity"": 11, ""entity_id"": ""47efca563408aae19bb7206c2d969ea9"", ""entity_type"": ""Seller"", ""sales_value"": 2791.55, ""opportunity_tier"": ""High Opportunity"", ""market_activity_score"": 5.01, ""revenue_headroom_score"": 67.02, ""customer_acceptance_score"": 69.77, ""revenue_opportunity_score"": 62.00, ""operational_readiness_score"": 80.84}"
18,"Consolidated Growth Opportunities",270,"{""activity"": 66, ""entity_id"": ""9d5a9018aee56acb367ba9c3f05d1d6a"", ""entity_type"": ""Seller"", ""sales_value"": 11791.39, ""opportunity_tier"": ""High Opportunity"", ""market_activity_score"": 73.73, ""revenue_headroom_score"": 23.12, ""customer_acceptance_score"": 80.11, ""revenue_opportunity_score"": 62.00, ""operational_readiness_score"": 79.87}"
18,"Consolidated Growth Opportunities",271,"{""activity"": 41, ""entity_id"": ""43f8c9950d11ecd03a0304a49e010da6"", ""entity_type"": ""Seller"", ""sales_value"": 4807.22, ""opportunity_tier"": ""High Opportunity"", ""market_activity_score"": 59.90, ""revenue_headroom_score"": 49.64, ""customer_acceptance_score"": 88.36, ""revenue_opportunity_score"": 61.88, ""operational_readiness_score"": 46.00}"
18,"Consolidated Growth Opportunities",272,"{""activity"": 36, ""entity_id"": ""bd4889b5e9133b35b66e42a8665cea5c"", ""entity_type"": ""Seller"", ""sales_value"": 7256.54, ""opportunity_tier"": ""High Opportunity"", ""market_activity_score"": 56.02, ""revenue_headroom_score"": 37.51, ""customer_acceptance_score"": 73.24, ""revenue_opportunity_score"": 61.84, ""operational_readiness_score"": 80.84}"
18,"Consolidated Growth Opportunities",273,"{""activity"": 10, ""entity_id"": ""fb3cfbc8a86f5d7fbb4d36b8df63f60d"", ""entity_type"": ""Seller"", ""sales_value"": 1225.06, ""opportunity_tier"": ""High Opportunity"", ""market_activity_score"": 0.00, ""revenue_headroom_score"": 89.65, ""customer_acceptance_score"": 48.59, ""revenue_opportunity_score"": 61.68, ""operational_readiness_score"": 80.84}"
18,"Consolidated Growth Opportunities",274,"{""activity"": 55, ""entity_id"": ""1b8356dabde1d35e17cef975c3f82730"", ""entity_type"": ""Seller"", ""sales_value"": 4336.63, ""opportunity_tier"": ""High Opportunity"", ""market_activity_score"": 68.39, ""revenue_headroom_score"": 53.68, ""customer_acceptance_score"": 51.41, ""revenue_opportunity_score"": 61.63, ""operational_readiness_score"": 79.39}"
18,"Consolidated Growth Opportunities",275,"{""activity"": 105, ""entity_id"": ""33a6f4b1e7cdc205511e76ba1b6e0186"", ""entity_type"": ""Seller"", ""sales_value"": 12183.91, ""opportunity_tier"": ""High Opportunity"", ""market_activity_score"": 83.83, ""revenue_headroom_score"": 22.31, ""customer_acceptance_score"": 75.26, ""revenue_opportunity_score"": 61.59, ""operational_readiness_score"": 78.98}"
18,"Consolidated Growth Opportunities",276,"{""activity"": 58, ""entity_id"": ""c864036feaab8c1659f65ea4faebe1da"", ""entity_type"": ""Seller"", ""sales_value"": 12299.77, ""opportunity_tier"": ""High Opportunity"", ""market_activity_score"": 70.01, ""revenue_headroom_score"": 22.07, ""customer_acceptance_score"": 89.01, ""revenue_opportunity_score"": 61.59, ""operational_readiness_score"": 71.06}"
18,"Consolidated Growth Opportunities",277,"{""activity"": 133, ""entity_id"": ""12b9676b00f60f3b700e83af21824c0e"", ""entity_type"": ""Seller"", ""sales_value"": 29901.67, ""opportunity_tier"": ""High Opportunity"", ""market_activity_score"": 87.95, ""revenue_headroom_score"": 7.84, ""customer_acceptance_score"": 86.74, ""revenue_opportunity_score"": 61.58, ""operational_readiness_score"": 80.03}"
18,"Consolidated Growth Opportunities",278,"{""activity"": 21, ""entity_id"": ""b347677812ea483b0f528eaf8cbc09b7"", ""entity_type"": ""Seller"", ""sales_value"": 8051.34, ""opportunity_tier"": ""High Opportunity"", ""market_activity_score"": 36.62, ""revenue_headroom_score"": 33.55, ""customer_acceptance_score"": 85.93, ""revenue_opportunity_score"": 61.55, ""operational_readiness_score"": 80.84}"
18,"Consolidated Growth Opportunities",279,"{""activity"": 59, ""entity_id"": ""f7720c4fa8e3aba4546301ab80ea1f1b"", ""entity_type"": ""Seller"", ""sales_value"": 3360.79, ""opportunity_tier"": ""High Opportunity"", ""market_activity_score"": 70.33, ""revenue_headroom_score"": 61.20, ""customer_acceptance_score"": 57.15, ""revenue_opportunity_score"": 61.54, ""operational_readiness_score"": 61.92}"
18,"Consolidated Growth Opportunities",280,"{""activity"": 234, ""entity_id"": ""0ea22c1cfbdc755f86b9b54b39c16043"", ""entity_type"": ""Seller"", ""sales_value"": 14824.08, ""opportunity_tier"": ""High Opportunity"", ""market_activity_score"": 94.42, ""revenue_headroom_score"": 16.81, ""customer_acceptance_score"": 74.78, ""revenue_opportunity_score"": 61.53, ""operational_readiness_score"": 79.55}"
18,"Consolidated Growth Opportunities",281,"{""activity"": 54, ""entity_id"": ""2dee2ce60de9709b1a24083217181a1f"", ""entity_type"": ""Seller"", ""sales_value"": 9844.56, ""opportunity_tier"": ""High Opportunity"", ""market_activity_score"": 68.07, ""revenue_headroom_score"": 27.49, ""customer_acceptance_score"": 77.28, ""revenue_opportunity_score"": 61.45, ""operational_readiness_score"": 79.22}"
18,"Consolidated Growth Opportunities",282,"{""activity"": 16, ""entity_id"": ""4736e9d642ef4257cd7622516931eb51"", ""entity_type"": ""Seller"", ""sales_value"": 1449.77, ""opportunity_tier"": ""High Opportunity"", ""market_activity_score"": 24.25, ""revenue_headroom_score"": 85.93, ""customer_acceptance_score"": 39.21, ""revenue_opportunity_score"": 61.39, ""operational_readiness_score"": 80.84}"
18,"Consolidated Growth Opportunities",283,"{""activity"": 23, ""entity_id"": ""6426d21aca402a131fc0a5d0960a3c90"", ""entity_type"": ""Seller"", ""sales_value"": 1593.82, ""opportunity_tier"": ""High Opportunity"", ""market_activity_score"": 40.66, ""revenue_headroom_score"": 83.35, ""customer_acceptance_score"": 45.19, ""revenue_opportunity_score"": 61.37, ""operational_readiness_score"": 66.86}"
18,"Consolidated Growth Opportunities",284,"{""activity"": 78, ""entity_id"": ""744dac408745240a2c2528fb1b6028f3"", ""entity_type"": ""Seller"", ""sales_value"": 24200.40, ""opportunity_tier"": ""High Opportunity"", ""market_activity_score"": 77.61, ""revenue_headroom_score"": 9.38, ""customer_acceptance_score"": 89.41, ""revenue_opportunity_score"": 61.37, ""operational_readiness_score"": 80.36}"
18,"Consolidated Growth Opportunities",285,"{""activity"": 16, ""entity_id"": ""3092c0b297aacfb4bb6e056ebe13b9b8"", ""entity_type"": ""Seller"", ""sales_value"": 1498.28, ""opportunity_tier"": ""High Opportunity"", ""market_activity_score"": 24.25, ""revenue_headroom_score"": 85.69, ""customer_acceptance_score"": 39.21, ""revenue_opportunity_score"": 61.32, ""operational_readiness_score"": 80.84}"
18,"Consolidated Growth Opportunities",286,"{""activity"": 71, ""entity_id"": ""30a2f535bb48308f991d0b9ad4a8c4bb"", ""entity_type"": ""Seller"", ""sales_value"": 5815.36, ""opportunity_tier"": ""High Opportunity"", ""market_activity_score"": 75.67, ""revenue_headroom_score"": 43.09, ""customer_acceptance_score"": 60.47, ""revenue_opportunity_score"": 61.27, ""operational_readiness_score"": 75.42}"
18,"Consolidated Growth Opportunities",287,"{""activity"": 45, ""entity_id"": ""f680f85bee2d253556ac91be391d2c82"", ""entity_type"": ""Seller"", ""sales_value"": 6077.34, ""opportunity_tier"": ""High Opportunity"", ""market_activity_score"": 63.14, ""revenue_headroom_score"": 41.71, ""customer_acceptance_score"": 65.97, ""revenue_opportunity_score"": 61.20, ""operational_readiness_score"": 77.69}"
18,"Consolidated Growth Opportunities",288,"{""activity"": 14, ""entity_id"": ""2953ce3a88f5e3c3b696d77fc9e4c8eb"", ""entity_type"": ""Seller"", ""sales_value"": 631.32, ""opportunity_tier"": ""High Opportunity"", ""market_activity_score"": 18.35, ""revenue_headroom_score"": 98.14, ""customer_acceptance_score"": 92.97, ""revenue_opportunity_score"": 61.16, ""operational_readiness_score"": 4.28}"
18,"Consolidated Growth Opportunities",289,"{""activity"": 168, ""entity_id"": ""d98eec89afa3380e14463da2aabaea72"", ""entity_type"": ""Seller"", ""sales_value"": 10225.31, ""opportunity_tier"": ""High Opportunity"", ""market_activity_score"": 91.43, ""revenue_headroom_score"": 26.43, ""customer_acceptance_score"": 67.34, ""revenue_opportunity_score"": 61.15, ""operational_readiness_score"": 77.20}"
18,"Consolidated Growth Opportunities",290,"{""activity"": 53, ""entity_id"": ""a5cba26a62b8b4d0145b68b841e62e7f"", ""entity_type"": ""Seller"", ""sales_value"": 15785.77, ""opportunity_tier"": ""High Opportunity"", ""market_activity_score"": 67.58, ""revenue_headroom_score"": 15.28, ""customer_acceptance_score"": 88.84, ""revenue_opportunity_score"": 61.14, ""operational_readiness_score"": 79.06}"
18,"Consolidated Growth Opportunities",291,"{""activity"": 13, ""entity_id"": ""9d7a1d34a5052409006425275ba1c2b4"", ""entity_type"": ""Seller"", ""sales_value"": 1331.87, ""opportunity_tier"": ""High Opportunity"", ""market_activity_score"": 15.44, ""revenue_headroom_score"": 87.71, ""customer_acceptance_score"": 72.11, ""revenue_opportunity_score"": 61.10, ""operational_readiness_score"": 43.33}"
18,"Consolidated Growth Opportunities",292,"{""activity"": 22, ""entity_id"": ""093805f8f2aeb63881444571e1f48f30"", ""entity_type"": ""Seller"", ""sales_value"": 1559.73, ""opportunity_tier"": ""High Opportunity"", ""market_activity_score"": 38.72, ""revenue_headroom_score"": 84.07, ""customer_acceptance_score"": 45.92, ""revenue_opportunity_score"": 61.10, ""operational_readiness_score"": 65.16}"
18,"Consolidated Growth Opportunities",293,"{""activity"": 21, ""entity_id"": ""1c40343cc5d18c2d8248ac2f3366de34"", ""entity_type"": ""Seller"", ""sales_value"": 2839.42, ""opportunity_tier"": ""High Opportunity"", ""market_activity_score"": 36.62, ""revenue_headroom_score"": 66.37, ""customer_acceptance_score"": 91.67, ""revenue_opportunity_score"": 61.09, ""operational_readiness_score"": 32.74}"
18,"Consolidated Growth Opportunities",294,"{""activity"": 61, ""entity_id"": ""b6d44737c043328708f6749c2dbe50bd"", ""entity_type"": ""Seller"", ""sales_value"": 6834.01, ""opportunity_tier"": ""High Opportunity"", ""market_activity_score"": 70.98, ""revenue_headroom_score"": 39.05, ""customer_acceptance_score"": 86.10, ""revenue_opportunity_score"": 61.00, ""operational_readiness_score"": 51.25}"
18,"Consolidated Growth Opportunities",295,"{""activity"": 49, ""entity_id"": ""138dbe45fc62f1e244378131a6801526"", ""entity_type"": ""Seller"", ""sales_value"": 1814.80, ""opportunity_tier"": ""High Opportunity"", ""market_activity_score"": 65.56, ""revenue_headroom_score"": 79.87, ""customer_acceptance_score"": 33.87, ""revenue_opportunity_score"": 60.99, ""operational_readiness_score"": 68.15}"
18,"Consolidated Growth Opportunities",296,"{""activity"": 11, ""entity_id"": ""d1b9d4be4b6f9ebd85f8acd6745ba612"", ""entity_type"": ""Seller"", ""sales_value"": 1348.53, ""opportunity_tier"": ""High Opportunity"", ""market_activity_score"": 5.01, ""revenue_headroom_score"": 87.31, ""customer_acceptance_score"": 45.92, ""revenue_opportunity_score"": 60.93, ""operational_readiness_score"": 80.84}"
18,"Consolidated Growth Opportunities",297,"{""activity"": 136, ""entity_id"": ""259f7b5e6e482c230e5bfaa670b6bb8f"", ""entity_type"": ""Seller"", ""sales_value"": 11087.42, ""opportunity_tier"": ""High Opportunity"", ""market_activity_score"": 88.36, ""revenue_headroom_score"": 24.74, ""customer_acceptance_score"": 69.04, ""revenue_opportunity_score"": 60.91, ""operational_readiness_score"": 78.09}"
18,"Consolidated Growth Opportunities",298,"{""activity"": 12, ""entity_id"": ""5b85809efd0d0e4dea1a9544e1280ed9"", ""entity_type"": ""Seller"", ""sales_value"": 2097.36, ""opportunity_tier"": ""High Opportunity"", ""market_activity_score"": 10.35, ""revenue_headroom_score"": 75.59, ""customer_acceptance_score"": 54.73, ""revenue_opportunity_score"": 60.86, ""operational_readiness_score"": 80.84}"
18,"Consolidated Growth Opportunities",299,"{""activity"": 22, ""entity_id"": ""f615fe7efbef0f4f08fd3086bc7a3e60"", ""entity_type"": ""Seller"", ""sales_value"": 2431.08, ""opportunity_tier"": ""High Opportunity"", ""market_activity_score"": 38.72, ""revenue_headroom_score"": 71.14, ""customer_acceptance_score"": 83.75, ""revenue_opportunity_score"": 60.84, ""operational_readiness_score"": 34.28}"
18,"Consolidated Growth Opportunities",300,"{""activity"": 86, ""entity_id"": ""0df3984f9dfb3d49ac6366acbd3bbb85"", ""entity_type"": ""Seller"", ""sales_value"": 11374.54, ""opportunity_tier"": ""High Opportunity"", ""market_activity_score"": 79.63, ""revenue_headroom_score"": 23.93, ""customer_acceptance_score"": 72.03, ""revenue_opportunity_score"": 60.84, ""operational_readiness_score"": 80.44}"
18,"Consolidated Growth Opportunities",301,"{""activity"": 17, ""entity_id"": ""d25aa0aaacb370e912f8cf6efeba38b3"", ""entity_type"": ""Seller"", ""sales_value"": 3373.13, ""opportunity_tier"": ""High Opportunity"", ""market_activity_score"": 27.24, ""revenue_headroom_score"": 61.12, ""customer_acceptance_score"": 81.89, ""revenue_opportunity_score"": 60.77, ""operational_readiness_score"": 55.13}"
18,"Consolidated Growth Opportunities",302,"{""activity"": 24, ""entity_id"": ""2199e7fe213c16213bf5d6a7eadc9a5d"", ""entity_type"": ""Seller"", ""sales_value"": 4309.10, ""opportunity_tier"": ""High Opportunity"", ""market_activity_score"": 42.12, ""revenue_headroom_score"": 54.08, ""customer_acceptance_score"": 71.22, ""revenue_opportunity_score"": 60.76, ""operational_readiness_score"": 67.42}"
18,"Consolidated Growth Opportunities",303,"{""activity"": 42, ""entity_id"": ""3d8fa2f5b647373c8620330c4e077a9f"", ""entity_type"": ""Seller"", ""sales_value"": 4295.72, ""opportunity_tier"": ""High Opportunity"", ""market_activity_score"": 60.71, ""revenue_headroom_score"": 54.41, ""customer_acceptance_score"": 53.35, ""revenue_opportunity_score"": 60.74, ""operational_readiness_score"": 77.20}"
18,"Consolidated Growth Opportunities",304,"{""activity"": 25, ""entity_id"": ""ed4311e67debd72b8610a5347a743087"", ""entity_type"": ""Seller"", ""sales_value"": 4342.81, ""opportunity_tier"": ""High Opportunity"", ""market_activity_score"": 43.17, ""revenue_headroom_score"": 53.52, ""customer_acceptance_score"": 91.92, ""revenue_opportunity_score"": 60.68, ""operational_readiness_score"": 42.28}"
18,"Consolidated Growth Opportunities",305,"{""activity"": 106, ""entity_id"": ""febab0275244b9a49a623f0bd613ca2f"", ""entity_type"": ""Seller"", ""sales_value"": 10001.31, ""opportunity_tier"": ""High Opportunity"", ""market_activity_score"": 83.99, ""revenue_headroom_score"": 26.92, ""customer_acceptance_score"": 78.90, ""revenue_opportunity_score"": 60.47, ""operational_readiness_score"": 64.51}"
18,"Consolidated Growth Opportunities",306,"{""activity"": 10, ""entity_id"": ""68f86ba270525243e68ae74044f992b9"", ""entity_type"": ""Seller"", ""sales_value"": 964.20, ""opportunity_tier"": ""High Opportunity"", ""market_activity_score"": 0.00, ""revenue_headroom_score"": 93.45, ""customer_acceptance_score"": 83.75, ""revenue_opportunity_score"": 60.44, ""operational_readiness_score"": 29.10}"
18,"Consolidated Growth Opportunities",307,"{""activity"": 63, ""entity_id"": ""5b925e1d006e9476d738aa200751b73b"", ""entity_type"": ""Seller"", ""sales_value"": 8801.84, ""opportunity_tier"": ""High Opportunity"", ""market_activity_score"": 72.35, ""revenue_headroom_score"": 30.40, ""customer_acceptance_score"": 91.03, ""revenue_opportunity_score"": 60.42, ""operational_readiness_score"": 52.55}"
18,"Consolidated Growth Opportunities",308,"{""activity"": 12, ""entity_id"": ""3969863bb8af7f72580b3b1ffd3a17b3"", ""entity_type"": ""Seller"", ""sales_value"": 850.02, ""opportunity_tier"": ""High Opportunity"", ""market_activity_score"": 10.35, ""revenue_headroom_score"": 94.83, ""customer_acceptance_score"": 33.95, ""revenue_opportunity_score"": 60.40, ""operational_readiness_score"": 80.84}"
18,"Consolidated Growth Opportunities",309,"{""activity"": 27, ""entity_id"": ""0885aaf116795758dfeb5f1032487bcd"", ""entity_type"": ""Seller"", ""sales_value"": 3072.14, ""opportunity_tier"": ""High Opportunity"", ""market_activity_score"": 45.68, ""revenue_headroom_score"": 63.86, ""customer_acceptance_score"": 56.83, ""revenue_opportunity_score"": 60.30, ""operational_readiness_score"": 68.96}"
18,"Consolidated Growth Opportunities",310,"{""activity"": 56, ""entity_id"": ""8a130737016f838139d31878787a39c9"", ""entity_type"": ""Seller"", ""sales_value"": 5064.32, ""opportunity_tier"": ""High Opportunity"", ""market_activity_score"": 68.88, ""revenue_headroom_score"": 48.34, ""customer_acceptance_score"": 79.55, ""revenue_opportunity_score"": 60.26, ""operational_readiness_score"": 46.24}"
18,"Consolidated Growth Opportunities",311,"{""activity"": 63, ""entity_id"": ""b372ee768ed69e46ca8cdbd267aa7a38"", ""entity_type"": ""Seller"", ""sales_value"": 13813.84, ""opportunity_tier"": ""High Opportunity"", ""market_activity_score"": 72.35, ""revenue_headroom_score"": 18.67, ""customer_acceptance_score"": 78.66, ""revenue_opportunity_score"": 60.26, ""operational_readiness_score"": 80.84}"
18,"Consolidated Growth Opportunities",312,"{""activity"": 148, ""entity_id"": ""5cf13accae3222c70a9cac40818ae839"", ""entity_type"": ""Seller"", ""sales_value"": 17296.18, ""opportunity_tier"": ""High Opportunity"", ""market_activity_score"": 89.33, ""revenue_headroom_score"": 13.74, ""customer_acceptance_score"": 82.46, ""revenue_opportunity_score"": 60.17, ""operational_readiness_score"": 71.62}"
18,"Consolidated Growth Opportunities",313,"{""activity"": 25, ""entity_id"": ""1dc2de47ee26a0a5b12dc14fd6dc0dea"", ""entity_type"": ""Seller"", ""sales_value"": 2287.50, ""opportunity_tier"": ""High Opportunity"", ""market_activity_score"": 43.17, ""revenue_headroom_score"": 72.92, ""customer_acceptance_score"": 88.20, ""revenue_opportunity_score"": 60.15, ""operational_readiness_score"": 21.34}"
18,"Consolidated Growth Opportunities",314,"{""activity"": 17, ""entity_id"": ""87d30a6a0cbf89356e49324971ab1d24"", ""entity_type"": ""Seller"", ""sales_value"": 2349.91, ""opportunity_tier"": ""High Opportunity"", ""market_activity_score"": 27.24, ""revenue_headroom_score"": 72.51, ""customer_acceptance_score"": 68.39, ""revenue_opportunity_score"": 60.14, ""operational_readiness_score"": 55.13}"
18,"Consolidated Growth Opportunities",315,"{""activity"": 10, ""entity_id"": ""26af45f5dfd967225a832838aa4e24a3"", ""entity_type"": ""Seller"", ""sales_value"": 771.61, ""opportunity_tier"": ""High Opportunity"", ""market_activity_score"": 0.00, ""revenue_headroom_score"": 96.28, ""customer_acceptance_score"": 36.46, ""revenue_opportunity_score"": 60.03, ""operational_readiness_score"": 80.84}"
18,"Consolidated Growth Opportunities",316,"{""activity"": 13, ""entity_id"": ""51702dc2a3e106c76dbff722b5bf0726"", ""entity_type"": ""Seller"", ""sales_value"": 3287.04, ""opportunity_tier"": ""High Opportunity"", ""market_activity_score"": 15.44, ""revenue_headroom_score"": 61.92, ""customer_acceptance_score"": 63.06, ""revenue_opportunity_score"": 60.02, ""operational_readiness_score"": 80.84}"
18,"Consolidated Growth Opportunities",317,"{""activity"": 221, ""entity_id"": ""alimentos_bebidas"", ""entity_type"": ""Product Category"", ""sales_value"": 19337.77, ""opportunity_tier"": ""High Opportunity"", ""market_activity_score"": 20.00, ""revenue_headroom_score"": 94.00, ""customer_acceptance_score"": 96.00, ""revenue_opportunity_score"": 79.50, ""operational_readiness_score"": 78.00}"
18,"Consolidated Growth Opportunities",318,"{""activity"": 235, ""entity_id"": ""fashion_calcados"", ""entity_type"": ""Product Category"", ""sales_value"": 27814.83, ""opportunity_tier"": ""High Opportunity"", ""market_activity_score"": 26.00, ""revenue_headroom_score"": 84.00, ""customer_acceptance_score"": 92.00, ""revenue_opportunity_score"": 75.70, ""operational_readiness_score"": 76.00}"
18,"Consolidated Growth Opportunities",319,"{""activity"": 496, ""entity_id"": ""livros_interesse_geral"", ""entity_type"": ""Product Category"", ""sales_value"": 54182.54, ""opportunity_tier"": ""High Opportunity"", ""market_activity_score"": 50.00, ""revenue_headroom_score"": 70.00, ""customer_acceptance_score"": 100.00, ""revenue_opportunity_score"": 73.50, ""operational_readiness_score"": 60.00}"
18,"Consolidated Growth Opportunities",320,"{""activity"": 1019, ""entity_id"": ""malas_acessorios"", ""entity_type"": ""Product Category"", ""sales_value"": 168778.12, ""opportunity_tier"": ""High Opportunity"", ""market_activity_score"": 62.00, ""revenue_headroom_score"": 44.00, ""customer_acceptance_score"": 94.00, ""revenue_opportunity_score"": 72.20, ""operational_readiness_score"": 86.00}"
18,"Consolidated Growth Opportunities",321,"{""activity"": 287, ""entity_id"": ""bebidas"", ""entity_type"": ""Product Category"", ""sales_value"": 26971.11, ""opportunity_tier"": ""High Opportunity"", ""market_activity_score"": 38.00, ""revenue_headroom_score"": 90.00, ""customer_acceptance_score"": 58.00, ""revenue_opportunity_score"": 68.60, ""operational_readiness_score"": 74.00}"
18,"Consolidated Growth Opportunities",322,"{""activity"": 747, ""entity_id"": ""eletrodomesticos"", ""entity_type"": ""Product Category"", ""sales_value"": 93301.78, ""opportunity_tier"": ""High Opportunity"", ""market_activity_score"": 58.00, ""revenue_headroom_score"": 54.00, ""customer_acceptance_score"": 84.00, ""revenue_opportunity_score"": 67.60, ""operational_readiness_score"": 70.00}"
18,"Consolidated Growth Opportunities",323,"{""activity"": 609, ""entity_id"": ""eletroportateis"", ""entity_type"": ""Product Category"", ""sales_value"": 198108.47, ""opportunity_tier"": ""High Opportunity"", ""market_activity_score"": 52.00, ""revenue_headroom_score"": 40.00, ""customer_acceptance_score"": 86.00, ""revenue_opportunity_score"": 66.10, ""operational_readiness_score"": 82.00}"
18,"Consolidated Growth Opportunities",324,"{""activity"": 274, ""entity_id"": ""market_place"", ""entity_type"": ""Product Category"", ""sales_value"": 33114.38, ""opportunity_tier"": ""High Opportunity"", ""market_activity_score"": 36.00, ""revenue_headroom_score"": 80.00, ""customer_acceptance_score"": 36.00, ""revenue_opportunity_score"": 63.20, ""operational_readiness_score"": 92.00}"
18,"Consolidated Growth Opportunities",325,"{""activity"": 256, ""entity_id"": ""livros_tecnicos"", ""entity_type"": ""Product Category"", ""sales_value"": 22901.07, ""opportunity_tier"": ""High Opportunity"", ""market_activity_score"": 34.00, ""revenue_headroom_score"": 92.00, ""customer_acceptance_score"": 98.00, ""revenue_opportunity_score"": 63.10, ""operational_readiness_score"": 4.00}"
18,"Consolidated Growth Opportunities",326,"{""activity"": 138, ""entity_id"": ""sinalizacao_e_seguranca"", ""entity_type"": ""Product Category"", ""sales_value"": 27792.59, ""opportunity_tier"": ""High Opportunity"", ""market_activity_score"": 6.00, ""revenue_headroom_score"": 86.00, ""customer_acceptance_score"": 50.00, ""revenue_opportunity_score"": 62.70, ""operational_readiness_score"": 84.00}"
18,"Consolidated Growth Opportunities",327,"{""activity"": 1688, ""entity_id"": ""pet_shop"", ""entity_type"": ""Product Category"", ""sales_value"": 250614.20, ""opportunity_tier"": ""High Opportunity"", ""market_activity_score"": 66.00, ""revenue_headroom_score"": 32.00, ""customer_acceptance_score"": 76.00, ""revenue_opportunity_score"": 62.30, ""operational_readiness_score"": 80.00}"
18,"Consolidated Growth Opportunities",328,"{""activity"": 1820, ""entity_id"": ""fashion_bolsas_e_acessorios"", ""entity_type"": ""Product Category"", ""sales_value"": 179888.29, ""opportunity_tier"": ""High Opportunity"", ""market_activity_score"": 68.00, ""revenue_headroom_score"": 42.00, ""customer_acceptance_score"": 70.00, ""revenue_opportunity_score"": 61.80, ""operational_readiness_score"": 72.00}"
18,"Consolidated Growth Opportunities",329,"{""activity"": 190, ""entity_id"": ""construcao_ferramentas_jardim"", ""entity_type"": ""Product Category"", ""sales_value"": 30283.94, ""opportunity_tier"": ""High Opportunity"", ""market_activity_score"": 14.00, ""revenue_headroom_score"": 82.00, ""customer_acceptance_score"": 56.00, ""revenue_opportunity_score"": 60.00, ""operational_readiness_score"": 66.00}"
19,"Major Business Risk Indicators",1,"{""active_customers"": 93358, ""eligible_sellers"": 1238, ""one_time_customers"": 90557, ""average_review_score"": 4.16, ""average_delivery_days"": 12.56, ""reviewed_delivered_orders"": 95832, ""one_time_customer_percentage"": 97.00, ""top_10_seller_sales_percentage"": 14.19}"
20,"Risk Prioritisation",1,"{""risk"": ""Customer Retention"", ""priority_rank"": 1, ""evidence_value"": 97.00, ""priority_label"": ""Highest Evidence Priority"", ""business_impact"": ""High"", ""evidence_definition"": ""Percentage of active customers with exactly one delivered order"", ""priority_methodology"": ""Priority is based on relative ranking of the four evidence values; retention impact retains established 30%/50% thresholds.""}"
20,"Risk Prioritisation",2,"{""risk"": ""Delivery Performance"", ""priority_rank"": 2, ""evidence_value"": 49.92, ""priority_label"": ""Second Evidence Priority"", ""business_impact"": ""Relative evidence level"", ""evidence_definition"": ""Percentage of eligible sellers below the median seller on-time delivery rate"", ""priority_methodology"": ""Priority is based on relative ranking of the four evidence values; retention impact retains established 30%/50% thresholds.""}"
20,"Risk Prioritisation",3,"{""risk"": ""Customer Satisfaction"", ""priority_rank"": 3, ""evidence_value"": 21.06, ""priority_label"": ""Lower Evidence Priority"", ""business_impact"": ""Relative evidence level"", ""evidence_definition"": ""Percentage of delivered reviewed orders with an average review score below 3.5"", ""priority_methodology"": ""Priority is based on relative ranking of the four evidence values; retention impact retains established 30%/50% thresholds.""}"
20,"Risk Prioritisation",4,"{""risk"": ""Seller Risk"", ""priority_rank"": 4, ""evidence_value"": 9.13, ""priority_label"": ""Lower Evidence Priority"", ""business_impact"": ""Relative evidence level"", ""evidence_definition"": ""Percentage of eligible sellers classified as High or Moderate Risk in Q14"", ""priority_methodology"": ""Priority is based on relative ranking of the four evidence values; retention impact retains established 30%/50% thresholds.""}"
25,"Final Executive Business Review Dataset",1,"{""metric"": ""Active Customers"", ""entity_type"": null, ""entity_count"": null, ""evidence_group"": ""Business Health"", ""evidence_value"": 93357, ""average_opportunity_score"": null, ""highest_opportunity_score"": null}"
25,"Final Executive Business Review Dataset",2,"{""metric"": ""Average Customer Lifetime Value"", ""entity_type"": null, ""entity_count"": null, ""evidence_group"": ""Business Health"", ""evidence_value"": 165.20, ""average_opportunity_score"": null, ""highest_opportunity_score"": null}"
25,"Final Executive Business Review Dataset",3,"{""metric"": ""Average Delivery Time"", ""entity_type"": null, ""entity_count"": null, ""evidence_group"": ""Business Health"", ""evidence_value"": 12.56, ""average_opportunity_score"": null, ""highest_opportunity_score"": null}"
25,"Final Executive Business Review Dataset",4,"{""metric"": ""Average Order Value"", ""entity_type"": null, ""entity_count"": null, ""evidence_group"": ""Business Health"", ""evidence_value"": 159.86, ""average_opportunity_score"": null, ""highest_opportunity_score"": null}"
25,"Final Executive Business Review Dataset",5,"{""metric"": ""Average Review Score"", ""entity_type"": null, ""entity_count"": null, ""evidence_group"": ""Business Health"", ""evidence_value"": 4.16, ""average_opportunity_score"": null, ""highest_opportunity_score"": null}"
25,"Final Executive Business Review Dataset",6,"{""metric"": ""Repeat Purchase Rate"", ""entity_type"": null, ""entity_count"": null, ""evidence_group"": ""Business Health"", ""evidence_value"": 3.00, ""average_opportunity_score"": null, ""highest_opportunity_score"": null}"
25,"Final Executive Business Review Dataset",7,"{""metric"": ""Total Delivered Orders"", ""entity_type"": null, ""entity_count"": null, ""evidence_group"": ""Business Health"", ""evidence_value"": 96478, ""average_opportunity_score"": null, ""highest_opportunity_score"": null}"
25,"Final Executive Business Review Dataset",8,"{""metric"": ""Total Revenue"", ""entity_type"": null, ""entity_count"": null, ""evidence_group"": ""Business Health"", ""evidence_value"": 15422461.77, ""average_opportunity_score"": null, ""highest_opportunity_score"": null}"
25,"Final Executive Business Review Dataset",9,"{""metric"": ""Eligible product categories"", ""entity_type"": ""Product Category"", ""entity_count"": 51, ""evidence_group"": ""Growth Opportunity"", ""evidence_value"": null, ""average_opportunity_score"": 49.99, ""highest_opportunity_score"": 79.50}"
25,"Final Executive Business Review Dataset",10,"{""metric"": ""Eligible sellers"", ""entity_type"": ""Seller"", ""entity_count"": 1238, ""evidence_group"": ""Growth Opportunity"", ""evidence_value"": null, ""average_opportunity_score"": 49.30, ""highest_opportunity_score"": 87.41}"
